area	id	audit_status	verdict	commits	test	evidence
core+micro	ClientTLSConfig	missing	closed	52cdb6c fc9fb98	nats/tests/test_client_parity.py::TLSCallbacksTest::test_client_tls_config; nats/tests/test_client_parity.py::TLSCallbacksTest::test_tls_callbacks_run_on_every_handshake	connect(tls_cert_cb=, tls_roots_cb=) nats/src/nats/aio/client.py:558-559 build a fresh SSLContext before every handshake in _handshake_ssl_context nats/src/nats/aio/client.py:1985 (used by _connect_tls nats/src/nats/aio/client.py:2125); ClientTLSConfig(cert_cb, roots_cb) dataclass nats/src/nats/aio/client.py:191 accepted as connect(client_tls_config=) nats/src/nats/aio/client.py:560,833-839 (added by fc9fb98)
core+micro	Compression	missing	closed	871f116	nats/tests/test_client_parity.py::WebSocketOptionsTest::test_ws_compression; nats/tests/test_client_parity.py::WebSocketCompressionTest::test_pub_sub_with_compression	connect(ws_compression=True) nats/src/nats/aio/client.py:2110 -> WebSocketTransport compress=15 (permessage-deflate) nats/src/nats/aio/transport.py:281,299,322; off by default
core+micro	Conn.AuthRequired	missing	closed	27eafd3	nats/tests/test_client_parity.py::RedactedUrlTest::test_connected_url_redacted; nats/tests/test_client_parity.py::IntrospectionTest::test_server_info_accessors	Client.auth_required property nats/src/nats/aio/client.py:1753
core+micro	Conn.Barrier	missing	closed	27eafd3	nats/tests/test_client_parity.py::IntrospectionTest::test_barrier; nats/tests/test_client_parity.py::IntrospectionTest::test_barrier_without_subscriptions	Client.barrier(fn) nats/src/nats/aio/client.py:1815 queues a _Barrier marker nats/src/nats/aio/subscription.py:43 behind pending msgs of callback subs
core+micro	Conn.ClosedHandler	missing	closed	ec8d2f0	nats/tests/test_client_parity.py::CallbacksTest::test_set_callbacks_after_connect	Client.closed_cb property nats/src/nats/aio/client.py:2608
core+micro	Conn.ConnectedAddr	missing	closed	27eafd3	nats/tests/test_client_parity.py::IntrospectionTest::test_server_info_accessors; nats/tests/test_client_parity.py::WebSocketIntrospectionTest::test_websocket_addresses	Client.connected_addr nats/src/nats/aio/client.py:1701 (peername via Transport.get_extra_info nats/src/nats/aio/transport.py:109)
core+micro	Conn.ConnectedClusterName	missing	closed	27eafd3	nats/tests/test_client_parity.py::IntrospectionTest::test_server_info_accessors	Client.connected_cluster_name nats/src/nats/aio/client.py:1728 (INFO 'cluster'; test only covers the None case)
core+micro	Conn.ConnectedDomain	missing	closed	27eafd3	nats/tests/test_client_parity.py::IntrospectionTest::test_server_info_accessors	Client.connected_domain nats/src/nats/aio/client.py:1733 (INFO 'domain'; test only covers the None case)
core+micro	Conn.ConnectedServerId	missing	closed	27eafd3	nats/tests/test_client_parity.py::IntrospectionTest::test_server_info_accessors	Client.connected_server_id nats/src/nats/aio/client.py:1718
core+micro	Conn.ConnectedServerJetStream	missing	closed	27eafd3	nats/tests/test_client_parity.py::IntrospectionTest::test_server_info_accessors	Client.connected_server_jetstream nats/src/nats/aio/client.py:1738 plus connected_server_api_level nats/src/nats/aio/client.py:1743
core+micro	Conn.ConnectedServerName	missing	closed	27eafd3	nats/tests/test_client_parity.py::IntrospectionTest::test_server_info_accessors	Client.connected_server_name nats/src/nats/aio/client.py:1723
core+micro	Conn.ConnectedUrlRedacted	missing	closed	27eafd3	nats/tests/test_client_parity.py::RedactedUrlTest::test_connected_url_redacted	Client.connected_url_redacted nats/src/nats/aio/client.py:1687 (password -> xxxxx)
core+micro	Conn.DisconnectErrHandler	missing	closed	ec8d2f0	nats/tests/test_client_parity.py::CallbacksTest::test_set_callbacks_after_connect	Client.disconnected_err_cb property nats/src/nats/aio/client.py:2600
core+micro	Conn.DiscoveredServersHandler	missing	closed	ec8d2f0	nats/tests/test_client_parity.py::CallbacksTest::test_set_callbacks_after_connect	Client.discovered_server_cb property nats/src/nats/aio/client.py:2612
core+micro	Conn.ErrorHandler	missing	closed	ec8d2f0	nats/tests/test_client_parity.py::CallbacksTest::test_set_callbacks_after_connect	Client.error_cb property nats/src/nats/aio/client.py:2589 (None when only the default logger is set)
core+micro	Conn.HeadersSupported	missing	closed	27eafd3	nats/tests/test_client_parity.py::IntrospectionTest::test_server_info_accessors	Client.headers_supported nats/src/nats/aio/client.py:1763
core+micro	Conn.IsSystemAccount	missing	closed	27eafd3	nats/tests/test_client_parity.py::IntrospectionTest::test_server_info_accessors	Client.is_system_account nats/src/nats/aio/client.py:1748 (INFO acc_is_sys; test only covers False)
core+micro	Conn.LocalAddr	missing	closed	27eafd3	nats/tests/test_client_parity.py::IntrospectionTest::test_server_info_accessors; nats/tests/test_client_parity.py::WebSocketIntrospectionTest::test_websocket_addresses	Client.local_addr nats/src/nats/aio/client.py:1708 (sockname via get_extra_info nats/src/nats/aio/transport.py:109,218,373)
core+micro	Conn.NewRespInbox	missing	closed	27eafd3	nats/tests/test_client_parity.py::IntrospectionTest::test_new_resp_inbox	Client.new_resp_inbox nats/src/nats/aio/client.py:1583 under the request-mux prefix _init_resp_sub_prefix nats/src/nats/aio/client.py:1477
core+micro	Conn.NumSubscriptions	missing	closed	27eafd3	nats/tests/test_client_parity.py::IntrospectionTest::test_server_info_accessors	Client.num_subscriptions nats/src/nats/aio/client.py:1768
core+micro	Conn.ReconnectHandler	missing	closed	ec8d2f0	nats/tests/test_client_parity.py::CallbacksTest::test_set_callbacks_after_connect	Client.reconnected_cb property nats/src/nats/aio/client.py:2604
core+micro	Conn.SetClosedHandler	missing	closed	ec8d2f0	nats/tests/test_client_parity.py::CallbacksTest::test_set_callbacks_after_connect	Client.set_closed_cb nats/src/nats/aio/client.py:2575
core+micro	Conn.SetDisconnectErrHandler	missing	closed	ec8d2f0	nats/tests/test_client_parity.py::CallbacksTest::test_set_callbacks_after_connect	Client.set_disconnected_err_cb nats/src/nats/aio/client.py:2562
core+micro	Conn.SetDisconnectHandler	missing	closed	ec8d2f0	nats/tests/test_client_parity.py::CallbacksTest::test_set_callbacks_after_connect	Client.set_disconnected_cb nats/src/nats/aio/client.py:2557
core+micro	Conn.SetDiscoveredServersHandler	missing	closed	ec8d2f0	nats/tests/test_client_parity.py::CallbacksTest::test_set_callbacks_after_connect	Client.set_discovered_server_cb nats/src/nats/aio/client.py:2580
core+micro	Conn.SetErrorHandler	missing	closed	ec8d2f0	nats/tests/test_client_parity.py::CallbacksTest::test_set_callbacks_after_connect	Client.set_error_cb nats/src/nats/aio/client.py:2549 (also reaches subscriptions made earlier)
core+micro	Conn.SetReconnectHandler	missing	closed	ec8d2f0	nats/tests/test_client_parity.py::CallbacksTest::test_set_callbacks_after_connect	Client.set_reconnected_cb nats/src/nats/aio/client.py:2570
core+micro	Conn.TLSConnectionState	missing	closed	27eafd3	nats/tests/test_client_parity.py::TLSIntrospectionTest::test_tls_connection_state; nats/tests/test_client_parity.py::IntrospectionTest::test_server_info_accessors	Client.tls_connection_state() nats/src/nats/aio/client.py:1803 returns the ssl.SSLObject; ConnectionNotTLSError/DisconnectedError otherwise
core+micro	Conn.TLSRequired	missing	closed	27eafd3	nats/tests/test_client_parity.py::TLSIntrospectionTest::test_tls_connection_state; nats/tests/test_client_parity.py::IntrospectionTest::test_server_info_accessors	Client.tls_required nats/src/nats/aio/client.py:1758
core+micro	ConnectHandler	missing	closed	ec8d2f0	nats/tests/test_client_parity.py::CallbacksTest::test_connected_cb_on_first_connect_only; nats/tests/test_client_parity.py::RetryOnFailedConnectTest::test_retry_on_failed_connect	connect(connected_cb=) nats/src/nats/aio/client.py:544,752; called after the first connection only nats/src/nats/aio/client.py:917,2480
core+micro	CustomReconnectDelay	missing	closed	ab4f8c9	nats/tests/test_client_parity.py::ReconnectDelayTest::test_custom_reconnect_delay_cb_once_per_pass; nats/tests/test_client_parity.py::ReconnectDelayTest::test_custom_reconnect_delay_cb_without_reconnect_time_wait	connect(custom_reconnect_delay_cb=) nats/src/nats/aio/client.py:551,825; _reconnect_pass_backoff nats/src/nats/aio/client.py:2188 (8b3c28d) calls it once per pass over the pool before the pass's last server, ignoring reconnect_time_wait, skipped for force_reconnect (nats/src/nats/aio/client.py:2169-2170, _reconnect_delay nats/src/nats/aio/client.py:2202); per-pass semantics fixed by 8b3c28d
core+micro	DisconnectErrHandler	partial	closed	ec8d2f0	nats/tests/test_client_parity.py::CallbacksTest::test_disconnected_err_cb	connect(disconnected_err_cb=) nats/src/nats/aio/client.py:545,753 receives the disconnect error (None on user close) via _notify_disconnected nats/src/nats/aio/client.py:2534; replaces disconnected_cb as in nats.go
core+micro	ErrAccountAuthExpired	partial	closed	daff1d2	nats/tests/test_client_parity.py::ServerErrorMappingTest::test_account_auth_expired_reconnects	AccountAuthExpiredError nats/src/nats/errors.py:233 (subclass of AuthenticationExpiredError) raised by _process_err nats/src/nats/aio/client.py:2230-2231 and _server_error nats/src/nats/aio/client.py:338-339
core+micro	ErrAuthRevoked	partial	closed	daff1d2	nats/tests/test_client_parity.py::LiveAuthErrorTest::test_auth_revoked_reconnects; nats/tests/test_client_parity.py::ServerErrorMappingTest::test_auth_revoked_reconnects_then_closes	AuthRevokedError nats/src/nats/errors.py:256 via _server_error nats/src/nats/aio/client.py:342-343, handled as an auth error by _process_err nats/src/nats/aio/client.py:2236-2239 -> _process_auth_err nats/src/nats/aio/client.py:2266 (reconnect/abort semantics from 89f34a6)
core+micro	ErrBadHeaderMsg	partial	closed	243fffb	nats/tests/test_client_parity.py::ClientErrorsTest::test_bad_header_msg	BadHeaderMsgError nats/src/nats/errors.py:171 passed to error_cb with the parse error as __cause__ nats/src/nats/aio/client.py:2830-2833
core+micro	ErrBadQueueName	partial	closed	243fffb	nats/tests/test_client_parity.py::ClientErrorsTest::test_bad_queue_name	BadQueueNameError nats/src/nats/errors.py:156 (subclass of BadSubjectError) raised by _validate_queue nats/src/nats/aio/client.py:162
core+micro	ErrClientCertOrRootCAsRequired	missing	closed	fc9fb98	nats/tests/test_client_parity.py::TLSCallbacksTest::test_client_tls_config	ClientCertOrRootCAsRequiredError nats/src/nats/errors.py:101 raised by connect(client_tls_config=ClientTLSConfig()) with neither callback nats/src/nats/aio/client.py:833-835
core+micro	ErrClientIDNotSupported	partial	closed	27eafd3	nats/tests/test_client_parity.py::FakeServerInfoTest::test_client_id_and_ip_not_supported	ClientIDNotSupportedError nats/src/nats/errors.py:111 raised by Client.get_client_id() nats/src/nats/aio/client.py:1781-1790 when INFO has no client_id (verified ad hoc against a fake server; repo tests only cover the success/closed paths)
core+micro	ErrClientIPNotSupported	partial	closed	27eafd3	nats/tests/test_client_parity.py::FakeServerInfoTest::test_client_id_and_ip_not_supported	ClientIPNotSupportedError nats/src/nats/errors.py:116 raised by Client.get_client_ip() nats/src/nats/aio/client.py:1792-1801 when INFO has no client_ip (verified ad hoc against a fake server; repo tests only cover the success/closed paths)
core+micro	ErrConnectionNotTLS	missing	closed	27eafd3	nats/tests/test_client_parity.py::IntrospectionTest::test_server_info_accessors; nats/tests/test_client_parity.py::WebSocketIntrospectionTest::test_websocket_addresses	ConnectionNotTLSError nats/src/nats/errors.py:96 raised by tls_connection_state() nats/src/nats/aio/client.py:1812
core+micro	ErrDisconnected	missing	closed	243fffb	nats/tests/test_client_parity.py::ClientErrorsTest::test_rtt_while_reconnecting; nats/tests/test_client_parity.py::IntrospectionTest::test_server_info_accessors	DisconnectedError nats/src/nats/errors.py:121 raised by rtt() while reconnecting nats/src/nats/aio/client.py:1636 and tls_connection_state() when not connected nats/src/nats/aio/client.py:1809
core+micro	ErrHeadersNotSupported	missing	closed	243fffb	nats/tests/test_client_parity.py::FakeServerErrorsTest::test_headers_not_supported	HeadersNotSupportedError nats/src/nats/errors.py:126 raised by publish with headers when INFO lacks headers nats/src/nats/aio/client.py:1357-1358
core+micro	ErrInvalidArg	missing	closed	94c1828	nats/tests/test_client_parity.py::SubscriptionTest::test_pending_limits_and_dropped	InvalidArgError nats/src/nats/errors.py:212 raised by Subscription.set_pending_limits with a zero limit nats/src/nats/aio/subscription.py:221-222
core+micro	ErrInvalidMsg	missing	closed	98894e7	nats/tests/test_client_parity.py::MsgTest::test_respond_msg	InvalidMsgError nats/src/nats/errors.py:426 raised by Msg.respond_msg(None) nats/src/nats/aio/msg.py:179-180
core+micro	ErrMaxAccountConnectionsExceeded	partial	closed	daff1d2	nats/tests/test_client_parity.py::ServerErrorMappingTest::test_max_account_connections_error	MaxAccountConnectionsExceededError nats/src/nats/errors.py:310 from _server_error nats/src/nats/aio/client.py:348-349, used for live -ERR nats/src/nats/aio/client.py:2243 and at connect nats/src/nats/aio/client.py:3150,3166
core+micro	ErrMaxConnectionsExceeded	partial	closed	daff1d2	nats/tests/test_client_parity.py::FakeServerErrorsTest::test_max_connections_exceeded_on_connect	MaxConnectionsExceededError nats/src/nats/errors.py:299 from _server_error nats/src/nats/aio/client.py:350-351, raised at connect nats/src/nats/aio/client.py:3166 (test added by 2726186)
core+micro	ErrMaxMessages	missing	closed	243fffb	nats/tests/test_client_parity.py::ClientErrorsTest::test_max_messages	MaxMessagesError nats/src/nats/errors.py:202 raised by next_msg once the auto-unsubscribe limit was delivered and drained nats/src/nats/aio/subscription.py:311-312
core+micro	ErrMaxSubscriptionsExceeded	partial	closed	daff1d2	nats/tests/test_client_parity.py::MaxSubscriptionsTest::test_max_subscriptions_exceeded_keeps_connection	MaxSubscriptionsExceededError nats/src/nats/errors.py:288 from _server_error nats/src/nats/aio/client.py:346-347; reported to error_cb without closing nats/src/nats/aio/client.py:2246-2253
core+micro	ErrMixingWebsocketSchemes	partial	closed	243fffb	nats/tests/test_client_parity.py::ClientErrorsTest::test_mixing_websocket_schemes	MixingWebsocketSchemesError nats/src/nats/errors.py:141 raised by _setup_server_pool nats/src/nats/aio/client.py:2091-2096
core+micro	ErrMsgNoReply	partial	closed	243fffb	nats/tests/test_client_parity.py::ClientErrorsTest::test_msg_respond_errors; nats/tests/test_client_parity.py::MsgTest::test_respond_msg	MsgNoReplyError nats/src/nats/errors.py:439 (class from 6ad0d36) raised by Msg.respond nats/src/nats/aio/msg.py:165-166 and respond_msg nats/src/nats/aio/msg.py:181-182
core+micro	ErrMsgNotBound	partial	closed	243fffb	nats/tests/test_client_parity.py::ClientErrorsTest::test_msg_respond_errors	MsgNotBoundError nats/src/nats/errors.py:448 (class from 6ad0d36) raised by Msg.respond nats/src/nats/aio/msg.py:167-168 and respond_msg nats/src/nats/aio/msg.py:183-184
core+micro	ErrNkeyAndUser	missing	closed	bb51bd9	nats/tests/test_client_parity.py::AuthOptionErrorsTest::test_conflicting_auth_options	NkeyAndUserError nats/src/nats/errors.py:356 raised by _check_auth_options nats/src/nats/aio/client.py:963-965
core+micro	ErrNkeyButNoSigCB	missing	closed	bb51bd9	nats/tests/test_client_parity.py::AuthOptionErrorsTest::test_conflicting_auth_options	NkeyButNoSigCBError nats/src/nats/errors.py:361 raised by _check_auth_options nats/src/nats/aio/client.py:966-967
core+micro	ErrNkeysNotSupported	missing	closed	bb51bd9	nats/tests/test_client_parity.py::NkeysNotSupportedTest::test_nkeys_not_supported	NkeysNotSupportedError nats/src/nats/errors.py:386 raised when nkey is set and INFO has no nonce nats/src/nats/aio/client.py:3109-3110
core+micro	ErrNoEchoNotSupported	missing	closed	243fffb	nats/tests/test_client_parity.py::FakeServerErrorsTest::test_no_echo_not_supported	NoEchoNotSupportedError nats/src/nats/errors.py:131 raised when no_echo and INFO proto < 1 nats/src/nats/aio/client.py:3112-3113
core+micro	ErrNoInfoReceived	partial	closed	daff1d2	nats/tests/test_client_parity.py::ServerErrorMappingTest::test_no_info_received	NoInfoReceivedError nats/src/nats/errors.py:401 raised when the first line is not INFO nats/src/nats/aio/client.py:3079-3081
core+micro	ErrNoUserCB	missing	closed	bb51bd9	nats/tests/test_client_parity.py::AuthOptionErrorsTest::test_conflicting_auth_options	NoUserCBError nats/src/nats/errors.py:371 raised by _check_auth_options nats/src/nats/aio/client.py:969-970,973-980
core+micro	ErrPermissionViolation	partial	closed	daff1d2	nats/tests/test_client_parity.py::ServerErrorsTest::test_permission_violation_error; nats/tests/test_client_parity.py::PermissionErrOnSubscribeTest::test_next_msg_raises_permission_error	PermissionViolationError nats/src/nats/errors.py:271 from _server_error nats/src/nats/aio/client.py:344-345; reported to error_cb without closing nats/src/nats/aio/client.py:2246-2253
core+micro	ErrSecureConnWanted	missing	closed	0f988bc	nats/tests/test_client.py::ClientSecureWantedTest::test_tls_scheme_against_server_without_tls; nats/tests/test_client.py::ClientSecureWantedTest::test_tls_context_against_server_without_tls	SecureConnWantedError nats/src/nats/errors.py:68 (class pre-existed, unused) now raised nats/src/nats/aio/client.py:3120-3121 instead of a plaintext fallback
core+micro	ErrSyncSubRequired	partial	closed	243fffb	nats/tests/test_client_parity.py::ClientErrorsTest::test_sync_sub_required	SyncSubRequiredError nats/src/nats/errors.py:192 raised by next_msg on a callback subscription nats/src/nats/aio/subscription.py:305-306
core+micro	ErrTLS	partial	closed	243fffb	nats/tests/test_client_parity.py::TLSErrorTest::test_tls_error; nats/tests/test_client_parity.py::TLSCallbacksTest::test_tls_roots_cb_replaces_system_roots	TLSError nats/src/nats/errors.py:78 (ssl.SSLError subclass; TLSCertVerificationError) raised by _connect_tls nats/src/nats/aio/client.py:2125-2146
core+micro	ErrTokenAlreadySet	missing	closed	bb51bd9	nats/tests/test_client_parity.py::AuthOptionErrorsTest::test_conflicting_auth_options	TokenAlreadySetError nats/src/nats/errors.py:376 raised for a token callback with a token in the URL nats/src/nats/aio/client.py:989-992
core+micro	ErrUserButNoSigCB	missing	closed	bb51bd9	nats/tests/test_client_parity.py::AuthOptionErrorsTest::test_conflicting_auth_options	UserButNoSigCBError nats/src/nats/errors.py:366 raised by _check_auth_options nats/src/nats/aio/client.py:971-972
core+micro	ErrUserInfoAlreadySet	missing	closed	bb51bd9	nats/tests/test_client_parity.py::AuthOptionErrorsTest::test_conflicting_auth_options; nats/tests/test_client_parity.py::UserInfoTest::test_user_info_cb_with_url_credentials	UserInfoAlreadySetError nats/src/nats/errors.py:381 raised for user_info_cb with user=/password= nats/src/nats/aio/client.py:981-982 and, since 6c82d6a, with user:pass in a server URL nats/src/nats/aio/client.py:983-988
core+micro	ErrWebSocketHeadersAlreadySet	missing	closed	871f116	nats/tests/test_client_parity.py::WebSocketOptionsTest::test_ws_connection_headers_cb	WebSocketHeadersAlreadySetError nats/src/nats/errors.py:136 raised nats/src/nats/aio/client.py:803-805
core+micro	FlusherTimeout	partial	closed	90e65cc	nats/tests/test_client_parity.py::FlusherTest::test_flusher_timeout_reconnects	connect(flusher_timeout=) nats/src/nats/aio/client.py:565,814; _flusher bounds drain() with it and raises FlushTimeoutError nats/src/nats/aio/client.py:3226-3230, reported to error_cb then reconnect
core+micro	Header.Add	missing	closed	98894e7	nats/tests/test_client_parity.py::MsgTest::test_add_header	Msg.add_header(key, value) nats/src/nats/aio/msg.py:125 keeps earlier values (list); publish sends one line per value
core+micro	Header.Values	missing	closed	98894e7	nats/tests/test_client_parity.py::MsgTest::test_multi_value_headers_and_size; nats/tests/test_client_parity.py::MsgTest::test_add_header	Msg.header_values(key) nats/src/nats/aio/msg.py:106 reads every value from the raw header block; headers dict unchanged (last value)
core+micro	IgnoreAuthErrorAbort	partial	closed	e797539	nats/tests/test_client_parity.py::AuthErrorAbortTest::test_ignore_auth_error_abort; nats/tests/test_client_parity.py::LiveAuthErrorTest::test_ignore_auth_error_abort_keeps_reconnecting; nats/tests/test_client_parity.py::AuthErrorAbortTest::test_abort_after_repeated_auth_error	connect(ignore_auth_error_abort=) nats/src/nats/aio/client.py:548; _abort_on_auth_error nats/src/nats/aio/client.py:2509 closes when the current server repeats the same auth error, unless set; live -ERR now goes through _process_auth_err nats/src/nats/aio/client.py:2266 (89f34a6): error_cb, then reconnect, abort on repeat
core+micro	IgnoreDiscoveredServers	missing	closed	a7f0fbe	nats/tests/test_client_parity.py::IgnoreDiscoveredServersTest::test_ignore_discovered_servers	connect(ignore_discovered_servers=) nats/src/nats/aio/client.py:554,829; _process_info skips connect_urls nats/src/nats/aio/client.py:3002
core+micro	Msg.RespondMsg	partial	closed	98894e7	nats/tests/test_client_parity.py::MsgTest::test_respond_msg	Msg.respond_msg(msg) nats/src/nats/aio/msg.py:174 publishes msg.data and msg.headers; Msg.respond(data, headers=) also sends its own headers nats/src/nats/aio/msg.py:158 (34079c2)
core+micro	Msg.Size	missing	closed	98894e7	nats/tests/test_client_parity.py::MsgTest::test_multi_value_headers_and_size	Msg.size nats/src/nats/aio/msg.py:90 (subject+reply+header block+data)
core+micro	NewInbox	partial	closed	27eafd3	nats/tests/test_client_parity.py::IntrospectionTest::test_new_inbox	module-level new_inbox(prefix) nats/src/nats/aio/client.py:360, exported as nats.new_inbox nats/src/nats/__init__.py:22
core+micro	Nkey	missing	closed	bb51bd9	nats/tests/test_client_parity.py::NkeyAuthTest::test_nkey_with_signature_cb	connect(nkey=public_key, signature_cb=) nats/src/nats/aio/client.py:555,782,866-868; CONNECT sends nkey+sig nats/src/nats/aio/client.py:2643; checked by _check_auth_options nats/src/nats/aio/client.py:944
core+micro	NoCallbacksAfterClientClose	missing	closed	ec8d2f0	nats/tests/test_client_parity.py::CallbacksTest::test_no_callbacks_after_client_close	connect(no_callbacks_after_client_close=) nats/src/nats/aio/client.py:547,820; close()/drain()/__aexit__ pass do_cbs=False nats/src/nats/aio/client.py:1156,1284,3305
core+micro	Options.Compression	missing	closed	871f116	nats/tests/test_client_parity.py::WebSocketOptionsTest::test_ws_compression; nats/tests/test_client_parity.py::WebSocketCompressionTest::test_pub_sub_with_compression	connect(ws_compression=True) nats/src/nats/aio/client.py:2110 -> WebSocketTransport compress=15 (permessage-deflate) nats/src/nats/aio/transport.py:281,299,322; off by default
core+micro	Options.ConnectedCB	missing	closed	ec8d2f0	nats/tests/test_client_parity.py::CallbacksTest::test_connected_cb_on_first_connect_only	connect(connected_cb=) nats/src/nats/aio/client.py:544,752; called nats/src/nats/aio/client.py:917,2480
core+micro	Options.CustomDialer	missing	closed	3c9d112	nats/tests/test_client_parity.py::CustomDialerTest::test_custom_dialer; nats/tests/test_client_parity.py::WebSocketCustomDialerTest::test_custom_dialer_websocket; nats/tests/test_client_parity.py::WebSocketTLSCustomDialerTest::test_custom_dialer_secure_websocket	connect(custom_dialer=async (host,port)->(reader,writer)) nats/src/nats/aio/client.py:564,813; TcpTransport.connect nats/src/nats/aio/transport.py:131 and, since 9999ab3, WebSocket via aiohttp DialerConnector nats/src/nats/aio/transport.py:224-245 (nats/src/nats/aio/client.py:2112,2115); used on every (re)connect
core+micro	Options.CustomReconnectDelayCB	missing	closed	ab4f8c9	nats/tests/test_client_parity.py::ReconnectDelayTest::test_custom_reconnect_delay_cb_once_per_pass; nats/tests/test_client_parity.py::ReconnectDelayTest::test_custom_reconnect_delay_cb	connect(custom_reconnect_delay_cb=) nats/src/nats/aio/client.py:551,825; _reconnect_pass_backoff nats/src/nats/aio/client.py:2188 (8b3c28d) calls it once per pass over the pool before the pass's last server, ignoring reconnect_time_wait, skipped for force_reconnect (nats/src/nats/aio/client.py:2169-2170, _reconnect_delay nats/src/nats/aio/client.py:2202); per-pass semantics fixed by 8b3c28d
core+micro	Options.DisconnectedErrCB	partial	closed	ec8d2f0	nats/tests/test_client_parity.py::CallbacksTest::test_disconnected_err_cb	connect(disconnected_err_cb=) nats/src/nats/aio/client.py:545,753 receives the disconnect error (None on user close) via _notify_disconnected nats/src/nats/aio/client.py:2534; replaces disconnected_cb as in nats.go
core+micro	Options.FlusherTimeout	partial	closed	90e65cc	nats/tests/test_client_parity.py::FlusherTest::test_flusher_timeout_reconnects	connect(flusher_timeout=) nats/src/nats/aio/client.py:565,814; _flusher bounds drain() with it and raises FlushTimeoutError nats/src/nats/aio/client.py:3226-3230, reported to error_cb then reconnect
core+micro	Options.IgnoreAuthErrorAbort	partial	closed	e797539	nats/tests/test_client_parity.py::AuthErrorAbortTest::test_ignore_auth_error_abort; nats/tests/test_client_parity.py::LiveAuthErrorTest::test_ignore_auth_error_abort_keeps_reconnecting	connect(ignore_auth_error_abort=) nats/src/nats/aio/client.py:548; _abort_on_auth_error nats/src/nats/aio/client.py:2509 closes when the current server repeats the same auth error, unless set; live -ERR now goes through _process_auth_err nats/src/nats/aio/client.py:2266 (89f34a6): error_cb, then reconnect, abort on repeat
core+micro	Options.IgnoreDiscoveredServers	missing	closed	a7f0fbe	nats/tests/test_client_parity.py::IgnoreDiscoveredServersTest::test_ignore_discovered_servers	connect(ignore_discovered_servers=) nats/src/nats/aio/client.py:554,829; _process_info skips connect_urls nats/src/nats/aio/client.py:3002
core+micro	Options.Nkey	missing	closed	bb51bd9	nats/tests/test_client_parity.py::NkeyAuthTest::test_nkey_with_signature_cb	connect(nkey=public_key, signature_cb=) nats/src/nats/aio/client.py:555,782,866-868; CONNECT sends nkey+sig nats/src/nats/aio/client.py:2643; checked by _check_auth_options nats/src/nats/aio/client.py:944
core+micro	Options.NoCallbacksAfterClientClose	missing	closed	ec8d2f0	nats/tests/test_client_parity.py::CallbacksTest::test_no_callbacks_after_client_close	connect(no_callbacks_after_client_close=) nats/src/nats/aio/client.py:547,820; close()/drain()/__aexit__ pass do_cbs=False nats/src/nats/aio/client.py:1156,1284,3305
core+micro	Options.PermissionErrOnSubscribe	missing	closed	24d3ad2	nats/tests/test_client_parity.py::PermissionErrOnSubscribeTest::test_next_msg_raises_permission_error	connect(permission_err_on_subscribe=) nats/src/nats/aio/client.py:549,822; _process_permission_violation nats/src/nats/aio/client.py:2283 hands the PermissionViolationError to matching subs; next_msg/messages raise it nats/src/nats/aio/subscription.py:308-309,339
core+micro	Options.ProxyPath	partial	closed	871f116	nats/tests/test_client_parity.py::WebSocketOptionsTest::test_ws_proxy_path	connect(ws_proxy_path=) nats/src/nats/aio/client.py:563,810 -> WebSocketTransport._url nats/src/nats/aio/transport.py:284-289 replaces the path for every (incl. discovered) ws server
core+micro	Options.ReconnectErrCB	partial	closed	ec8d2f0	nats/tests/test_client_parity.py::CallbacksTest::test_reconnect_error_cb	connect(reconnect_error_cb=) nats/src/nats/aio/client.py:546,754 called for each failed reconnect attempt via _notify_reconnect_error nats/src/nats/aio/client.py:2540 (nats/src/nats/aio/client.py:2183,2493)
core+micro	Options.ReconnectJitter	missing	closed	ab4f8c9	nats/tests/test_client_parity.py::ReconnectDelayTest::test_reconnect_jitter	connect(reconnect_jitter=, reconnect_jitter_tls=) nats/src/nats/aio/client.py:552-553,826-827; _reconnect_delay adds random.random()*jitter, the TLS one for secure connections nats/src/nats/aio/client.py:2202-2217
core+micro	Options.ReconnectJitterTLS	missing	closed	ab4f8c9	nats/tests/test_client_parity.py::ReconnectDelayTest::test_reconnect_jitter	connect(reconnect_jitter=, reconnect_jitter_tls=) nats/src/nats/aio/client.py:552-553,826-827; _reconnect_delay adds random.random()*jitter, the TLS one for secure connections nats/src/nats/aio/client.py:2202-2217
core+micro	Options.ReconnectOnFlusherError	partial	closed	90e65cc	nats/tests/test_client_parity.py::FlusherTest::test_flusher_error_without_reconnect	connect(reconnect_on_flusher_error=True) nats/src/nats/aio/client.py:566,815; _flusher nats/src/nats/aio/client.py:3235: reconnect only when set, else records last_error and keeps running
core+micro	Options.RetryOnFailedConnect	partial	closed	9877bc9	nats/tests/test_client_parity.py::RetryOnFailedConnectTest::test_retry_on_failed_connect	connect(retry_on_failed_connect=) nats/src/nats/aio/client.py:550; nats/src/nats/aio/client.py:882-886 tries the pool once (_connect_to_pool_once nats/src/nats/aio/client.py:919) then returns and connects in the background via _attempt_reconnect(initial=True), firing connected_cb not reconnected_cb (nats/src/nats/aio/client.py:2478-2480)
core+micro	Options.RootCAsCB	missing	closed	52cdb6c	nats/tests/test_client_parity.py::TLSCallbacksTest::test_tls_callbacks_run_on_every_handshake; nats/tests/test_client_parity.py::TLSCallbacksTest::test_tls_roots_cb_replaces_system_roots	connect(tls_roots_cb=) nats/src/nats/aio/client.py:559,846; run on a new SSLContext (no system roots) every handshake nats/src/nats/aio/client.py:1997-1999
core+micro	Options.Secure	partial	closed	0f988bc	nats/tests/test_client.py::ClientSecureWantedTest::test_tls_scheme_against_server_without_tls; nats/tests/test_client.py::ClientSecureWantedTest::test_tls_context_against_server_without_tls	_secure_wanted nats/src/nats/aio/client.py:2004 (tls= context, tls_cert_cb/tls_roots_cb or tls:// URL) forces the TLS upgrade even when the server only offers tls_available, and raises SecureConnWantedError when the server has no TLS nats/src/nats/aio/client.py:3115-3127
core+micro	Options.SubChanLen	partial	closed	94c1828	nats/tests/test_client_parity.py::SubscriptionTest::test_connection_default_pending_limits	connect(sub_pending_msgs_limit=, sub_pending_bytes_limit=) nats/src/nats/aio/client.py:567-568,816-817 are the connection-wide defaults used by subscribe() nats/src/nats/aio/client.py:1441-1443
core+micro	Options.TLSCertCB	missing	closed	52cdb6c	nats/tests/test_client_parity.py::TLSCallbacksTest::test_tls_callbacks_run_on_every_handshake	connect(tls_cert_cb=) nats/src/nats/aio/client.py:558,845; run on a new SSLContext every handshake nats/src/nats/aio/client.py:2000-2001
core+micro	Options.WebSocketConnectionHeadersHandler	missing	closed	871f116	nats/tests/test_client_parity.py::WebSocketOptionsTest::test_ws_connection_headers_cb	connect(ws_connection_headers_cb=) nats/src/nats/aio/client.py:561,803-808, called on every handshake nats/src/nats/aio/transport.py:383-389; WebSocketHeadersAlreadySetError when combined with ws_connection_headers
core+micro	PermissionErrOnSubscribe	missing	closed	24d3ad2	nats/tests/test_client_parity.py::PermissionErrOnSubscribeTest::test_next_msg_raises_permission_error; nats/tests/test_client_parity.py::PermissionErrOnSubscribeTest::test_disabled_by_default	connect(permission_err_on_subscribe=) nats/src/nats/aio/client.py:549,822; _process_permission_violation nats/src/nats/aio/client.py:2283 hands the PermissionViolationError to matching subs; next_msg/messages raise it nats/src/nats/aio/subscription.py:308-309,339
core+micro	ProxyPath	partial	closed	871f116	nats/tests/test_client_parity.py::WebSocketOptionsTest::test_ws_proxy_path	connect(ws_proxy_path=) nats/src/nats/aio/client.py:563,810 -> WebSocketTransport._url nats/src/nats/aio/transport.py:284-289 replaces the path for every (incl. discovered) ws server
core+micro	ReconnectErrHandler	partial	closed	ec8d2f0	nats/tests/test_client_parity.py::CallbacksTest::test_reconnect_error_cb; nats/tests/test_client_parity.py::AuthErrorAbortTest::test_abort_after_repeated_auth_error	connect(reconnect_error_cb=) nats/src/nats/aio/client.py:546,754 called for each failed reconnect attempt via _notify_reconnect_error nats/src/nats/aio/client.py:2540 (nats/src/nats/aio/client.py:2183,2493)
core+micro	ReconnectJitter	missing	closed	ab4f8c9	nats/tests/test_client_parity.py::ReconnectDelayTest::test_reconnect_jitter	connect(reconnect_jitter=, reconnect_jitter_tls=) nats/src/nats/aio/client.py:552-553,826-827; _reconnect_delay adds random.random()*jitter, the TLS one for secure connections nats/src/nats/aio/client.py:2202-2217
core+micro	ReconnectOnFlusherError	partial	closed	90e65cc	nats/tests/test_client_parity.py::FlusherTest::test_flusher_error_without_reconnect; nats/tests/test_client_parity.py::FlusherTest::test_flusher_timeout_reconnects	connect(reconnect_on_flusher_error=True) nats/src/nats/aio/client.py:566,815; _flusher nats/src/nats/aio/client.py:3235: reconnect only when set, else records last_error and keeps running
core+micro	RetryOnFailedConnect	partial	closed	9877bc9	nats/tests/test_client_parity.py::RetryOnFailedConnectTest::test_retry_on_failed_connect; nats/tests/test_client_parity.py::RetryOnFailedConnectTest::test_retry_on_failed_connect_connects_right_away	connect(retry_on_failed_connect=) nats/src/nats/aio/client.py:550; nats/src/nats/aio/client.py:882-886 tries the pool once (_connect_to_pool_once nats/src/nats/aio/client.py:919) then returns and connects in the background via _attempt_reconnect(initial=True), firing connected_cb not reconnected_cb (nats/src/nats/aio/client.py:2478-2480)
core+micro	Secure	partial	closed	0f988bc	nats/tests/test_client.py::ClientSecureWantedTest::test_tls_scheme_against_server_without_tls; nats/tests/test_client.py::ClientSecureWantedTest::test_tls_context_against_server_without_tls	_secure_wanted nats/src/nats/aio/client.py:2004 (tls= context, tls_cert_cb/tls_roots_cb or tls:// URL) forces the TLS upgrade even when the server only offers tls_available, and raises SecureConnWantedError when the server has no TLS nats/src/nats/aio/client.py:3115-3127
core+micro	SetCustomDialer	missing	closed	3c9d112	nats/tests/test_client_parity.py::CustomDialerTest::test_custom_dialer; nats/tests/test_client_parity.py::WebSocketCustomDialerTest::test_custom_dialer_websocket	connect(custom_dialer=async (host,port)->(reader,writer)) nats/src/nats/aio/client.py:564,813; TcpTransport.connect nats/src/nats/aio/transport.py:131 and, since 9999ab3, WebSocket via aiohttp DialerConnector nats/src/nats/aio/transport.py:224-245 (nats/src/nats/aio/client.py:2112,2115); used on every (re)connect
core+micro	Subscription.ClearMaxPending	missing	closed	94c1828	nats/tests/test_client_parity.py::SubscriptionTest::test_pending_limits_and_dropped	Subscription.clear_max_pending() nats/src/nats/aio/subscription.py:241; high-water tracked in _process_msg nats/src/nats/aio/client.py:2939-2942
core+micro	Subscription.Dropped	missing	closed	94c1828	nats/tests/test_client_parity.py::SubscriptionTest::test_pending_limits_and_dropped	Subscription.dropped nats/src/nats/aio/subscription.py:248; counted on slow-consumer drops nats/src/nats/aio/client.py:2931,2945
core+micro	Subscription.IsDraining	missing	closed	94c1828	nats/tests/test_client_parity.py::SubscriptionTest::test_is_draining	Subscription.is_draining nats/src/nats/aio/subscription.py:256 (_draining set in drain nats/src/nats/aio/subscription.py:387)
core+micro	Subscription.IsValid	missing	closed	94c1828	nats/tests/test_client_parity.py::SubscriptionTest::test_is_valid_and_closed_cb	Subscription.is_valid nats/src/nats/aio/subscription.py:261
core+micro	Subscription.MaxPending	missing	closed	94c1828	nats/tests/test_client_parity.py::SubscriptionTest::test_pending_limits_and_dropped	Subscription.max_pending nats/src/nats/aio/subscription.py:233; tracked nats/src/nats/aio/client.py:2939-2942
core+micro	Subscription.PendingLimits	missing	closed	94c1828	nats/tests/test_client_parity.py::SubscriptionTest::test_pending_limits_and_dropped	Subscription.pending_limits nats/src/nats/aio/subscription.py:206
core+micro	Subscription.SetClosedHandler	missing	closed	94c1828	nats/tests/test_client_parity.py::SubscriptionTest::test_is_valid_and_closed_cb; nats/tests/test_client_parity.py::JetStreamSubscriptionTest::test_push_subscription_state	Subscription.set_closed_cb nats/src/nats/aio/subscription.py:269; fired via _notify_closed on unsubscribe/drain/auto-unsub/close nats/src/nats/aio/subscription.py:278,412,436, nats/src/nats/aio/client.py:1211,2467,2865
core+micro	Subscription.SetPendingLimits	partial	closed	94c1828	nats/tests/test_client_parity.py::SubscriptionTest::test_pending_limits_and_dropped	Subscription.set_pending_limits(msgs, bytes) after subscribe nats/src/nats/aio/subscription.py:213 (0 -> InvalidArgError, negative = unlimited)
core+micro	SyncQueueLen	partial	closed	94c1828	nats/tests/test_client_parity.py::SubscriptionTest::test_connection_default_pending_limits	connect(sub_pending_msgs_limit=, sub_pending_bytes_limit=) nats/src/nats/aio/client.py:567-568,816-817 are the connection-wide defaults used by subscribe() nats/src/nats/aio/client.py:1441-1443
core+micro	UserJWTAndSeed	partial	closed	bb51bd9	nats/tests/test_client_parity.py::UserJWTAndSeedTest::test_user_jwt_and_seed	connect(user_jwt_and_seed=(jwt, seed)) nats/src/nats/aio/client.py:557,863-865 -> _setup_jwt_and_seed_connect nats/src/nats/aio/client.py:994
core+micro	WebSocketConnectionHeadersHandler	missing	closed	871f116	nats/tests/test_client_parity.py::WebSocketOptionsTest::test_ws_connection_headers_cb	connect(ws_connection_headers_cb=) nats/src/nats/aio/client.py:561,803-808, called on every handshake nats/src/nats/aio/transport.py:383-389; WebSocketHeadersAlreadySetError when combined with ws_connection_headers
core+micro	micro.Config	partial	closed	f7b2b1a	nats/tests/test_micro_parity.py::MicroQueueGroupTest::test_queue_group_disabled; nats/tests/test_micro_parity.py::MicroDefaultEndpointTest::test_config_endpoint; nats/tests/test_micro_parity.py::MicroLifecycleTest::test_done_handler_on_stop; nats/tests/test_micro_parity.py::MicroLifecycleTest::test_error_handler_on_slow_consumer	ServiceConfig nats/src/nats/micro/service.py:542 now has queue_group_disabled :567 (e8587d3), endpoint :570 (309b368), done_handler :574 and error_handler :578 (f7b2b1a)
core+micro	micro.Config.DoneHandler	missing	closed	f7b2b1a	nats/tests/test_micro_parity.py::MicroLifecycleTest::test_done_handler_on_stop; nats/tests/test_micro_parity.py::MicroLifecycleTest::test_connection_close_stops_service	ServiceConfig.done_handler nats/src/nats/micro/service.py:574, called after stop nats/src/nats/micro/service.py:1001-1002 (stop also triggered by connection close / subscription error nats/src/nats/micro/service.py:1018,1057)
core+micro	micro.Config.Endpoint	missing	closed	309b368	nats/tests/test_micro_parity.py::MicroDefaultEndpointTest::test_config_endpoint	ServiceConfig.endpoint nats/src/nats/micro/service.py:570 added on start nats/src/nats/micro/service.py:825-826
core+micro	micro.Config.ErrorHandler	missing	closed	f7b2b1a	nats/tests/test_micro_parity.py::MicroLifecycleTest::test_error_handler_on_slow_consumer	ServiceConfig.error_handler nats/src/nats/micro/service.py:578; connection error_cb wrapped nats/src/nats/micro/service.py:1004-1034 -> _handle_subscription_error nats/src/nats/micro/service.py:1057 calls it with NATSError and stops the service
core+micro	micro.Config.QueueGroupDisabled	missing	closed	e8587d3	nats/tests/test_micro_parity.py::MicroQueueGroupTest::test_queue_group_disabled	ServiceConfig.queue_group_disabled nats/src/nats/micro/service.py:567 resolved by _resolve_queue_group nats/src/nats/micro/service.py:249; endpoint subscribes without queue nats/src/nats/micro/service.py:274-277
core+micro	micro.Config.StatsHandler	partial	closed	5c90a4a	nats/tests/test_micro_parity.py::MicroEndpointTest::test_stats_handler_receives_endpoint	stats_handler nats/src/nats/micro/service.py:562 called with EndpointStats whose .endpoint is the Endpoint nats/src/nats/micro/service.py:936-941
core+micro	micro.ControlSubject	partial	closed	e5efcb9	nats/tests/test_micro_parity.py::MicroErrorsTest::test_control_subject_errors; nats/tests/test_micro_service.py::MicroServiceTest::test_control_subject	control_subject nats/src/nats/micro/service.py:1126 raises VerbNotSupportedError :1141 and ServiceNameRequiredError :1143 (empty-name check first from dacef6a); exported in nats.micro.__all__ nats/src/nats/micro/__init__.py:49
core+micro	micro.Endpoint	partial	closed	5c90a4a	nats/tests/test_micro_parity.py::MicroEndpointTest::test_endpoint_accessors	Endpoint returned by add_endpoint with public name/config/subject/queue_group/queue_group_disabled/metadata/handler properties nats/src/nats/micro/service.py:297-330
core+micro	micro.Endpoint.EndpointConfig	partial	closed	5c90a4a	nats/tests/test_micro_parity.py::MicroEndpointTest::test_endpoint_accessors	Endpoint.config nats/src/nats/micro/service.py:303 (subject and queue group resolved)
core+micro	micro.Endpoint.Name	partial	closed	5c90a4a	nats/tests/test_micro_parity.py::MicroEndpointTest::test_endpoint_accessors	Endpoint.name nats/src/nats/micro/service.py:298
core+micro	micro.EndpointConfig	partial	closed	e8587d3	nats/tests/test_micro_parity.py::MicroQueueGroupTest::test_queue_group_disabled; nats/tests/test_micro_parity.py::MicroEndpointOptionsTest::test_pending_limits	EndpointConfig nats/src/nats/micro/service.py:57 gains queue_group_disabled :76 (e8587d3) and pending_msgs_limit/pending_bytes_limit :80 (b418d27)
core+micro	micro.EndpointConfig.QueueGroupDisabled	missing	closed	e8587d3	nats/tests/test_micro_parity.py::MicroQueueGroupTest::test_queue_group_disabled	EndpointConfig.queue_group_disabled nats/src/nats/micro/service.py:76
core+micro	micro.EndpointStats.NumErrors	partial	closed	4d4d83e	nats/tests/test_micro_service.py::MicroServiceTest::test_request_respond_error; nats/tests/test_micro_parity.py::MicroLifecycleTest::test_error_handler_on_slow_consumer	explicit Request.respond_error sets request._error nats/src/nats/micro/request.py:127, counted in num_errors/last_error nats/src/nats/micro/service.py:385-387; async subscription errors counted too nats/src/nats/micro/service.py:1067-1071
core+micro	micro.ErrArgRequired	missing	closed	e5efcb9	nats/tests/test_micro_parity.py::MicroErrorsTest::test_request_errors; nats/tests/test_micro_service.py::MicroServiceTest::test_request_respond_error	ArgRequiredError nats/src/nats/micro/errors.py:115 (ValueError subclass) raised by respond_error for empty code/description nats/src/nats/micro/request.py:114-117 (validation first added as ValueError in 4d4d83e)
core+micro	micro.ErrConfigValidation	partial	closed	e5efcb9	nats/tests/test_micro_parity.py::MicroErrorsTest::test_config_validation_errors	ConfigValidationError nats/src/nats/micro/errors.py:43 (ValueError subclass) raised by EndpointConfig/ServiceConfig validation nats/src/nats/micro/service.py:88-111,583-605
core+micro	micro.ErrMarshalResponse	missing	closed	579ff76	nats/tests/test_micro_parity.py::MicroRequestTest::test_respond_json_and_reply	MarshalResponseError nats/src/nats/micro/errors.py:109 (class from e5efcb9) raised by Request.respond_json nats/src/nats/micro/request.py:90-93
core+micro	micro.ErrRespond	missing	closed	e5efcb9	nats/tests/test_micro_parity.py::MicroRespondErrorTest::test_respond_publish_error_is_respond_error; nats/tests/test_micro_parity.py::MicroRespondErrorTest::test_respond_on_closed_connection; nats/tests/test_micro_parity.py::MicroErrorsTest::test_request_errors	RespondError nats/src/nats/micro/errors.py:62 raised for no reply subject nats/src/nats/micro/request.py:68-69; since 49a8209 publish failures are wrapped via _wrap_respond_error nats/src/nats/micro/errors.py:87 nats/src/nats/micro/request.py:79-80 (still instances of the original class)
core+micro	micro.ErrServiceNameRequired	missing	closed	e5efcb9	nats/tests/test_micro_parity.py::MicroErrorsTest::test_control_subject_errors	ServiceNameRequiredError nats/src/nats/micro/errors.py:55 raised by control_subject nats/src/nats/micro/service.py:1142-1143
core+micro	micro.ErrVerbNotSupported	missing	closed	e5efcb9	nats/tests/test_micro_parity.py::MicroErrorsTest::test_control_subject_errors	VerbNotSupportedError nats/src/nats/micro/errors.py:49 raised by control_subject nats/src/nats/micro/service.py:1138-1141
core+micro	micro.NATSError	missing	closed	e5efcb9	nats/tests/test_micro_parity.py::MicroErrorsTest::test_nats_error; nats/tests/test_micro_parity.py::MicroLifecycleTest::test_error_handler_on_slow_consumer	NATSError(subject, description, error) nats/src/nats/micro/errors.py:121; passed to error_handler nats/src/nats/micro/service.py:1063 (f7b2b1a)
core+micro	micro.NATSError.Description	missing	closed	e5efcb9	nats/tests/test_micro_parity.py::MicroErrorsTest::test_nats_error	NATSError.description nats/src/nats/micro/errors.py:134
core+micro	micro.NATSError.Error	missing	closed	e5efcb9	nats/tests/test_micro_parity.py::MicroErrorsTest::test_nats_error	"str(NATSError) == '""<subject>"": <description>' nats/src/nats/micro/errors.py:136 (Go Error() method)"
core+micro	micro.NATSError.Is	missing	closed	e5efcb9	nats/tests/test_micro_parity.py::MicroErrorsTest::test_nats_error	NATSError.__eq__/__hash__ compare subject and description nats/src/nats/micro/errors.py:144-150
core+micro	micro.NATSError.Subject	missing	closed	e5efcb9	nats/tests/test_micro_parity.py::MicroErrorsTest::test_nats_error	NATSError.subject nats/src/nats/micro/errors.py:133
core+micro	micro.NATSError.Unwrap	missing	closed	e5efcb9	nats/tests/test_micro_parity.py::MicroErrorsTest::test_nats_error	NATSError.unwrap() nats/src/nats/micro/errors.py:140 (+ __cause__)
core+micro	micro.Request.Error	partial	closed	4d4d83e	nats/tests/test_micro_service.py::MicroServiceTest::test_request_respond_error; nats/tests/test_micro_parity.py::MicroErrorsTest::test_request_errors; nats/tests/test_micro_parity.py::MicroRequestTest::test_respond_error_headers_override	Request.respond_error nats/src/nats/micro/request.py:97: ArgRequiredError for empty args nats/src/nats/micro/request.py:114-117 (e5efcb9), counted in num_errors nats/src/nats/micro/request.py:127 nats/src/nats/micro/service.py:385-387 (4d4d83e), user headers applied after error headers nats/src/nats/micro/request.py:119-124 (579ff76)
core+micro	micro.Request.Reply	missing	closed	579ff76	nats/tests/test_micro_parity.py::MicroRequestTest::test_respond_json_and_reply	Request.reply property nats/src/nats/micro/request.py:43
core+micro	micro.Request.RespondJSON	missing	closed	579ff76	nats/tests/test_micro_parity.py::MicroRequestTest::test_respond_json_and_reply	Request.respond_json nats/src/nats/micro/request.py:82
core+micro	micro.Service.Reset	partial	closed	5cb65fe	nats/tests/test_micro_service.py::MicroServiceTest::test_service_reset	Service.reset calls Endpoint._reset for every endpoint nats/src/nats/micro/service.py:963-970; _reset clears all counters incl. last_error with int averages nats/src/nats/micro/service.py:358-365
core+micro	micro.Service.Stop	partial	closed	f7b2b1a	nats/tests/test_micro_parity.py::MicroLifecycleTest::test_done_handler_on_stop; nats/tests/test_micro_parity.py::MicroLifecycleTest::test_connection_close_stops_service; nats/tests/test_micro_parity.py::MicroLifecycleTest::test_stop_restores_connection_callbacks	Service.stop nats/src/nats/micro/service.py:972 is idempotent, calls done_handler nats/src/nats/micro/service.py:1001; auto-stop on connection close via wrapped closed_cb nats/src/nats/micro/service.py:1018-1024
core+micro	micro.WithEndpointMetadataKey	partial	closed	b418d27	nats/tests/test_micro_parity.py::MicroEndpointOptionsTest::test_metadata_key	EndpointConfig.with_metadata_key(key, value) nats/src/nats/micro/service.py:113
core+micro	micro.WithEndpointPendingLimits	missing	closed	b418d27	nats/tests/test_micro_parity.py::MicroEndpointOptionsTest::test_pending_limits; nats/tests/test_micro_parity.py::MicroEndpointOptionsTest::test_pending_limits_validation	EndpointConfig/add_endpoint pending_msgs_limit, pending_bytes_limit nats/src/nats/micro/service.py:80-81,107-111 passed to subscribe nats/src/nats/micro/service.py:332-347
core+micro	micro.WithEndpointQueueGroupDisabled	missing	closed	e8587d3	nats/tests/test_micro_parity.py::MicroQueueGroupTest::test_queue_group_disabled	add_endpoint(queue_group_disabled=True) / EndpointConfig.queue_group_disabled nats/src/nats/micro/service.py:76,868,879-882
core+micro	micro.WithGroupQueueGroupDisabled	missing	closed	e8587d3	nats/tests/test_micro_parity.py::MicroQueueGroupTest::test_queue_group_disabled	add_group(queue_group_disabled=True) / GroupConfig.queue_group_disabled nats/src/nats/micro/service.py:406,441-446,494-514
jetstream	jetstream.APIStats.Inflight	missing	closed	280042a	nats/tests/test_js_manager_parity.py::APITypesTest::test_api_stats_and_tiers	APIStats.inflight nats/src/nats/js/api.py:1212
jetstream	jetstream.AccountInfo.Tier	partial	closed	280042a	nats/tests/test_js_manager_parity.py::APITypesTest::test_api_stats_and_tiers; nats/tests/test_js_manager_parity.py::APITypesServerTest::test_info_fields	AccountInfo.reserved_memory/reserved_storage nats/src/nats/js/api.py:1233-1234 (memory/storage/streams/consumers/limits pre-existing); Tier has them too nats/src/nats/js/api.py:1195
jetstream	jetstream.ClientTrace	missing	closed	40bd83c	nats/tests/test_js_manager_parity.py::JetStreamOptionsTest::test_client_trace_and_options	api.ClientTrace(request_sent, response_received) nats/src/nats/js/api.py:94; nc.jetstream()/nc.jsm(client_trace=) nats/src/nats/js/client.py:180, nats/src/nats/js/manager.py:142; hooks called around every API request in JetStreamManager._request nats/src/nats/js/manager.py:917-921 (publishes are not traced, as in nats.go)
jetstream	jetstream.ClientTrace.RequestSent	missing	closed	40bd83c	nats/tests/test_js_manager_parity.py::JetStreamOptionsTest::test_client_trace_and_options	ClientTrace.request_sent nats/src/nats/js/api.py:102; called nats/src/nats/js/manager.py:918
jetstream	jetstream.ClientTrace.ResponseReceived	missing	closed	40bd83c	nats/tests/test_js_manager_parity.py::JetStreamOptionsTest::test_client_trace_and_options	ClientTrace.response_received nats/src/nats/js/api.py:103; called nats/src/nats/js/manager.py:921
jetstream	jetstream.ClusterInfo.Desired	missing	closed	280042a	nats/tests/test_js_manager_parity.py::APITypesTest::test_cluster_info_fields	ClusterInfo.desired nats/src/nats/js/api.py:792 converted nats/src/nats/js/api.py:803; unit-only
jetstream	jetstream.ClusterInfo.SystemAcc	missing	closed	280042a	nats/tests/test_js_manager_parity.py::APITypesTest::test_cluster_info_fields	ClusterInfo.system_acc nats/src/nats/js/api.py:791 mapped from 'system_account' nats/src/nats/js/api.py:802
jetstream	jetstream.DefaultExpires	missing	closed	280042a	nats/tests/test_js_manager_parity.py::APITypesTest::test_defaults	api.DEFAULT_EXPIRES = 30.0 nats/src/nats/js/api.py:87; default pull expiry nats/src/nats/js/consume.py:42, used by fetch/next nats/src/nats/js/consume.py:563
jetstream	jetstream.DefaultMaxMessages	missing	closed	280042a	nats/tests/test_js_manager_parity.py::APITypesTest::test_defaults	api.DEFAULT_MAX_MESSAGES = 500 nats/src/nats/js/api.py:88; consume()/messages() default nats/src/nats/js/consume.py:52
jetstream	jetstream.DefaultPubRetryAttempts	missing	closed	77881fd	nats/tests/test_js_manager_parity.py::APITypesTest::test_defaults; nats/tests/test_js_consume_parity.py::PublishOptionsTest::test_retry_on_no_responders; nats/tests/test_js_consume_parity.py::PublishAsyncTest::test_retry_on_no_responders	api.DEFAULT_PUB_RETRY_ATTEMPTS = 2 nats/src/nats/js/api.py:89; now the default of publish/publish_async retry_attempts nats/src/nats/js/client.py:327, nats/src/nats/js/client.py:461 (constant added in 280042a, applied as the default by 77881fd)
jetstream	jetstream.DefaultPubRetryWait	missing	closed	280042a	nats/tests/test_js_manager_parity.py::APITypesTest::test_defaults; nats/tests/test_js_consume_parity.py::PublishOptionsTest::test_retry_on_no_responders	api.DEFAULT_PUB_RETRY_WAIT = 0.25 nats/src/nats/js/api.py:90; default retry_wait nats/src/nats/js/client.py:328
jetstream	jetstream.DesiredClusterInfo	missing	closed	280042a	nats/tests/test_js_manager_parity.py::APITypesTest::test_cluster_info_fields	api.DesiredClusterInfo(created,name,replicas,origin,status) nats/src/nats/js/api.py:763; ClusterInfo.desired parsed nats/src/nats/js/api.py:803; unit-only (needs a migrating cluster)
jetstream	jetstream.DesiredClusterInfo.Created	missing	closed	280042a	nats/tests/test_js_manager_parity.py::APITypesTest::test_cluster_info_fields	api.DesiredClusterInfo(created,name,replicas,origin,status) nats/src/nats/js/api.py:763; ClusterInfo.desired parsed nats/src/nats/js/api.py:803; unit-only (needs a migrating cluster)
jetstream	jetstream.DesiredClusterInfo.Name	missing	closed	280042a	nats/tests/test_js_manager_parity.py::APITypesTest::test_cluster_info_fields	api.DesiredClusterInfo(created,name,replicas,origin,status) nats/src/nats/js/api.py:763; ClusterInfo.desired parsed nats/src/nats/js/api.py:803; unit-only (needs a migrating cluster)
jetstream	jetstream.DesiredClusterInfo.Origin	missing	closed	280042a	nats/tests/test_js_manager_parity.py::APITypesTest::test_cluster_info_fields	api.DesiredClusterInfo(created,name,replicas,origin,status) nats/src/nats/js/api.py:763; ClusterInfo.desired parsed nats/src/nats/js/api.py:803; unit-only (needs a migrating cluster)
jetstream	jetstream.DesiredClusterInfo.Replicas	missing	closed	280042a	nats/tests/test_js_manager_parity.py::APITypesTest::test_cluster_info_fields	api.DesiredClusterInfo(created,name,replicas,origin,status) nats/src/nats/js/api.py:763; ClusterInfo.desired parsed nats/src/nats/js/api.py:803; unit-only (needs a migrating cluster)
jetstream	jetstream.DesiredClusterInfo.Status	missing	closed	280042a	nats/tests/test_js_manager_parity.py::APITypesTest::test_cluster_info_fields	api.DesiredClusterInfo(created,name,replicas,origin,status) nats/src/nats/js/api.py:763; ClusterInfo.desired parsed nats/src/nats/js/api.py:803; unit-only (needs a migrating cluster)
jetstream	jetstream.DesiredClusterInfoOrigin	missing	closed	280042a	nats/tests/test_js_manager_parity.py::APITypesTest::test_cluster_info_fields	api.DesiredClusterInfoOrigin(replicas,placement,retention) nats/src/nats/js/api.py:739; unit-only
jetstream	jetstream.DesiredClusterInfoOrigin.Placement	missing	closed	280042a	nats/tests/test_js_manager_parity.py::APITypesTest::test_cluster_info_fields	api.DesiredClusterInfoOrigin(replicas,placement,retention) nats/src/nats/js/api.py:739; unit-only
jetstream	jetstream.DesiredClusterInfoOrigin.Replicas	missing	closed	280042a	nats/tests/test_js_manager_parity.py::APITypesTest::test_cluster_info_fields	api.DesiredClusterInfoOrigin(replicas,placement,retention) nats/src/nats/js/api.py:739; unit-only
jetstream	jetstream.DesiredClusterInfoOrigin.Retention	missing	closed	280042a	nats/tests/test_js_manager_parity.py::APITypesTest::test_cluster_info_fields	api.DesiredClusterInfoOrigin(replicas,placement,retention) nats/src/nats/js/api.py:739; unit-only
jetstream	jetstream.DesiredClusterInfoStatus	missing	closed	280042a	nats/tests/test_js_manager_parity.py::APITypesTest::test_cluster_info_fields	api.DesiredClusterInfoStatus(description,type,err) nats/src/nats/js/api.py:753; type -> MigrationStatusType; unit-only
jetstream	jetstream.DesiredClusterInfoStatus.Description	missing	closed	280042a	nats/tests/test_js_manager_parity.py::APITypesTest::test_cluster_info_fields	api.DesiredClusterInfoStatus(description,type,err) nats/src/nats/js/api.py:753; type -> MigrationStatusType; unit-only
jetstream	jetstream.DesiredClusterInfoStatus.Err	missing	closed	280042a	nats/tests/test_js_manager_parity.py::APITypesTest::test_cluster_info_fields	api.DesiredClusterInfoStatus(description,type,err) nats/src/nats/js/api.py:753; type -> MigrationStatusType; unit-only
jetstream	jetstream.DesiredClusterInfoStatus.Type	missing	closed	280042a	nats/tests/test_js_manager_parity.py::APITypesTest::test_cluster_info_fields	api.DesiredClusterInfoStatus(description,type,err) nats/src/nats/js/api.py:753; type -> MigrationStatusType; unit-only
jetstream	jetstream.DesiredPeerInfo	missing	closed	280042a	nats/tests/test_js_manager_parity.py::APITypesTest::test_cluster_info_fields	api.DesiredPeerInfo(name,offline,peer) nats/src/nats/js/api.py:730; unit-only
jetstream	jetstream.DesiredPeerInfo.Name	missing	closed	280042a	nats/tests/test_js_manager_parity.py::APITypesTest::test_cluster_info_fields	api.DesiredPeerInfo(name,offline,peer) nats/src/nats/js/api.py:730; unit-only
jetstream	jetstream.DesiredPeerInfo.Offline	missing	closed	280042a	nats/tests/test_js_manager_parity.py::APITypesTest::test_cluster_info_fields	api.DesiredPeerInfo(name,offline,peer) nats/src/nats/js/api.py:730; unit-only
jetstream	jetstream.DesiredPeerInfo.Peer	missing	closed	280042a	nats/tests/test_js_manager_parity.py::APITypesTest::test_cluster_info_fields	api.DesiredPeerInfo(name,offline,peer) nats/src/nats/js/api.py:730; unit-only
jetstream	jetstream.ErrBadRequest	partial	closed	ed8b8aa	nats/tests/test_js_manager_parity.py::ErrorCodeTest::test_from_error_maps_err_code	JetStreamBadRequestError(BadRequestError) nats/src/nats/js/errors.py:297 for err_code 10003; APIError.from_error maps err_code via _API_ERRORS nats/src/nats/js/errors.py:1217 when the typed class subclasses the status class nats/src/nats/js/errors.py:141
jetstream	jetstream.ErrConnectionClosed	partial	closed	c8cc13f 94119fc	nats/tests/test_js_consume_parity.py::PullConsumeTest::test_consume_connection_closed; nats/tests/test_js_consume_parity.py::PullConsumeTest::test_messages_connection_closed	consume() reports nats.errors.ConnectionClosedError nats/src/nats/errors.py:58 to error_cb and stops once the connection is closed nats/src/nats/js/consume.py:892; ordered consume handles it nats/src/nats/js/consume.py:1434; no test closes the connection under a consumer
jetstream	jetstream.ErrConsumerAlreadyConsuming	missing	closed	9cabe2a	nats/tests/test_js_consume_parity.py::PushConsumerTest::test_consume	ConsumerAlreadyConsumingError nats/src/nats/js/errors.py:587 raised by PushConsumer.consume nats/src/nats/js/consume.py:1616
jetstream	jetstream.ErrConsumerCreate	partial	closed	ed8b8aa	nats/tests/test_js_manager_parity.py::ErrorCodeTest::test_from_error_maps_err_code	ConsumerCreateError(ServerError) nats/src/nats/js/errors.py:306 for 10012; APIError.from_error maps err_code via _API_ERRORS nats/src/nats/js/errors.py:1217 when the typed class subclasses the status class nats/src/nats/js/errors.py:141
jetstream	jetstream.ErrConsumerCreationResponseEmpty	missing	closed	ed8b8aa	nats/tests/test_js_manager_parity.py::ErrorCodeTest::test_client_side_errors	ConsumerCreationResponseEmptyError nats/src/nats/js/errors.py:513 raised when a create reply has no consumer info nats/src/nats/js/manager.py:460, nats/src/nats/js/manager.py:544; test checks the message only
jetstream	jetstream.ErrConsumerDeleted	missing	closed	ed8b8aa	nats/tests/test_js_manager_parity.py::JetStreamErrorsTest::test_pull_conflicts_are_typed; nats/tests/test_js_consume_parity.py::StatusErrorsTest::test_fetch_consumer_deleted_error; nats/tests/test_js_consume_parity.py::PullConsumerFetchTest::test_consumer_deleted; nats/tests/test_js_consume_parity.py::PullConsumeTest::test_consume_errors	ConsumerDeletedError(APIError) nats/src/nats/js/errors.py:596 from the 409 'Consumer Deleted' status nats/src/nats/js/errors.py:692
jetstream	jetstream.ErrConsumerDoesNotExist	partial	closed	ed8b8aa	nats/tests/test_js_manager_parity.py::ConsumerManagementTest::test_create_and_update_consumer; nats/tests/test_js_manager_parity.py::ErrorCodeTest::test_from_error_maps_err_code	ConsumerDoesNotExistError nats/src/nats/js/errors.py:331 for 10149 (update action on a missing consumer); APIError.from_error maps err_code via _API_ERRORS nats/src/nats/js/errors.py:1217 when the typed class subclasses the status class nats/src/nats/js/errors.py:141
jetstream	jetstream.ErrConsumerExists	partial	closed	ed8b8aa	nats/tests/test_js_manager_parity.py::ConsumerManagementTest::test_create_and_update_consumer; nats/tests/test_js_manager_parity.py::ErrorCodeTest::test_from_error_maps_err_code	ConsumerExistsError nats/src/nats/js/errors.py:322 for 10148 (create action on a different config); APIError.from_error maps err_code via _API_ERRORS nats/src/nats/js/errors.py:1217 when the typed class subclasses the status class nats/src/nats/js/errors.py:141
jetstream	jetstream.ErrConsumerHasActiveSubscription	partial	closed	ed8b8aa	nats/tests/test_js_manager_parity.py::JetStreamErrorsTest::test_consumer_has_active_subscription	ConsumerHasActiveSubscriptionError nats/src/nats/js/errors.py:578 raised by subscribe on a push-bound consumer nats/src/nats/js/client.py:719
jetstream	jetstream.ErrConsumerMultipleFilterSubjectsNotSupported	missing	closed	ed8b8aa	nats/tests/test_js_manager_parity.py::NotSupportedErrorsTest::test_consumer_multiple_filter_subjects_not_supported	ConsumerMultipleFilterSubjectsNotSupportedError nats/src/nats/js/errors.py:569 raised when the server drops filter_subjects from the created consumer nats/src/nats/js/manager.py:125 (as nats.go upsertConsumer); needs a pre-2.10 server, so no test
jetstream	jetstream.ErrConsumerNameAlreadyInUse	missing	closed	ed8b8aa	nats/tests/test_js_manager_parity.py::ErrorCodeTest::test_from_error_maps_err_code	ConsumerNameAlreadyInUseError nats/src/nats/js/errors.py:314 for 10013; APIError.from_error maps err_code via _API_ERRORS nats/src/nats/js/errors.py:1217 when the typed class subclasses the status class nats/src/nats/js/errors.py:141
jetstream	jetstream.ErrConsumerNotFound	partial	closed	ed8b8aa	nats/tests/test_js_manager_parity.py::JetStreamErrorsTest::test_api_errors_are_typed; nats/tests/test_js_manager_parity.py::ErrorCodeTest::test_from_error_maps_err_code	ConsumerNotFoundError(NotFoundError) nats/src/nats/js/errors.py:237 for 10014; APIError.from_error maps err_code via _API_ERRORS nats/src/nats/js/errors.py:1217 when the typed class subclasses the status class nats/src/nats/js/errors.py:141
jetstream	jetstream.ErrConsumerResetResponseEmpty	missing	closed	ed8b8aa	nats/tests/test_js_manager_parity.py::ErrorCodeTest::test_client_side_errors	ConsumerResetResponseEmptyError nats/src/nats/js/errors.py:523 raised by reset_consumer on an empty reply nats/src/nats/js/manager.py:736; test checks the message only
jetstream	jetstream.ErrDuplicateFilterSubjects	partial	closed	ed8b8aa	nats/tests/test_js_manager_parity.py::ErrorCodeTest::test_from_error_maps_err_code	DuplicateFilterSubjectsError nats/src/nats/js/errors.py:348 for 10136; APIError.from_error maps err_code via _API_ERRORS nats/src/nats/js/errors.py:1217 when the typed class subclasses the status class nats/src/nats/js/errors.py:141
jetstream	jetstream.ErrEmptyFilter	partial	closed	ed8b8aa	nats/tests/test_js_manager_parity.py::ErrorCodeTest::test_from_error_maps_err_code	EmptyFilterError nats/src/nats/js/errors.py:365 for 10139; APIError.from_error maps err_code via _API_ERRORS nats/src/nats/js/errors.py:1217 when the typed class subclasses the status class nats/src/nats/js/errors.py:141
jetstream	jetstream.ErrEndOfData	missing	closed	ed8b8aa	nats/tests/test_js_manager_parity.py::StreamManagementTest::test_list_streams_pages; nats/tests/test_js_manager_parity.py::ConsumerManagementTest::test_consumer_names_and_list_consumers	EndOfDataError nats/src/nats/js/errors.py:632 defined; the async-iterator listers end iteration at the last page nats/src/nats/js/manager.py:343, nats/src/nats/js/manager.py:372, nats/src/nats/js/manager.py:549, nats/src/nats/js/manager.py:569, which is how nats.go listers consume ErrEndOfData internally
jetstream	jetstream.ErrHandlerRequired	missing	closed	c8cc13f	nats/tests/test_js_consume_parity.py::PullConsumeTest::test_invalid_options	HandlerRequiredError nats/src/nats/js/errors.py:623 raised by PullConsumer/OrderedConsumer/PushConsumer.consume(None) nats/src/nats/js/consume.py:464, nats/src/nats/js/consume.py:1271, nats/src/nats/js/consume.py:1614
jetstream	jetstream.ErrInvalidConsumerName	partial	closed	ed8b8aa	nats/tests/test_js_manager_parity.py::JetStreamErrorsTest::test_api_errors_are_typed; nats/tests/test_js_manager_parity.py::ConsumerManagementTest::test_create_and_update_consumer	InvalidConsumerNameError(ValueError) nats/src/nats/js/errors.py:488 raised by _validate_consumer_name nats/src/nats/js/manager.py:73
jetstream	jetstream.ErrInvalidOption	missing	closed	6424a05	nats/tests/test_js_consume_parity.py::PullConsumerFetchTest::test_invalid_options; nats/tests/test_js_consume_parity.py::PullConsumeTest::test_invalid_options; nats/tests/test_js_consume_parity.py::StatusErrorsTest::test_invalid_option_error; nats/tests/test_js_manager_parity.py::StreamHandleTest::test_stream_handle	InvalidOptionError(ValueError) nats/src/nats/js/errors.py:505, worded 'nats: invalid jetstream option: ...' nats/src/nats/js/consume.py:99, raised by fetch/next/fetch_bytes option checks nats/src/nats/js/consume.py:562 and consume/messages checks nats/src/nats/js/consume.py:625; also Stream.purge(seq+keep) nats/src/nats/js/manager.py:1014; jetstreamext's InvalidOptionError subclasses it
jetstream	jetstream.ErrInvalidStreamName	partial	closed	ed8b8aa	nats/tests/test_js_manager_parity.py::JetStreamErrorsTest::test_api_errors_are_typed	InvalidStreamNameError(ValueError) nats/src/nats/js/errors.py:480 raised by _validate_stream_name nats/src/nats/js/manager.py:68
jetstream	jetstream.ErrInvalidSubject	missing	closed	2614bd5	nats/tests/test_js_manager_parity.py::StreamManagementTest::test_stream_names_and_list_streams	InvalidSubjectError(ValueError) nats/src/nats/js/errors.py:497 raised by _validate_subject nats/src/nats/js/manager.py:83 used by stream_name_by_subject nats/src/nats/js/manager.py:184
jetstream	jetstream.ErrJetStreamNotEnabled	partial	closed	ed8b8aa	nats/tests/test_js_manager_parity.py::JetStreamNotEnabledTest::test_jetstream_not_enabled; nats/tests/test_js_manager_parity.py::ErrorCodeTest::test_from_error_maps_err_code	JetStreamNotEnabledError(ServiceUnavailableError) nats/src/nats/js/errors.py:374 for 10076 and for no responders on an API request nats/src/nats/js/manager.py:936
jetstream	jetstream.ErrJetStreamNotEnabledForAccount	partial	closed	ed8b8aa	nats/tests/test_js_manager_parity.py::ErrorCodeTest::test_from_error_maps_err_code	JetStreamNotEnabledForAccountError(ServiceUnavailableError) nats/src/nats/js/errors.py:383 for 10039; APIError.from_error maps err_code via _API_ERRORS nats/src/nats/js/errors.py:1217 when the typed class subclasses the status class nats/src/nats/js/errors.py:141
jetstream	jetstream.ErrMaximumConsumersLimit	partial	closed	ed8b8aa	nats/tests/test_js_manager_parity.py::JetStreamErrorsTest::test_api_errors_are_typed; nats/tests/test_js_manager_parity.py::ErrorCodeTest::test_from_error_maps_err_code	MaximumConsumersLimitError nats/src/nats/js/errors.py:339 for 10026; APIError.from_error maps err_code via _API_ERRORS nats/src/nats/js/errors.py:1217 when the typed class subclasses the status class nats/src/nats/js/errors.py:141
jetstream	jetstream.ErrMessageSchedulesDisabled	partial	closed	ed8b8aa	nats/tests/test_js_manager_parity.py::ErrorCodeTest::test_from_error_maps_err_code	MessageSchedulesDisabledError nats/src/nats/js/errors.py:408 for 10188; APIError.from_error maps err_code via _API_ERRORS nats/src/nats/js/errors.py:1217 when the typed class subclasses the status class nats/src/nats/js/errors.py:141
jetstream	jetstream.ErrMirrorWithMsgSchedules	partial	closed	ed8b8aa	nats/tests/test_js_manager_parity.py::ErrorCodeTest::test_from_error_maps_err_code	MirrorWithMsgSchedulesError nats/src/nats/js/errors.py:391 for 10186; APIError.from_error maps err_code via _API_ERRORS nats/src/nats/js/errors.py:1217 when the typed class subclasses the status class nats/src/nats/js/errors.py:141
jetstream	jetstream.ErrNoMessages	partial	closed	1463236	nats/tests/test_js_consume_parity.py::PullConsumerFetchTest::test_fetch_no_wait; nats/tests/test_js_manager_parity.py::ErrorCodeTest::test_client_side_errors	NoMessagesError(FetchTimeoutError, a nats TimeoutError) nats/src/nats/js/errors.py:830 (class from ed8b8aa) produced for a 404 pull status nats/src/nats/js/consume.py:88; ends a fetch quietly as in nats.go nats/src/nats/js/consume.py:273
jetstream	jetstream.ErrNotPullConsumer	missing	closed	ed8b8aa	nats/tests/test_js_manager_parity.py::JetStreamErrorsTest::test_pull_conflicts_are_typed; nats/tests/test_js_consume_parity.py::PullConsumerFetchTest::test_invalid_options; nats/tests/test_js_manager_parity.py::StreamHandleTest::test_stream_handle	NotPullConsumerError(APIError) nats/src/nats/js/errors.py:605 from the 409 'Consumer is push based' status nats/src/nats/js/errors.py:698 and from pull_consumer on a push consumer nats/src/nats/js/client.py:1029
jetstream	jetstream.ErrNotPushConsumer	missing	closed	9cabe2a	nats/tests/test_js_consume_parity.py::PushConsumerTest::test_consume; nats/tests/test_js_manager_parity.py::StreamHandleTest::test_stream_handle	NotPushConsumerError nats/src/nats/js/errors.py:614 raised by push_consumer on a pull consumer nats/src/nats/js/client.py:1069 and Stream.create_push_consumer without deliver_subject nats/src/nats/js/manager.py:1090
jetstream	jetstream.ErrOrderConsumerUsedAsConsume	missing	closed	66e5339	nats/tests/test_js_consume_parity.py::OrderedConsumerTest::test_consume	OrderConsumerUsedAsConsumeError nats/src/nats/js/errors.py:650 raised when fetching from a consuming ordered consumer nats/src/nats/js/consume.py:1161
jetstream	jetstream.ErrOrderConsumerUsedAsFetch	missing	closed	66e5339	nats/tests/test_js_consume_parity.py::OrderedConsumerTest::test_fetch	OrderConsumerUsedAsFetchError nats/src/nats/js/errors.py:641 raised when consuming a fetching ordered consumer nats/src/nats/js/consume.py:1154
jetstream	jetstream.ErrOverlappingFilterSubjects	partial	closed	ed8b8aa	nats/tests/test_js_manager_parity.py::JetStreamErrorsTest::test_api_errors_are_typed; nats/tests/test_js_manager_parity.py::ErrorCodeTest::test_from_error_maps_err_code	OverlappingFilterSubjectsError nats/src/nats/js/errors.py:357 for 10138; APIError.from_error maps err_code via _API_ERRORS nats/src/nats/js/errors.py:1217 when the typed class subclasses the status class nats/src/nats/js/errors.py:141
jetstream	jetstream.ErrSchedulePatternInvalid	partial	closed	ed8b8aa	nats/tests/test_js_manager_parity.py::ErrorCodeTest::test_from_error_maps_err_code	SchedulePatternInvalidError nats/src/nats/js/errors.py:417 for 10189; APIError.from_error maps err_code via _API_ERRORS nats/src/nats/js/errors.py:1217 when the typed class subclasses the status class nats/src/nats/js/errors.py:141
jetstream	jetstream.ErrScheduleRollupInvalid	partial	closed	ed8b8aa	nats/tests/test_js_manager_parity.py::ErrorCodeTest::test_from_error_maps_err_code	ScheduleRollupInvalidError nats/src/nats/js/errors.py:441 for 10192; APIError.from_error maps err_code via _API_ERRORS nats/src/nats/js/errors.py:1217 when the typed class subclasses the status class nats/src/nats/js/errors.py:141
jetstream	jetstream.ErrScheduleSourceInvalid	partial	closed	ed8b8aa	nats/tests/test_js_manager_parity.py::ErrorCodeTest::test_from_error_maps_err_code	ScheduleSourceInvalidError nats/src/nats/js/errors.py:449 for 10203; APIError.from_error maps err_code via _API_ERRORS nats/src/nats/js/errors.py:1217 when the typed class subclasses the status class nats/src/nats/js/errors.py:141
jetstream	jetstream.ErrScheduleTTLInvalid	partial	closed	ed8b8aa	nats/tests/test_js_manager_parity.py::ErrorCodeTest::test_from_error_maps_err_code	ScheduleTTLInvalidError nats/src/nats/js/errors.py:433 for 10191; APIError.from_error maps err_code via _API_ERRORS nats/src/nats/js/errors.py:1217 when the typed class subclasses the status class nats/src/nats/js/errors.py:141
jetstream	jetstream.ErrScheduleTargetInvalid	partial	closed	ed8b8aa	nats/tests/test_js_manager_parity.py::ErrorCodeTest::test_from_error_maps_err_code	ScheduleTargetInvalidError nats/src/nats/js/errors.py:425 for 10190; APIError.from_error maps err_code via _API_ERRORS nats/src/nats/js/errors.py:1217 when the typed class subclasses the status class nats/src/nats/js/errors.py:141
jetstream	jetstream.ErrSourceWithMsgSchedules	partial	closed	ed8b8aa	nats/tests/test_js_manager_parity.py::ErrorCodeTest::test_from_error_maps_err_code	SourceWithMsgSchedulesError nats/src/nats/js/errors.py:399 for 10187; APIError.from_error maps err_code via _API_ERRORS nats/src/nats/js/errors.py:1217 when the typed class subclasses the status class nats/src/nats/js/errors.py:141
jetstream	jetstream.ErrStreamNameAlreadyInUse	partial	closed	ed8b8aa	nats/tests/test_js_manager_parity.py::JetStreamErrorsTest::test_api_errors_are_typed; nats/tests/test_js_manager_parity.py::ErrorCodeTest::test_from_error_maps_err_code	StreamNameAlreadyInUseError(BadRequestError) nats/src/nats/js/errors.py:279 for 10058; APIError.from_error maps err_code via _API_ERRORS nats/src/nats/js/errors.py:1217 when the typed class subclasses the status class nats/src/nats/js/errors.py:141
jetstream	jetstream.ErrStreamNameRequired	partial	closed	ed8b8aa	nats/tests/test_js_manager_parity.py::JetStreamErrorsTest::test_api_errors_are_typed	StreamNameRequiredError(ValueError) nats/src/nats/js/errors.py:472 raised by _validate_stream_name nats/src/nats/js/manager.py:66 and pull_subscribe_bind nats/src/nats/js/client.py:985
jetstream	jetstream.ErrStreamNotFound	partial	closed	ed8b8aa	nats/tests/test_js_manager_parity.py::JetStreamErrorsTest::test_api_errors_are_typed; nats/tests/test_js_manager_parity.py::StreamManagementTest::test_stream_names_and_list_streams	StreamNotFoundError(NotFoundError) nats/src/nats/js/errors.py:229 for 10059 (APIError.from_error maps err_code via _API_ERRORS nats/src/nats/js/errors.py:1217 when the typed class subclasses the status class nats/src/nats/js/errors.py:141) and for a subject no stream holds nats/src/nats/js/manager.py:88
jetstream	jetstream.ErrStreamSourceMultipleFilterSubjectsNotSupported	missing	closed	ed8b8aa	nats/tests/test_js_manager_parity.py::JetStreamErrorsTest::test_stream_source_multiple_filter_subjects	StreamSourceMultipleFilterSubjectsNotSupportedError nats/src/nats/js/errors.py:559 with nats.go's message; never raised, which matches nats.go (jetstream/errors.go:132 defines it, no non-test code returns it); test pinned in d3016f5
jetstream	jetstream.ErrStreamSourceNotSupported	missing	closed	ed8b8aa	nats/tests/test_js_manager_parity.py::NotSupportedErrorsTest::test_stream_not_supported	StreamSourceNotSupportedError nats/src/nats/js/errors.py:542 raised by add_stream/update_stream when the server returns fewer sources nats/src/nats/js/manager.py:104 (as nats.go CreateStream); needs a pre-2.10 server, so no test
jetstream	jetstream.ErrStreamSourceSubjectTransformNotSupported	missing	closed	ed8b8aa	nats/tests/test_js_manager_parity.py::NotSupportedErrorsTest::test_stream_not_supported	StreamSourceSubjectTransformNotSupportedError nats/src/nats/js/errors.py:551 raised when a source's subject_transforms are dropped nats/src/nats/js/manager.py:116; only its subclass relation is unit-checked (test_client_side_errors), the raise needs a pre-2.10 server
jetstream	jetstream.ErrStreamSubjectTransformNotSupported	missing	closed	ed8b8aa	nats/tests/test_js_manager_parity.py::NotSupportedErrorsTest::test_stream_not_supported	StreamSubjectTransformNotSupportedError nats/src/nats/js/errors.py:533 raised when subject_transform is dropped nats/src/nats/js/manager.py:99; needs a pre-2.10 server, so no test
jetstream	jetstream.ErrorCode	missing	closed	ed8b8aa	nats/tests/test_js_manager_parity.py::ErrorCodeTest::test_error_code_values	ErrorCode(IntEnum) nats/src/nats/js/errors.py:28
jetstream	jetstream.JSErrCodeBadRequest	missing	closed	ed8b8aa	nats/tests/test_js_manager_parity.py::ErrorCodeTest::test_error_code_values	ErrorCode.BAD_REQUEST nats/src/nats/js/errors.py:35 (member of ErrorCode IntEnum nats/src/nats/js/errors.py:28)
jetstream	jetstream.JSErrCodeConsumerAlreadyExists	missing	closed	ed8b8aa	nats/tests/test_js_manager_parity.py::ErrorCodeTest::test_error_code_values	ErrorCode.CONSUMER_ALREADY_EXISTS nats/src/nats/js/errors.py:46 (member of ErrorCode IntEnum nats/src/nats/js/errors.py:28)
jetstream	jetstream.JSErrCodeConsumerCreate	missing	closed	ed8b8aa	nats/tests/test_js_manager_parity.py::ErrorCodeTest::test_error_code_values	ErrorCode.CONSUMER_CREATE nats/src/nats/js/errors.py:36 (member of ErrorCode IntEnum nats/src/nats/js/errors.py:28)
jetstream	jetstream.JSErrCodeConsumerDoesNotExist	missing	closed	ed8b8aa	nats/tests/test_js_manager_parity.py::ErrorCodeTest::test_error_code_values	ErrorCode.CONSUMER_DOES_NOT_EXIST nats/src/nats/js/errors.py:51 (member of ErrorCode IntEnum nats/src/nats/js/errors.py:28)
jetstream	jetstream.JSErrCodeConsumerEmptyFilter	missing	closed	ed8b8aa	nats/tests/test_js_manager_parity.py::ErrorCodeTest::test_error_code_values	ErrorCode.CONSUMER_EMPTY_FILTER nats/src/nats/js/errors.py:49 (member of ErrorCode IntEnum nats/src/nats/js/errors.py:28)
jetstream	jetstream.JSErrCodeConsumerExists	missing	closed	ed8b8aa	nats/tests/test_js_manager_parity.py::ErrorCodeTest::test_error_code_values	ErrorCode.CONSUMER_EXISTS nats/src/nats/js/errors.py:50 (member of ErrorCode IntEnum nats/src/nats/js/errors.py:28)
jetstream	jetstream.JSErrCodeConsumerInvalidReset	partial	closed	ed8b8aa	nats/tests/test_js_manager_parity.py::ErrorCodeTest::test_error_code_values	ErrorCode.CONSUMER_INVALID_RESET nats/src/nats/js/errors.py:61 (member of ErrorCode IntEnum nats/src/nats/js/errors.py:28)
jetstream	jetstream.JSErrCodeConsumerNameExists	missing	closed	ed8b8aa	nats/tests/test_js_manager_parity.py::ErrorCodeTest::test_error_code_values	ErrorCode.CONSUMER_NAME_EXISTS nats/src/nats/js/errors.py:37 (member of ErrorCode IntEnum nats/src/nats/js/errors.py:28)
jetstream	jetstream.JSErrCodeConsumerNotFound	missing	closed	ed8b8aa	nats/tests/test_js_manager_parity.py::ErrorCodeTest::test_error_code_values	ErrorCode.CONSUMER_NOT_FOUND nats/src/nats/js/errors.py:38 (member of ErrorCode IntEnum nats/src/nats/js/errors.py:28)
jetstream	jetstream.JSErrCodeDuplicateFilterSubjects	missing	closed	ed8b8aa	nats/tests/test_js_manager_parity.py::ErrorCodeTest::test_error_code_values	ErrorCode.DUPLICATE_FILTER_SUBJECTS nats/src/nats/js/errors.py:47 (member of ErrorCode IntEnum nats/src/nats/js/errors.py:28)
jetstream	jetstream.JSErrCodeJetStreamNotEnabled	missing	closed	ed8b8aa	nats/tests/test_js_manager_parity.py::ErrorCodeTest::test_error_code_values	ErrorCode.JETSTREAM_NOT_ENABLED nats/src/nats/js/errors.py:45 (member of ErrorCode IntEnum nats/src/nats/js/errors.py:28)
jetstream	jetstream.JSErrCodeJetStreamNotEnabledForAccount	missing	closed	ed8b8aa	nats/tests/test_js_manager_parity.py::ErrorCodeTest::test_error_code_values	ErrorCode.JETSTREAM_NOT_ENABLED_FOR_ACCOUNT nats/src/nats/js/errors.py:41 (member of ErrorCode IntEnum nats/src/nats/js/errors.py:28)
jetstream	jetstream.JSErrCodeMaximumConsumersLimit	missing	closed	ed8b8aa	nats/tests/test_js_manager_parity.py::ErrorCodeTest::test_error_code_values	ErrorCode.MAXIMUM_CONSUMERS_LIMIT nats/src/nats/js/errors.py:39 (member of ErrorCode IntEnum nats/src/nats/js/errors.py:28)
jetstream	jetstream.JSErrCodeMessageNotFound	missing	closed	ed8b8aa	nats/tests/test_js_manager_parity.py::ErrorCodeTest::test_error_code_values	ErrorCode.MESSAGE_NOT_FOUND nats/src/nats/js/errors.py:40 (member of ErrorCode IntEnum nats/src/nats/js/errors.py:28)
jetstream	jetstream.JSErrCodeMessageSchedulesDisabled	missing	closed	ed8b8aa	nats/tests/test_js_manager_parity.py::ErrorCodeTest::test_error_code_values	ErrorCode.MESSAGE_SCHEDULES_DISABLED nats/src/nats/js/errors.py:55 (member of ErrorCode IntEnum nats/src/nats/js/errors.py:28)
jetstream	jetstream.JSErrCodeMirrorWithMsgSchedules	missing	closed	ed8b8aa	nats/tests/test_js_manager_parity.py::ErrorCodeTest::test_error_code_values	ErrorCode.MIRROR_WITH_MSG_SCHEDULES nats/src/nats/js/errors.py:53 (member of ErrorCode IntEnum nats/src/nats/js/errors.py:28)
jetstream	jetstream.JSErrCodeOverlappingFilterSubjects	missing	closed	ed8b8aa	nats/tests/test_js_manager_parity.py::ErrorCodeTest::test_error_code_values	ErrorCode.OVERLAPPING_FILTER_SUBJECTS nats/src/nats/js/errors.py:48 (member of ErrorCode IntEnum nats/src/nats/js/errors.py:28)
jetstream	jetstream.JSErrCodeSchedulePatternInvalid	missing	closed	ed8b8aa	nats/tests/test_js_manager_parity.py::ErrorCodeTest::test_error_code_values	ErrorCode.SCHEDULE_PATTERN_INVALID nats/src/nats/js/errors.py:56 (member of ErrorCode IntEnum nats/src/nats/js/errors.py:28)
jetstream	jetstream.JSErrCodeScheduleRollupInvalid	missing	closed	ed8b8aa	nats/tests/test_js_manager_parity.py::ErrorCodeTest::test_error_code_values	ErrorCode.SCHEDULE_ROLLUP_INVALID nats/src/nats/js/errors.py:59 (member of ErrorCode IntEnum nats/src/nats/js/errors.py:28)
jetstream	jetstream.JSErrCodeScheduleSourceInvalid	missing	closed	ed8b8aa	nats/tests/test_js_manager_parity.py::ErrorCodeTest::test_error_code_values	ErrorCode.SCHEDULE_SOURCE_INVALID nats/src/nats/js/errors.py:60 (member of ErrorCode IntEnum nats/src/nats/js/errors.py:28)
jetstream	jetstream.JSErrCodeScheduleTTLInvalid	missing	closed	ed8b8aa	nats/tests/test_js_manager_parity.py::ErrorCodeTest::test_error_code_values	ErrorCode.SCHEDULE_TTL_INVALID nats/src/nats/js/errors.py:58 (member of ErrorCode IntEnum nats/src/nats/js/errors.py:28)
jetstream	jetstream.JSErrCodeScheduleTargetInvalid	missing	closed	ed8b8aa	nats/tests/test_js_manager_parity.py::ErrorCodeTest::test_error_code_values	ErrorCode.SCHEDULE_TARGET_INVALID nats/src/nats/js/errors.py:57 (member of ErrorCode IntEnum nats/src/nats/js/errors.py:28)
jetstream	jetstream.JSErrCodeSourceWithMsgSchedules	missing	closed	ed8b8aa	nats/tests/test_js_manager_parity.py::ErrorCodeTest::test_error_code_values	ErrorCode.SOURCE_WITH_MSG_SCHEDULES nats/src/nats/js/errors.py:54 (member of ErrorCode IntEnum nats/src/nats/js/errors.py:28)
jetstream	jetstream.JSErrCodeStreamNameInUse	missing	closed	ed8b8aa	nats/tests/test_js_manager_parity.py::ErrorCodeTest::test_error_code_values	ErrorCode.STREAM_NAME_IN_USE nats/src/nats/js/errors.py:42 (member of ErrorCode IntEnum nats/src/nats/js/errors.py:28)
jetstream	jetstream.JSErrCodeStreamNotFound	missing	closed	ed8b8aa	nats/tests/test_js_manager_parity.py::ErrorCodeTest::test_error_code_values	ErrorCode.STREAM_NOT_FOUND nats/src/nats/js/errors.py:43 (member of ErrorCode IntEnum nats/src/nats/js/errors.py:28)
jetstream	jetstream.JSErrCodeStreamWrongLastSequence	partial	closed	ed8b8aa	nats/tests/test_js_manager_parity.py::ErrorCodeTest::test_error_code_values	ErrorCode.STREAM_WRONG_LAST_SEQUENCE nats/src/nats/js/errors.py:44 (member of ErrorCode IntEnum nats/src/nats/js/errors.py:28)
jetstream	jetstream.JSErrCodeStreamWrongLastSequenceConstant	partial	closed	ed8b8aa	nats/tests/test_js_manager_parity.py::ErrorCodeTest::test_error_code_values	ErrorCode.STREAM_WRONG_LAST_SEQUENCE_CONSTANT nats/src/nats/js/errors.py:52 (member of ErrorCode IntEnum nats/src/nats/js/errors.py:28)
jetstream	jetstream.JetStream.Conn	partial	closed	40bd83c	nats/tests/test_js_manager_parity.py::JetStreamOptionsTest::test_client_trace_and_options	JetStreamManager.conn property nats/src/nats/js/manager.py:151, inherited by JetStreamContext
jetstream	jetstream.JetStream.Options	missing	closed	40bd83c	nats/tests/test_js_manager_parity.py::JetStreamOptionsTest::test_client_trace_and_options; nats/tests/test_js_consume_parity.py::PublishAsyncTest::test_timeout	options property returning api.JetStreamOptions nats/src/nats/js/manager.py:158, nats/src/nats/js/client.py:227
jetstream	jetstream.JetStreamError	partial	closed	ed8b8aa	nats/tests/test_js_manager_parity.py::ErrorCodeTest::test_client_side_errors; nats/tests/test_js_manager_parity.py::ErrorCodeTest::test_from_error_maps_err_code	JetStreamError = Error alias nats/src/nats/js/errors.py:88; Error.api_error nats/src/nats/js/errors.py:79 (nats.go JetStreamError.APIError())
jetstream	jetstream.JetStreamOptions	partial	closed	40bd83c	nats/tests/test_js_manager_parity.py::JetStreamOptionsTest::test_client_trace_and_options	api.JetStreamOptions(api_prefix, domain, default_timeout, client_trace, publish_async_max_pending, publish_async_timeout) nats/src/nats/js/api.py:107
jetstream	jetstream.JetStreamOptions.ClientTrace	missing	closed	40bd83c	nats/tests/test_js_manager_parity.py::JetStreamOptionsTest::test_client_trace_and_options	JetStreamOptions.client_trace nats/src/nats/js/api.py:117; api.ClientTrace(request_sent, response_received) nats/src/nats/js/api.py:94; nc.jetstream()/nc.jsm(client_trace=) nats/src/nats/js/client.py:180, nats/src/nats/js/manager.py:142; hooks called around every API request in JetStreamManager._request nats/src/nats/js/manager.py:917-921 (publishes are not traced, as in nats.go)
jetstream	jetstream.MessageHandler	partial	closed	c8cc13f	nats/tests/test_js_consume_parity.py::PullConsumeTest::test_consume	PullConsumer.consume(cb, ...) nats/src/nats/js/consume.py:417 (also OrderedConsumer.consume nats/src/nats/js/consume.py:1254, PushConsumer.consume nats/src/nats/js/consume.py:1599)
jetstream	jetstream.MigrationStatusBlocked	missing	closed	280042a	nats/tests/test_js_manager_parity.py::APITypesTest::test_migration_status_values	MigrationStatusType.BLOCKED nats/src/nats/js/api.py:725; api.MigrationStatusType(str, Enum) nats/src/nats/js/api.py:714 values meta/membership/snapshot/catchup/quorum/blocked/unavailable
jetstream	jetstream.MigrationStatusCatchup	missing	closed	280042a	nats/tests/test_js_manager_parity.py::APITypesTest::test_migration_status_values	MigrationStatusType.CATCHUP nats/src/nats/js/api.py:723; api.MigrationStatusType(str, Enum) nats/src/nats/js/api.py:714 values meta/membership/snapshot/catchup/quorum/blocked/unavailable
jetstream	jetstream.MigrationStatusMembership	missing	closed	280042a	nats/tests/test_js_manager_parity.py::APITypesTest::test_migration_status_values	MigrationStatusType.MEMBERSHIP nats/src/nats/js/api.py:721; api.MigrationStatusType(str, Enum) nats/src/nats/js/api.py:714 values meta/membership/snapshot/catchup/quorum/blocked/unavailable
jetstream	jetstream.MigrationStatusMeta	missing	closed	280042a	nats/tests/test_js_manager_parity.py::APITypesTest::test_migration_status_values	MigrationStatusType.META nats/src/nats/js/api.py:720; api.MigrationStatusType(str, Enum) nats/src/nats/js/api.py:714 values meta/membership/snapshot/catchup/quorum/blocked/unavailable
jetstream	jetstream.MigrationStatusQuorum	missing	closed	280042a	nats/tests/test_js_manager_parity.py::APITypesTest::test_migration_status_values	MigrationStatusType.QUORUM nats/src/nats/js/api.py:724; api.MigrationStatusType(str, Enum) nats/src/nats/js/api.py:714 values meta/membership/snapshot/catchup/quorum/blocked/unavailable
jetstream	jetstream.MigrationStatusSnapshot	missing	closed	280042a	nats/tests/test_js_manager_parity.py::APITypesTest::test_migration_status_values	MigrationStatusType.SNAPSHOT nats/src/nats/js/api.py:722; api.MigrationStatusType(str, Enum) nats/src/nats/js/api.py:714 values meta/membership/snapshot/catchup/quorum/blocked/unavailable
jetstream	jetstream.MigrationStatusType	missing	closed	280042a	nats/tests/test_js_manager_parity.py::APITypesTest::test_migration_status_values; nats/tests/test_js_manager_parity.py::APITypesTest::test_cluster_info_fields	api.MigrationStatusType(str, Enum) nats/src/nats/js/api.py:714 values meta/membership/snapshot/catchup/quorum/blocked/unavailable
jetstream	jetstream.MigrationStatusUnavailable	missing	closed	280042a	nats/tests/test_js_manager_parity.py::APITypesTest::test_migration_status_values	MigrationStatusType.UNAVAILABLE nats/src/nats/js/api.py:726; api.MigrationStatusType(str, Enum) nats/src/nats/js/api.py:714 values meta/membership/snapshot/catchup/quorum/blocked/unavailable
jetstream	jetstream.NextMaxWait	partial	closed	1463236	nats/tests/test_js_consume_parity.py::PullConsumerFetchTest::test_next	PullConsumer.next(max_wait=, heartbeat=) nats/src/nats/js/consume.py:404, default expiry DEFAULT_EXPIRES nats/src/nats/js/consume.py:563
jetstream	jetstream.PeerInfo.Peer	missing	closed	280042a	nats/tests/test_js_manager_parity.py::APITypesTest::test_cluster_info_fields	PeerInfo.peer nats/src/nats/js/api.py:708
jetstream	jetstream.PeerInfo.Pending	missing	closed	280042a	nats/tests/test_js_manager_parity.py::APITypesTest::test_cluster_info_fields	PeerInfo.pending nats/src/nats/js/api.py:711
jetstream	jetstream.Stream	partial	closed	769aec8	nats/tests/test_js_manager_parity.py::StreamHandleTest::test_stream_handle	Stream handle nats/src/nats/js/manager.py:951 returned by js.stream(name) nats/src/nats/js/manager.py:194: name, cached_info, info, purge, get_msg, get_last_msg_for_subject, delete_msg, secure_delete_msg and the StreamConsumerManager methods; consumer()/push_consumer()/ordered_consumer() now return the PullConsumer/PushConsumer/OrderedConsumer handles nats/src/nats/js/manager.py:1149-1169 (bb9dfa8, f812903, 3f50039)
jetstream	jetstream.Stream.CachedInfo	missing	closed	769aec8	nats/tests/test_js_manager_parity.py::StreamHandleTest::test_stream_handle	Stream.cached_info() nats/src/nats/js/manager.py:976
jetstream	jetstream.Stream.DeleteMsg	partial	closed	769aec8	nats/tests/test_js_manager_parity.py::ConsumerManagementTest::test_delete_msg_no_erase; nats/tests/test_js_manager_parity.py::StreamHandleTest::test_stream_handle	Stream.delete_msg sends no_erase=true nats/src/nats/js/manager.py:1044 via JetStreamManager.delete_msg(no_erase=) nats/src/nats/js/manager.py:869; no_erase plumbing from 5d83c5f; raises MsgDeleteUnsuccessfulError since 5fadff7
jetstream	jetstream.StreamConsumerManager	partial	closed	769aec8	nats/tests/test_js_manager_parity.py::StreamHandleTest::test_stream_handle	Stream implements create/update/create_or_update(_push)_consumer, consumer_info, delete/pause/resume/reset/unpin_consumer, list_consumers, consumer_names nats/src/nats/js/manager.py:1066-1138, and consumer/push_consumer/ordered_consumer handles nats/src/nats/js/manager.py:1149-1169 (accessors fixed in bb9dfa8/f812903/3f50039)
jetstream	jetstream.StreamConsumerManager.Consumer	partial	closed	bb9dfa8	nats/tests/test_js_manager_parity.py::StreamHandleTest::test_stream_handle	Stream.consumer(name) returns the nats.js.consume.PullConsumer handle via JetStreamContext.pull_consumer nats/src/nats/js/manager.py:1149; NotPullConsumerError for a push consumer
jetstream	jetstream.StreamConsumerManager.CreateConsumer	partial	closed	769aec8	nats/tests/test_js_manager_parity.py::StreamHandleTest::test_stream_handle	Stream.create_consumer -> action=create nats/src/nats/js/manager.py:1066 (returns ConsumerInfo; handle via Stream.consumer)
jetstream	jetstream.StreamConsumerManager.CreateOrUpdatePushConsumer	partial	closed	769aec8	nats/tests/test_js_manager_parity.py::StreamHandleTest::test_stream_handle	Stream.create_or_update_push_consumer nats/src/nats/js/manager.py:1106 requires deliver_subject nats/src/nats/js/manager.py:1087
jetstream	jetstream.StreamConsumerManager.CreatePushConsumer	partial	closed	769aec8	nats/tests/test_js_manager_parity.py::StreamHandleTest::test_stream_handle	Stream.create_push_consumer nats/src/nats/js/manager.py:1093, NotPushConsumerError without deliver_subject nats/src/nats/js/manager.py:1090
jetstream	jetstream.StreamConsumerManager.OrderedConsumer	partial	closed	3f50039	nats/tests/test_js_manager_parity.py::StreamHandleTest::test_stream_handle	Stream.ordered_consumer(OrderedConsumerConfig) returns the pull-based nats.js.consume.OrderedConsumer nats/src/nats/js/manager.py:1169
jetstream	jetstream.StreamConsumerManager.PushConsumer	partial	closed	f812903	nats/tests/test_js_manager_parity.py::StreamHandleTest::test_stream_handle	Stream.push_consumer(name) returns the nats.js.consume.PushConsumer handle nats/src/nats/js/manager.py:1159; NotPushConsumerError for a pull consumer
jetstream	jetstream.StreamConsumerManager.UpdateConsumer	partial	closed	769aec8	nats/tests/test_js_manager_parity.py::StreamHandleTest::test_stream_handle	Stream.update_consumer -> action=update nats/src/nats/js/manager.py:1072
jetstream	jetstream.StreamConsumerManager.UpdatePushConsumer	partial	closed	769aec8	nats/tests/test_js_manager_parity.py::StreamHandleTest::test_stream_handle	Stream.update_push_consumer nats/src/nats/js/manager.py:1100
jetstream	jetstream.StreamInfo.TimeStamp	missing	closed	280042a	nats/tests/test_js_manager_parity.py::APITypesServerTest::test_info_fields	StreamInfo.ts nats/src/nats/js/api.py:822 parsed from 'ts'
jetstream	jetstream.StreamInfoLister	partial	closed	2614bd5	nats/tests/test_js_manager_parity.py::StreamManagementTest::test_stream_names_and_list_streams; nats/tests/test_js_manager_parity.py::StreamManagementTest::test_list_streams_pages	list_streams() async iterator over all pages nats/src/nats/js/manager.py:343
jetstream	jetstream.StreamManager.CreateOrUpdateStream	missing	closed	2614bd5	nats/tests/test_js_manager_parity.py::StreamManagementTest::test_create_or_update_stream	create_or_update_stream(): update, then create on StreamNotFoundError nats/src/nats/js/manager.py:396
jetstream	jetstream.StreamManager.ListStreams	partial	closed	2614bd5	nats/tests/test_js_manager_parity.py::StreamManagementTest::test_stream_names_and_list_streams; nats/tests/test_js_manager_parity.py::StreamManagementTest::test_list_streams_pages	list_streams(subject=) nats/src/nats/js/manager.py:343
jetstream	jetstream.StreamManager.Stream	partial	closed	769aec8	nats/tests/test_js_manager_parity.py::StreamHandleTest::test_stream_handle	js.stream(name) -> Stream handle with cached info nats/src/nats/js/manager.py:194
jetstream	jetstream.StreamManager.StreamNames	missing	closed	2614bd5	nats/tests/test_js_manager_parity.py::StreamManagementTest::test_stream_names_and_list_streams; nats/tests/test_js_manager_parity.py::StreamManagementTest::test_list_streams_pages	stream_names(subject=) async iterator nats/src/nats/js/manager.py:372
jetstream	jetstream.StreamNameLister	missing	closed	2614bd5	nats/tests/test_js_manager_parity.py::StreamManagementTest::test_stream_names_and_list_streams	stream_names() async iterator over STREAM.NAMES pages nats/src/nats/js/manager.py:372
jetstream	jetstream.StreamSource.Domain	missing	closed	280042a	nats/tests/test_js_manager_parity.py::APITypesTest::test_stream_source_domain; nats/tests/test_js_manager_parity.py::APITypesServerTest::test_info_fields	StreamSource.domain nats/src/nats/js/api.py:413 sent as external.api '$JS.<domain>.API' nats/src/nats/js/api.py:433, rejects domain+external
jetstream	jetstream.StreamSourceInfo.FilterSubject	missing	closed	280042a	nats/tests/test_js_manager_parity.py::APITypesServerTest::test_info_fields	StreamSourceInfo.filter_subject nats/src/nats/js/api.py:446
jetstream	jetstream.StreamSourceInfo.Seq	missing	closed	280042a	nats/tests/test_js_manager_parity.py::StreamSourceInfoTest::test_source_and_mirror_seq	StreamSourceInfo.seq nats/src/nats/js/api.py:445 (server json 'seq'); parsed in test_info_fields but never asserted
jetstream	jetstream.StreamSourceInfo.SubjectTransforms	missing	closed	280042a	nats/tests/test_js_manager_parity.py::APITypesServerTest::test_info_fields	StreamSourceInfo.subject_transforms nats/src/nats/js/api.py:447 converted nats/src/nats/js/api.py:452
jetstream	jetstream.StreamState.FirstTime	missing	closed	280042a	nats/tests/test_js_manager_parity.py::APITypesServerTest::test_info_fields	StreamState.first_ts nats/src/nats/js/api.py:474 parsed nats/src/nats/js/api.py:481
jetstream	jetstream.StreamState.LastTime	missing	closed	280042a	nats/tests/test_js_manager_parity.py::APITypesServerTest::test_info_fields	StreamState.last_ts nats/src/nats/js/api.py:475 parsed nats/src/nats/js/api.py:482
jetstream	jetstream.StreamState.NumSubjects	missing	closed	280042a	nats/tests/test_js_manager_parity.py::APITypesServerTest::test_info_fields	StreamState.num_subjects nats/src/nats/js/api.py:476
jetstream	jetstream.Tier.ReservedMemory	missing	closed	280042a	nats/tests/test_js_manager_parity.py::APITypesTest::test_api_stats_and_tiers	Tier.reserved_memory nats/src/nats/js/api.py:1195
jetstream	jetstream.Tier.ReservedStore	missing	closed	280042a	nats/tests/test_js_manager_parity.py::APITypesTest::test_api_stats_and_tiers	Tier.reserved_storage nats/src/nats/js/api.py:1196 (server json reserved_storage)
jetstream	jetstream.TimeStampHeaer	partial	closed	280042a	nats/tests/test_js_manager_parity.py::APITypesTest::test_defaults	api.Header.TIME_STAMP = 'Nats-Time-Stamp' nats/src/nats/js/api.py:63
jetstream	jetstream.WithClientTrace	missing	closed	40bd83c	nats/tests/test_js_manager_parity.py::JetStreamOptionsTest::test_client_trace_and_options	nc.jetstream(client_trace=ClientTrace(...)) nats/src/nats/js/client.py:180; api.ClientTrace(request_sent, response_received) nats/src/nats/js/api.py:94; nc.jetstream()/nc.jsm(client_trace=) nats/src/nats/js/client.py:180, nats/src/nats/js/manager.py:142; hooks called around every API request in JetStreamManager._request nats/src/nats/js/manager.py:917-921 (publishes are not traced, as in nats.go)
jetstream	jetstream.WithDeletedDetails	missing	closed	2614bd5	nats/tests/test_js_manager_parity.py::StreamManagementTest::test_stream_info_deleted_details; nats/tests/test_js_manager_parity.py::StreamHandleTest::test_stream_handle	stream_info(deleted_details=) nats/src/nats/js/manager.py:225; Stream.info(deleted_details=) nats/src/nats/js/manager.py:985
jetstream	jetstream.WithStreamListSubject	missing	closed	2614bd5	nats/tests/test_js_manager_parity.py::StreamManagementTest::test_stream_names_and_list_streams	subject= on list_streams nats/src/nats/js/manager.py:343 / stream_names nats/src/nats/js/manager.py:372
jetstream	jetstream.ConsumeContext	missing	closed	c8cc13f	nats/tests/test_js_consume_parity.py::PullConsumeTest::test_consume	ConsumeContext nats/src/nats/js/consume.py:777 returned by PullConsumer.consume (ordered: _OrderedConsumeContext nats/src/nats/js/consume.py:1330, push: PushConsumeContext nats/src/nats/js/consume.py:1628)
jetstream	jetstream.ConsumeContext.Closed	missing	closed	c8cc13f	nats/tests/test_js_consume_parity.py::PullConsumeTest::test_consume; nats/tests/test_js_consume_parity.py::PullConsumeTest::test_consume_stop_after	ConsumeContext.closed() awaitable / is_closed nats/src/nats/js/consume.py:810 nats/src/nats/js/consume.py:814
jetstream	jetstream.ConsumeContext.Drain	missing	closed	c8cc13f	nats/tests/test_js_consume_parity.py::PullConsumeTest::test_consume_drain	ConsumeContext.drain() nats/src/nats/js/consume.py:822
jetstream	jetstream.ConsumeContext.Stop	missing	closed	c8cc13f	nats/tests/test_js_consume_parity.py::PullConsumeTest::test_consume	ConsumeContext.stop() nats/src/nats/js/consume.py:818
jetstream	jetstream.ConsumeErrHandler	missing	closed	c8cc13f	nats/tests/test_js_consume_parity.py::PullConsumeTest::test_consume_errors; nats/tests/test_js_consume_parity.py::PullConsumeTest::test_consume_missing_heartbeat	consume(error_cb=) called as error_cb(ctx, err) nats/src/nats/js/consume.py:433 via ConsumeContext._report nats/src/nats/js/consume.py:839
jetstream	jetstream.ConsumeErrHandlerFunc	missing	closed	c8cc13f	nats/tests/test_js_consume_parity.py::PullConsumeTest::test_consume_errors; nats/tests/test_js_consume_parity.py::PullConsumeTest::test_consume_missing_heartbeat	error_cb is any sync or async callable(ctx, err) nats/src/nats/js/consume.py:433, awaited if needed by _call nats/src/nats/js/consume.py:93
jetstream	jetstream.Consumer	partial	closed	1463236	nats/tests/test_js_consume_parity.py::PullConsumerFetchTest::test_fetch; nats/tests/test_js_consume_parity.py::PullConsumeTest::test_consume	PullConsumer handle nats/src/nats/js/consume.py:280 (fetch, fetch_bytes, fetch_no_wait, next, consume, messages, info, cached_info) via js.pull_consumer nats/src/nats/js/client.py:1015
jetstream	jetstream.Consumer.CachedInfo	missing	closed	1463236	nats/tests/test_js_consume_parity.py::PullConsumerFetchTest::test_fetch	PullConsumer.cached_info() nats/src/nats/js/consume.py:325 / info() nats/src/nats/js/consume.py:320
jetstream	jetstream.Consumer.Consume	missing	closed	c8cc13f	nats/tests/test_js_consume_parity.py::PullConsumeTest::test_consume; nats/tests/test_js_consume_parity.py::PullConsumeTest::test_consume_by_bytes	PullConsumer.consume(cb, ...) -> ConsumeContext nats/src/nats/js/consume.py:417
jetstream	jetstream.Consumer.FetchBytes	missing	closed	1463236	nats/tests/test_js_consume_parity.py::PullConsumerFetchTest::test_fetch_bytes	PullConsumer.fetch_bytes(max_bytes, ...) nats/src/nats/js/consume.py:374
jetstream	jetstream.Consumer.FetchNoWait	missing	closed	1463236	nats/tests/test_js_consume_parity.py::PullConsumerFetchTest::test_fetch_no_wait	PullConsumer.fetch_no_wait(batch) nats/src/nats/js/consume.py:396
jetstream	jetstream.Consumer.Messages	missing	closed	1463236	nats/tests/test_js_consume_parity.py::PullConsumeTest::test_messages; nats/tests/test_js_consume_parity.py::PullConsumeTest::test_messages_stop_after_and_drain	PullConsumer.messages() -> MessagesContext nats/src/nats/js/consume.py:208
jetstream	jetstream.Consumer.Next	partial	closed	1463236	nats/tests/test_js_consume_parity.py::PullConsumerFetchTest::test_next	PullConsumer.next(max_wait, heartbeat) nats/src/nats/js/consume.py:404
jetstream	jetstream.ConsumerConfig.MaxRequestBatch	missing	closed	280042a	nats/tests/test_js_manager_parity.py::APITypesServerTest::test_info_fields	ConsumerConfig.max_batch nats/src/nats/js/api.py:1005 (round-trips through the server in the test)
jetstream	jetstream.ConsumerConfig.MaxRequestExpires	missing	closed	280042a	nats/tests/test_js_manager_parity.py::APITypesServerTest::test_info_fields	ConsumerConfig.max_expires seconds nats/src/nats/js/api.py:1006, ns conversion nats/src/nats/js/api.py:1016 nats/src/nats/js/api.py:1031
jetstream	jetstream.ConsumerConfig.MaxRequestMaxBytes	missing	closed	280042a	nats/tests/test_js_manager_parity.py::APITypesServerTest::test_info_fields	ConsumerConfig.max_bytes nats/src/nats/js/api.py:1007
jetstream	jetstream.ConsumerInfo.PauseRemaining	partial	closed	ae0ddcb	nats/tests/test_js.py::ConsumerPauseResumeTest::test_consumer_pause_and_resume	ConsumerInfo.pause_remaining float seconds nats/src/nats/js/api.py:1104 converted from server ns nats/src/nats/js/api.py:1113 (was Optional[str], unconverted, at db5f8da)
jetstream	jetstream.ConsumerInfo.TimeStamp	missing	closed	280042a	nats/tests/test_js_manager_parity.py::APITypesServerTest::test_info_fields	ConsumerInfo.ts nats/src/nats/js/api.py:1109
jetstream	jetstream.ConsumerInfoLister	partial	closed	5d83c5f	nats/tests/test_js_manager_parity.py::ConsumerManagementTest::test_consumer_names_and_list_consumers	list_consumers() async iterator over all pages nats/src/nats/js/manager.py:569
jetstream	jetstream.ConsumerManager	partial	closed	5d83c5f	nats/tests/test_js_manager_parity.py::ConsumerManagementTest::test_create_and_update_consumer; nats/tests/test_js_consume_parity.py::PullConsumerFetchTest::test_fetch; nats/tests/test_js_consume_parity.py::OrderedConsumerTest::test_fetch; nats/tests/test_js_consume_parity.py::PushConsumerTest::test_consume	JetStreamManager/JetStreamContext: create/update/create_or_update_consumer nats/src/nats/js/manager.py:465-493, consumer_names/list_consumers nats/src/nats/js/manager.py:549, delete/pause/resume/reset/unpin_consumer, pull_consumer/ordered_consumer/push_consumer nats/src/nats/js/client.py:1015-1052
jetstream	jetstream.ConsumerManager.Consumer	partial	closed	1463236	nats/tests/test_js_consume_parity.py::PullConsumerFetchTest::test_fetch; nats/tests/test_js_consume_parity.py::PullConsumerFetchTest::test_invalid_options	js.pull_consumer(stream, name) -> PullConsumer with cached info nats/src/nats/js/client.py:1015, NotPullConsumerError for push nats/src/nats/js/client.py:1029
jetstream	jetstream.ConsumerManager.ConsumerNames	missing	closed	5d83c5f	nats/tests/test_js_manager_parity.py::ConsumerManagementTest::test_consumer_names_and_list_consumers	consumer_names(stream) nats/src/nats/js/manager.py:549
jetstream	jetstream.ConsumerManager.CreateConsumer	partial	closed	5d83c5f	nats/tests/test_js_manager_parity.py::ConsumerManagementTest::test_create_and_update_consumer	create_consumer -> action=create nats/src/nats/js/manager.py:465, nats/src/nats/js/manager.py:536
jetstream	jetstream.ConsumerManager.CreateOrUpdatePushConsumer	partial	closed	769aec8	nats/tests/test_js_manager_parity.py::StreamHandleTest::test_stream_handle	js.create_or_update_consumer(stream, deliver_subject=...) nats/src/nats/js/manager.py:493 / Stream.create_or_update_push_consumer nats/src/nats/js/manager.py:1106; handle via js.push_consumer
jetstream	jetstream.ConsumerManager.CreatePushConsumer	partial	closed	769aec8	nats/tests/test_js_manager_parity.py::StreamHandleTest::test_stream_handle	js.create_consumer(stream, deliver_subject=...) nats/src/nats/js/manager.py:465; validated variant Stream.create_push_consumer nats/src/nats/js/manager.py:1093 (no JetStreamContext-level create_push_consumer name)
jetstream	jetstream.ConsumerManager.ListConsumers	partial	closed	5d83c5f	nats/tests/test_js_manager_parity.py::ConsumerManagementTest::test_consumer_names_and_list_consumers	list_consumers(stream) nats/src/nats/js/manager.py:569
jetstream	jetstream.ConsumerManager.OrderedConsumer	partial	closed	66e5339	nats/tests/test_js_consume_parity.py::OrderedConsumerTest::test_messages; nats/tests/test_js_consume_parity.py::OrderedConsumerTest::test_fetch; nats/tests/test_js_consume_parity.py::OrderedConsumerTest::test_consume	js.ordered_consumer(stream, OrderedConsumerConfig) nats/src/nats/js/client.py:1032 -> pull-based OrderedConsumer nats/src/nats/js/consume.py:1075
jetstream	jetstream.ConsumerManager.PushConsumer	partial	closed	9cabe2a	nats/tests/test_js_consume_parity.py::PushConsumerTest::test_consume	js.push_consumer(stream, name) -> PushConsumer nats/src/nats/js/client.py:1052
jetstream	jetstream.ConsumerManager.UpdateConsumer	partial	closed	5d83c5f	nats/tests/test_js_manager_parity.py::ConsumerManagementTest::test_create_and_update_consumer	update_consumer -> action=update nats/src/nats/js/manager.py:480
jetstream	jetstream.ConsumerManager.UpdatePushConsumer	partial	closed	769aec8	nats/tests/test_js_manager_parity.py::StreamHandleTest::test_stream_handle	js.update_consumer(stream, deliver_subject=...) nats/src/nats/js/manager.py:480 / Stream.update_push_consumer nats/src/nats/js/manager.py:1100
jetstream	jetstream.ConsumerNameLister	missing	closed	5d83c5f	nats/tests/test_js_manager_parity.py::ConsumerManagementTest::test_consumer_names_and_list_consumers	consumer_names() async iterator over CONSUMER.NAMES pages nats/src/nats/js/manager.py:549
jetstream	jetstream.ConsumerPauseResponse.PauseRemaining	partial	closed	ae0ddcb	nats/tests/test_js.py::ConsumerPauseResumeTest::test_consumer_pause_and_resume	ConsumerPause.pause_remaining float seconds nats/src/nats/js/api.py:1141 converted from ns nats/src/nats/js/api.py:1145 (was Optional[str] at db5f8da)
jetstream	jetstream.ErrAsyncPublishReplySubjectSet	missing	closed	23c2c4d	nats/tests/test_js_consume_parity.py::PublishAsyncTest::test_publish_msg_async	AsyncPublishReplySubjectSetError nats/src/nats/js/errors.py:812 raised by publish_msg_async nats/src/nats/js/client.py:563
jetstream	jetstream.ErrAsyncPublishTimeout	missing	closed	23c2c4d	nats/tests/test_js_consume_parity.py::PublishAsyncTest::test_timeout	AsyncPublishTimeoutError nats/src/nats/js/errors.py:794 set on expiry of publish_async_timeout nats/src/nats/js/client.py:554
jetstream	jetstream.ErrBatchCompleted	missing	closed	46cf5f5	nats/tests/test_js_consume_parity.py::StatusErrorsTest::test_status_error_classes	BatchCompletedError(APIError) nats/src/nats/js/errors.py:667 from 409 'Batch Completed' nats/src/nats/js/errors.py:692; consume treats it as the end of a pull nats/src/nats/js/consume.py:730; unit test only
jetstream	jetstream.ErrConsumerLeadershipChanged	missing	closed	46cf5f5	nats/tests/test_js_consume_parity.py::StatusErrorsTest::test_status_error_classes	ConsumerLeadershipChangedError(APIError) nats/src/nats/js/errors.py:675 from 409 'Leadership Change' nats/src/nats/js/errors.py:696; consume reports it and resets pending nats/src/nats/js/consume.py:747, push nats/src/nats/js/consume.py:1719; unit test only
jetstream	jetstream.ErrInvalidJSAck	missing	closed	6ad0d36	nats/tests/test_js_consume_parity.py::InvalidResponseTest::test_invalid_pub_ack	InvalidJSAckError nats/src/nats/js/errors.py:767 raised by _parse_pub_ack nats/src/nats/js/client.py:396
jetstream	jetstream.ErrInvalidJetStreamResponse	missing	closed	6ad0d36	nats/tests/test_js_consume_parity.py::InvalidResponseTest::test_invalid_api_response	InvalidJetStreamResponseError nats/src/nats/js/errors.py:776 on a non-JSON API reply nats/src/nats/js/manager.py:942
jetstream	jetstream.ErrJetStreamPublisherClosed	missing	closed	23c2c4d	nats/tests/test_js_consume_parity.py::PublishAsyncTest::test_cleanup_publisher	JetStreamPublisherClosedError nats/src/nats/js/errors.py:803 set on pending futures by cleanup_publisher nats/src/nats/js/client.py:601
jetstream	jetstream.ErrMaxBytesExceeded	missing	closed	46cf5f5	nats/tests/test_js_consume_parity.py::StatusErrorsTest::test_status_error_classes; nats/tests/test_js_consume_parity.py::PullConsumerFetchTest::test_fetch_bytes	MaxBytesExceededError(APIError) nats/src/nats/js/errors.py:659 from the 409 max bytes status; fetch/consume end the pull quietly as nats.go nats/src/nats/js/consume.py:273
jetstream	jetstream.ErrMsgDeleteUnsuccessful	partial	closed	5fadff7	nats/tests/test_js_manager_parity.py::StreamHandleTest::test_stream_handle	MsgDeleteUnsuccessfulError(APIError) nats/src/nats/js/errors.py:253 raised, chained from the API error, by Stream.delete_msg/secure_delete_msg nats/src/nats/js/manager.py:1061, nats/src/nats/js/manager.py:1063 (nats.go jetstream Stream.DeleteMsg; JetStreamManager.delete_msg keeps legacy bool/APIError like legacy nats.go JSM)
jetstream	jetstream.ErrMsgIteratorClosed	missing	closed	c8cc13f	nats/tests/test_js_consume_parity.py::PullConsumeTest::test_messages; nats/tests/test_js_consume_parity.py::OrderedConsumerTest::test_messages	MsgIteratorClosedError nats/src/nats/js/errors.py:711 raised by MessagesContext.next after stop/drain nats/src/nats/js/consume.py:949
jetstream	jetstream.ErrMsgNoReply	partial	closed	6ad0d36	nats/tests/test_js_consume_parity.py::MsgAckTest::test_ack_errors	nats.errors.MsgNoReplyError(NotJSMessageError) nats/src/nats/errors.py:439 raised by ack/nak/term/in_progress/term_with_reason nats/src/nats/aio/msg.py:166, nats/src/nats/aio/msg.py:271
jetstream	jetstream.ErrMsgNotBound	missing	closed	6ad0d36	nats/tests/test_js_consume_parity.py::MsgAckTest::test_ack_errors	nats.errors.MsgNotBoundError nats/src/nats/errors.py:448 raised for a message without a client nats/src/nats/aio/msg.py:168
jetstream	jetstream.ErrMsgNotFound	partial	closed	7adfd50	nats/tests/test_js_manager_parity.py::DirectGetNotFoundTest::test_direct_get_msg_not_found; nats/tests/test_js_manager_parity.py::ErrorCodeTest::test_from_error_maps_err_code	MsgNotFoundError(NotFoundError) nats/src/nats/js/errors.py:245: err_code 10037 on STREAM.MSG.GET via _API_ERRORS (ed8b8aa) and, since 7adfd50, the direct-get 404 path nats/src/nats/js/manager.py:830 (get_msg(direct=True), Stream.get_msg/get_last_msg_for_subject)
jetstream	jetstream.ErrNoHeartbeat	missing	closed	1463236	nats/tests/test_js_consume_parity.py::PullConsumeTest::test_fetch_missing_heartbeat; nats/tests/test_js_consume_parity.py::PullConsumeTest::test_consume_missing_heartbeat; nats/tests/test_js_consume_parity.py::PullConsumeTest::test_messages_missing_heartbeat; nats/tests/test_js_consume_parity.py::PushConsumerTest::test_missing_heartbeat	NoHeartbeatError nats/src/nats/js/errors.py:702: fetch nats/src/nats/js/consume.py:244, consume error_cb nats/src/nats/js/consume.py:902, messages nats/src/nats/js/consume.py:975, push nats/src/nats/js/consume.py:1729
jetstream	jetstream.ErrOrderedConsumerConcurrentRequests	missing	closed	66e5339	nats/tests/test_js_consume_parity.py::OrderedConsumerTest::test_consume; nats/tests/test_js_consume_parity.py::OrderedConsumerTest::test_fetch	OrderedConsumerConcurrentRequestsError nats/src/nats/js/errors.py:720 nats/src/nats/js/consume.py:1157
jetstream	jetstream.ErrOrderedConsumerNotCreated	missing	closed	66e5339	nats/tests/test_js_consume_parity.py::OrderedConsumerTest::test_recreate_fails	OrderedConsumerNotCreatedError nats/src/nats/js/errors.py:729 from OrderedConsumer.info() without a consumer nats/src/nats/js/consume.py:1209
jetstream	jetstream.ErrOrderedConsumerReset	missing	closed	5b84f68	nats/tests/test_js_consume_parity.py::OrderedConsumerTest::test_recreate_fails; nats/tests/test_js_consume_parity.py::OrderedConsumerTest::test_consume_recreate_fails	OrderedConsumerResetError nats/src/nats/js/errors.py:738 raised, chained from the last error, when max_reset_attempts is exhausted nats/src/nats/js/consume.py:1195; reaches fetch/next/messages and consume's error_cb
jetstream	jetstream.ErrServerShutdown	missing	closed	46cf5f5	nats/tests/test_js_consume_parity.py::StatusErrorsTest::test_status_error_classes	ServerShutdownError(APIError) nats/src/nats/js/errors.py:683 from 409 'Server Shutdown' nats/src/nats/js/errors.py:692; unit test only
jetstream	jetstream.ExpectedLastSubjSeqSubjHeader	missing	closed	fb64a11	nats/tests/test_js_consume_parity.py::MsgScheduleHeadersTest::test_constants; nats/tests/test_js_consume_parity.py::PublishOptionsTest::test_msg_id_and_expectations	api.Header.EXPECTED_LAST_SUBJECT_SEQUENCE_SUBJECT nats/src/nats/js/api.py:37, set by publish nats/src/nats/js/client.py:436
jetstream	jetstream.LastSequenceHeader	missing	closed	fb64a11	nats/tests/test_js_consume_parity.py::MsgScheduleHeadersTest::test_constants	api.Header.LAST_SEQUENCE = 'Nats-Last-Sequence' nats/src/nats/js/api.py:43
jetstream	jetstream.MessageBatch	partial	closed	1463236	nats/tests/test_js_consume_parity.py::PullConsumerFetchTest::test_fetch	MessageBatch nats/src/nats/js/consume.py:163 returned by fetch/fetch_bytes/fetch_no_wait
jetstream	jetstream.MessageBatch.Error	missing	closed	1463236	nats/tests/test_js_consume_parity.py::PullConsumerFetchTest::test_consumer_deleted; nats/tests/test_js_consume_parity.py::PullConsumeTest::test_fetch_missing_heartbeat	MessageBatch.error nats/src/nats/js/consume.py:196
jetstream	jetstream.MessageBatch.Messages	partial	closed	1463236	nats/tests/test_js_consume_parity.py::PullConsumerFetchTest::test_fetch	MessageBatch async iteration / messages() as they arrive nats/src/nats/js/consume.py:205 nats/src/nats/js/consume.py:208
jetstream	jetstream.MessagesContext	missing	closed	c8cc13f	nats/tests/test_js_consume_parity.py::PullConsumeTest::test_messages	MessagesContext nats/src/nats/js/consume.py:910
jetstream	jetstream.MessagesContext.Drain	missing	closed	c8cc13f	nats/tests/test_js_consume_parity.py::PullConsumeTest::test_messages_stop_after_and_drain	MessagesContext.drain() delivers buffered messages then closes nats/src/nats/js/consume.py:1000
jetstream	jetstream.MessagesContext.Next	missing	closed	c8cc13f	nats/tests/test_js_consume_parity.py::PullConsumeTest::test_messages	MessagesContext.next(timeout) / __anext__ nats/src/nats/js/consume.py:939
jetstream	jetstream.MessagesContext.Stop	missing	closed	c8cc13f	nats/tests/test_js_consume_parity.py::PullConsumeTest::test_messages	MessagesContext.stop() nats/src/nats/js/consume.py:996
jetstream	jetstream.Msg.TermWithReason	missing	closed	6ad0d36	nats/tests/test_js_consume_parity.py::MsgAckTest::test_term_with_reason	Msg.term_with_reason(reason) sends '+TERM <reason>' nats/src/nats/aio/msg.py:239
jetstream	jetstream.MsgAckHandler	missing	closed	23c2c4d	nats/tests/test_js_consume_parity.py::PublishAsyncTest::test_ack_and_err_handlers	PublishAsyncAckHandler(js, msg, ack) nats/src/nats/js/client.py:132, called on each ack nats/src/nats/js/client.py:299
jetstream	jetstream.MsgErrHandler	missing	closed	23c2c4d	nats/tests/test_js_consume_parity.py::PublishAsyncTest::test_ack_and_err_handlers; nats/tests/test_js_consume_parity.py::PublishAsyncTest::test_timeout	PublishAsyncErrHandler(js, msg, err) nats/src/nats/js/client.py:133, called on each failure nats/src/nats/js/client.py:302
jetstream	jetstream.MsgRollupAll	missing	closed	fb64a11	nats/tests/test_js_consume_parity.py::MsgScheduleHeadersTest::test_constants; nats/tests/test_js_consume_parity.py::PublishOptionsTest::test_rollup_all	api.MSG_ROLLUP_ALL = 'all' nats/src/nats/js/api.py:77
jetstream	jetstream.OrderedConsumerConfig	partial	closed	66e5339	nats/tests/test_js_consume_parity.py::OrderedConsumerTest::test_messages_stop_after_and_config; nats/tests/test_js_manager_parity.py::StreamHandleTest::test_stream_handle	OrderedConsumerConfig dataclass nats/src/nats/js/consume.py:1022 turned into the consumer config by OrderedConsumer._next_config nats/src/nats/js/consume.py:1104
jetstream	jetstream.OrderedConsumerConfig.FilterSubjects	partial	closed	66e5339	nats/tests/test_js_consume_parity.py::OrderedConsumerTest::test_messages_stop_after_and_config; nats/tests/test_js_manager_parity.py::StreamHandleTest::test_stream_handle	filter_subjects nats/src/nats/js/consume.py:1039 -> filter_subject/filter_subjects nats/src/nats/js/consume.py:1124
jetstream	jetstream.OrderedConsumerConfig.MaxResetAttempts	missing	closed	66e5339	nats/tests/test_js_consume_parity.py::OrderedConsumerTest::test_recreate_fails; nats/tests/test_js_consume_parity.py::OrderedConsumerTest::test_consume_recreate_fails	max_reset_attempts nats/src/nats/js/consume.py:1046 bounds recreation nats/src/nats/js/consume.py:1180, then OrderedConsumerResetError
jetstream	jetstream.OrderedConsumerConfig.Metadata	partial	closed	66e5339	nats/tests/test_js_consume_parity.py::OrderedConsumerTest::test_config_metadata_start_time_and_replay	metadata passed to the consumer config nats/src/nats/js/consume.py:1117; no test asserts it
jetstream	jetstream.OrderedConsumerConfig.NamePrefix	missing	closed	66e5339	nats/tests/test_js_consume_parity.py::OrderedConsumerTest::test_messages; nats/tests/test_js_manager_parity.py::StreamHandleTest::test_stream_handle	name_prefix nats/src/nats/js/consume.py:1048 -> '<prefix>_<n>' consumer names
jetstream	jetstream.OrderedConsumerConfig.OptStartSeq	partial	closed	66e5339	nats/tests/test_js_consume_parity.py::OrderedConsumerTest::test_messages_stop_after_and_config	opt_start_seq with BY_START_SEQUENCE nats/src/nats/js/consume.py:1128
jetstream	jetstream.OrderedConsumerConfig.OptStartTime	partial	closed	66e5339	nats/tests/test_js_consume_parity.py::OrderedConsumerTest::test_config_metadata_start_time_and_replay	opt_start_time with BY_START_TIME nats/src/nats/js/consume.py:1130; no test asserts it
jetstream	jetstream.OrderedConsumerConfig.ReplayPolicy	partial	closed	66e5339	nats/tests/test_js_consume_parity.py::OrderedConsumerTest::test_config_metadata_start_time_and_replay	replay_policy passed to the consumer config nats/src/nats/js/consume.py:1118; no test asserts it
jetstream	jetstream.PubAckFuture	partial	closed	23c2c4d	nats/tests/test_js_consume_parity.py::PublishAsyncTest::test_pub_ack_future	PubAckFuture(asyncio.Future) keeping the published msg nats/src/nats/js/client.py:94, returned by publish_async
jetstream	jetstream.PubAckFuture.Err	partial	closed	23c2c4d	nats/tests/test_js_consume_parity.py::PublishAsyncTest::test_pub_ack_future	PubAckFuture.err() nats/src/nats/js/client.py:119
jetstream	jetstream.PubAckFuture.Msg	missing	closed	23c2c4d	nats/tests/test_js_consume_parity.py::PublishAsyncTest::test_pub_ack_future	PubAckFuture.msg nats/src/nats/js/client.py:111
jetstream	jetstream.PubAckFuture.Ok	partial	closed	23c2c4d	nats/tests/test_js_consume_parity.py::PublishAsyncTest::test_pub_ack_future	PubAckFuture.ok() nats/src/nats/js/client.py:115
jetstream	jetstream.Publisher.CleanupPublisher	missing	closed	23c2c4d	nats/tests/test_js_consume_parity.py::PublishAsyncTest::test_cleanup_publisher	cleanup_publisher() fails pending futures with JetStreamPublisherClosedError and drops the ack subscription nats/src/nats/js/client.py:588
jetstream	jetstream.PullExpiry	missing	closed	c8cc13f	nats/tests/test_js_consume_parity.py::PullConsumeTest::test_consume_missing_heartbeat; nats/tests/test_js_consume_parity.py::PullConsumeTest::test_invalid_options	consume()/messages() keyword expires (>=1s, default 30s) nats/src/nats/js/consume.py:424, checked nats/src/nats/js/consume.py:612
jetstream	jetstream.PullHeartbeat	missing	closed	c8cc13f	nats/tests/test_js_consume_parity.py::PullConsumeTest::test_consume_missing_heartbeat; nats/tests/test_js_consume_parity.py::PullConsumeTest::test_messages_missing_heartbeat; nats/tests/test_js_consume_parity.py::PullConsumeTest::test_invalid_options	consume()/messages() keyword heartbeat (0.5-30s, <= expires/2) nats/src/nats/js/consume.py:618
jetstream	jetstream.PullMaxBytes	missing	closed	c8cc13f	nats/tests/test_js_consume_parity.py::PullConsumeTest::test_consume_by_bytes	consume()/messages() keyword max_bytes nats/src/nats/js/consume.py:422
jetstream	jetstream.PullMaxMessages	missing	closed	c8cc13f	nats/tests/test_js_consume_parity.py::PullConsumeTest::test_consume; nats/tests/test_js_consume_parity.py::PullConsumeTest::test_messages	consume()/messages() keyword max_messages, default DEFAULT_MAX_MESSAGES=500 nats/src/nats/js/consume.py:421
jetstream	jetstream.PullMaxMessagesWithBytesLimit	missing	closed	c8cc13f	nats/tests/test_js_consume_parity.py::PullConsumeTest::test_consume_by_bytes; nats/tests/test_js_consume_parity.py::PullConsumeTest::test_invalid_options	consume()/messages() keyword max_messages + bytes_limit nats/src/nats/js/consume.py:423 nats/src/nats/js/consume.py:621
jetstream	jetstream.PullMinAckPending	missing	closed	c8cc13f	nats/tests/test_js_consume_parity.py::PullConsumeTest::test_overflow_min_pending_and_min_ack_pending	consume()/messages() keyword min_ack_pending nats/src/nats/js/consume.py:428 sent in the pull request nats/src/nats/js/consume.py:153; not exercised by any test
jetstream	jetstream.PullMinPending	missing	closed	c8cc13f	nats/tests/test_js_consume_parity.py::PullConsumeTest::test_overflow_min_pending_and_min_ack_pending	consume()/messages() keyword min_pending nats/src/nats/js/consume.py:427 sent in the pull request nats/src/nats/js/consume.py:151; not exercised by any test
jetstream	jetstream.PullPrioritized	missing	closed	c8cc13f	nats/tests/test_js_consume_parity.py::PullConsumeTest::test_prioritized	consume()/messages() keyword priority 0-9 (+ group) nats/src/nats/js/consume.py:429, checked nats/src/nats/js/consume.py:616; only the fetch() variant is tested (PullConsumerFetchTest::test_invalid_options)
jetstream	jetstream.PullPriorityGroup	missing	closed	c8cc13f	nats/tests/test_js_consume_parity.py::PullConsumeTest::test_invalid_options; nats/tests/test_js_consume_parity.py::PullConsumerFetchTest::test_fetch_pinned	consume()/messages() keyword group, validated against the consumer's priority_groups nats/src/nats/js/consume.py:536
jetstream	jetstream.PullThresholdBytes	missing	closed	c8cc13f	nats/tests/test_js_consume_parity.py::PullConsumeTest::test_threshold_bytes	consume()/messages() keyword threshold_bytes (default half of max_bytes) nats/src/nats/js/consume.py:634; not exercised by any test
jetstream	jetstream.PullThresholdMessages	missing	closed	c8cc13f	nats/tests/test_js_consume_parity.py::PullConsumeTest::test_consume	consume()/messages() keyword threshold_messages (default half of max_messages) nats/src/nats/js/consume.py:633, re-pull check nats/src/nats/js/consume.py:699; exercised only through the default in test_consume
jetstream	jetstream.PushConsumer	partial	closed	9cabe2a	nats/tests/test_js_consume_parity.py::PushConsumerTest::test_consume	PushConsumer handle nats/src/nats/js/consume.py:1567 via js.push_consumer nats/src/nats/js/client.py:1052
jetstream	jetstream.PushConsumer.CachedInfo	missing	closed	9cabe2a	nats/tests/test_js_consume_parity.py::PushConsumerTest::test_consume	PushConsumer.cached_info()/info() nats/src/nats/js/consume.py:1595
jetstream	jetstream.PushConsumer.Consume	partial	closed	9cabe2a	nats/tests/test_js_consume_parity.py::PushConsumerTest::test_consume; nats/tests/test_js_consume_parity.py::PushConsumerTest::test_flow_control; nats/tests/test_js_consume_parity.py::PushConsumerTest::test_missing_heartbeat	PushConsumer.consume(cb, error_cb) with flow control replies, heartbeat monitor and PushConsumeContext stop/drain/closed nats/src/nats/js/consume.py:1599
jetstream	jetstream.SequenceHeader	partial	closed	fb64a11	nats/tests/test_js_consume_parity.py::MsgScheduleHeadersTest::test_constants	api.Header.SEQUENCE = 'Nats-Sequence' nats/src/nats/js/api.py:58
jetstream	jetstream.StopAfter	missing	closed	c8cc13f	nats/tests/test_js_consume_parity.py::PullConsumeTest::test_consume_stop_after; nats/tests/test_js_consume_parity.py::PullConsumeTest::test_messages_stop_after_and_drain; nats/tests/test_js_consume_parity.py::OrderedConsumerTest::test_consume_stop_after	consume()/messages() keyword stop_after (also ordered) nats/src/nats/js/consume.py:432
jetstream	jetstream.StreamHeader	partial	closed	fb64a11	nats/tests/test_js_consume_parity.py::MsgScheduleHeadersTest::test_constants	api.Header.STREAM = 'Nats-Stream' nats/src/nats/js/api.py:60
jetstream	jetstream.SubjectHeader	partial	closed	fb64a11	nats/tests/test_js_consume_parity.py::MsgScheduleHeadersTest::test_constants	api.Header.SUBJECT = 'Nats-Subject' nats/src/nats/js/api.py:61
jetstream	jetstream.WithExpectLastMsgID	partial	closed	fb64a11	nats/tests/test_js_consume_parity.py::PublishOptionsTest::test_msg_id_and_expectations	publish/publish_async(expected_last_msg_id=) nats/src/nats/js/client.py:423
jetstream	jetstream.WithExpectLastSequence	partial	closed	fb64a11	nats/tests/test_js_consume_parity.py::PublishOptionsTest::test_msg_id_and_expectations	publish/publish_async(expected_last_sequence=) nats/src/nats/js/client.py:429
jetstream	jetstream.WithExpectLastSequenceForSubject	missing	closed	fb64a11	nats/tests/test_js_consume_parity.py::PublishOptionsTest::test_msg_id_and_expectations	expected_last_subject_sequence + expected_last_subject_sequence_subject nats/src/nats/js/client.py:436
jetstream	jetstream.WithExpectLastSequencePerSubject	partial	closed	fb64a11	nats/tests/test_js_consume_parity.py::PublishOptionsTest::test_msg_id_and_expectations	publish/publish_async(expected_last_subject_sequence=) nats/src/nats/js/client.py:434
jetstream	jetstream.WithMessagesErrOnMissingHeartbeat	missing	closed	c8cc13f	nats/tests/test_js_consume_parity.py::PullConsumeTest::test_messages_missing_heartbeat	messages(err_on_missing_heartbeat=True default) nats/src/nats/js/consume.py:500 nats/src/nats/js/consume.py:974
jetstream	jetstream.WithMsgID	partial	closed	fb64a11	nats/tests/test_js_consume_parity.py::PublishOptionsTest::test_msg_id_and_expectations; nats/tests/test_js_consume_parity.py::PublishAsyncTest::test_pub_ack_future	publish/publish_async(msg_id=) nats/src/nats/js/client.py:420
jetstream	jetstream.WithPublishAsyncAckHandler	missing	closed	23c2c4d	nats/tests/test_js_consume_parity.py::PublishAsyncTest::test_ack_and_err_handlers	nc.jetstream(publish_async_ack_handler=) nats/src/nats/js/client.py:182
jetstream	jetstream.WithPublishAsyncErrHandler	missing	closed	23c2c4d	nats/tests/test_js_consume_parity.py::PublishAsyncTest::test_ack_and_err_handlers; nats/tests/test_js_consume_parity.py::PublishAsyncTest::test_timeout	nc.jetstream(publish_async_err_handler=) nats/src/nats/js/client.py:183
jetstream	jetstream.WithPublishAsyncTimeout	missing	closed	23c2c4d	nats/tests/test_js_consume_parity.py::PublishAsyncTest::test_timeout	nc.jetstream(publish_async_timeout=) nats/src/nats/js/client.py:181 timer -> AsyncPublishTimeoutError nats/src/nats/js/client.py:551
jetstream	jetstream.WithRetryAttempts	missing	closed	fb64a11	nats/tests/test_js_consume_parity.py::PublishOptionsTest::test_retry_on_no_responders; nats/tests/test_js_consume_parity.py::PublishAsyncTest::test_retry_on_no_responders	publish/publish_async(retry_attempts=, negative = until timeout) nats/src/nats/js/client.py:327, retry loop nats/src/nats/js/client.py:379, async resend nats/src/nats/js/client.py:279
jetstream	jetstream.WithRetryWait	missing	closed	fb64a11	nats/tests/test_js_consume_parity.py::PublishOptionsTest::test_retry_on_no_responders; nats/tests/test_js_consume_parity.py::PublishAsyncTest::test_retry_on_no_responders	publish/publish_async(retry_wait=) nats/src/nats/js/client.py:328
jetstream	jetstream.WithScheduleAt	partial	closed	fb64a11	nats/tests/test_js_consume_parity.py::MsgScheduleHeadersTest::test_at_is_rfc3339_utc; nats/tests/test_js_consume_parity.py::MsgScheduleHeadersTest::test_all_fields; nats/tests/test_js_consume_parity.py::PublishOptionsTest::test_schedule	MsgSchedule.at nats/src/nats/js/api.py:325; api.MsgSchedule(at, every, cron, target, source, ttl, ttl_never, time_zone, rollup).headers() nats/src/nats/js/api.py:302, set by publish/publish_async(schedule=) nats/src/nats/js/client.py:443
jetstream	jetstream.WithScheduleCron	partial	closed	fb64a11	nats/tests/test_js_consume_parity.py::MsgScheduleHeadersTest::test_all_fields	MsgSchedule.cron nats/src/nats/js/api.py:327; api.MsgSchedule(at, every, cron, target, source, ttl, ttl_never, time_zone, rollup).headers() nats/src/nats/js/api.py:302, set by publish/publish_async(schedule=) nats/src/nats/js/client.py:443
jetstream	jetstream.WithScheduleEvery	partial	closed	fb64a11	nats/tests/test_js_consume_parity.py::MsgScheduleHeadersTest::test_every_formats_go_duration; nats/tests/test_js_consume_parity.py::MsgScheduleHeadersTest::test_all_fields	MsgSchedule.every nats/src/nats/js/api.py:326; api.MsgSchedule(at, every, cron, target, source, ttl, ttl_never, time_zone, rollup).headers() nats/src/nats/js/api.py:302, set by publish/publish_async(schedule=) nats/src/nats/js/client.py:443
jetstream	jetstream.WithScheduleRollup	partial	closed	fb64a11	nats/tests/test_js_consume_parity.py::MsgScheduleHeadersTest::test_all_fields	MsgSchedule.rollup nats/src/nats/js/api.py:333; api.MsgSchedule(at, every, cron, target, source, ttl, ttl_never, time_zone, rollup).headers() nats/src/nats/js/api.py:302, set by publish/publish_async(schedule=) nats/src/nats/js/client.py:443
jetstream	jetstream.WithScheduleSource	partial	closed	fb64a11	nats/tests/test_js_consume_parity.py::MsgScheduleHeadersTest::test_all_fields	MsgSchedule.source nats/src/nats/js/api.py:329; api.MsgSchedule(at, every, cron, target, source, ttl, ttl_never, time_zone, rollup).headers() nats/src/nats/js/api.py:302, set by publish/publish_async(schedule=) nats/src/nats/js/client.py:443
jetstream	jetstream.WithScheduleTTL	partial	closed	fb64a11	nats/tests/test_js_consume_parity.py::MsgScheduleHeadersTest::test_all_fields	MsgSchedule.ttl nats/src/nats/js/api.py:330; api.MsgSchedule(at, every, cron, target, source, ttl, ttl_never, time_zone, rollup).headers() nats/src/nats/js/api.py:302, set by publish/publish_async(schedule=) nats/src/nats/js/client.py:443
jetstream	jetstream.WithScheduleTTLNever	partial	closed	fb64a11	nats/tests/test_js_consume_parity.py::MsgScheduleHeadersTest::test_all_fields	MsgSchedule.ttl_never nats/src/nats/js/api.py:331; api.MsgSchedule(at, every, cron, target, source, ttl, ttl_never, time_zone, rollup).headers() nats/src/nats/js/api.py:302, set by publish/publish_async(schedule=) nats/src/nats/js/client.py:443
jetstream	jetstream.WithScheduleTarget	partial	closed	fb64a11	nats/tests/test_js_consume_parity.py::MsgScheduleHeadersTest::test_all_fields; nats/tests/test_js_consume_parity.py::PublishOptionsTest::test_schedule	MsgSchedule.target nats/src/nats/js/api.py:328; api.MsgSchedule(at, every, cron, target, source, ttl, ttl_never, time_zone, rollup).headers() nats/src/nats/js/api.py:302, set by publish/publish_async(schedule=) nats/src/nats/js/client.py:443
jetstream	jetstream.WithScheduleTimeZone	partial	closed	fb64a11	nats/tests/test_js_consume_parity.py::MsgScheduleHeadersTest::test_all_fields	MsgSchedule.time_zone nats/src/nats/js/api.py:332; api.MsgSchedule(at, every, cron, target, source, ttl, ttl_never, time_zone, rollup).headers() nats/src/nats/js/api.py:302, set by publish/publish_async(schedule=) nats/src/nats/js/client.py:443
kv+objectstore+orbit	jetstream.ErrBucketExists	missing	closed	381908c	nats/tests/test_kv_parity.py::KVManagerTest::test_create_key_value_bucket_exists	nats/src/nats/js/errors.py:875 BucketExistsError(BadRequestError); raised for err_code 10058 by create_key_value nats/src/nats/js/client.py:1949 (after nats.go discard/direct upgrade probe) and create_object_store nats/src/nats/js/client.py:2247 (8951071); OS case tested by nats/tests/test_kv_parity.py::ObjectStoreBucketExistsTest::test_create_object_store_bucket_exists
kv+objectstore+orbit	jetstream.ErrBucketMalformed	missing	closed	0add82f	nats/tests/test_object_store_parity.py::ObjectLinkTest::test_add_bucket_link	nats/src/nats/js/errors.py:1189 BucketMalformedError 'nats: bucket malformed'; raised by add_bucket_link when bucket is not an ObjectStore nats/src/nats/js/object_store.py:693-694 (nats.go object.go AddBucketLink)
kv+objectstore+orbit	jetstream.ErrBucketRequired	missing	closed	0add82f	nats/tests/test_object_store_parity.py::ObjectLinkTest::test_add_bucket_link	nats/src/nats/js/errors.py:1180 BucketRequiredError 'nats: bucket required'; raised by add_bucket_link(name, None) nats/src/nats/js/object_store.py:691-692 (nats.go only uses ErrBucketRequired in AddBucketLink; an empty KV bucket name is ErrInvalidBucketName in nats.go too, as legacy InvalidBucketNameError nats/src/nats/js/client.py:2031-2032)
kv+objectstore+orbit	jetstream.ErrKeyRevisionMismatch	missing	closed	f50ef2b	nats/tests/test_kv_parity.py::KVErrorsTest::test_update_revision_mismatch	nats/src/nats/js/errors.py:983 KeyRevisionMismatchError(KeyWrongLastSequenceError); update() maps 10071/10164 nats/src/nats/js/kv.py:421-424; delete/purge with last= map it in _publish_marker nats/src/nats/js/kv.py:518-531 (cfd9a6d, tested by nats/tests/test_kv_parity.py::KVPurgeLastRevisionTest::test_purge_and_delete_with_last_revision)
kv+objectstore+orbit	jetstream.ErrKeyValueConfigRequired	missing	closed	f50ef2b	nats/tests/test_kv_parity.py::KVErrorsTest::test_create_key_value_requires_config	nats/src/nats/js/errors.py:1016 KeyValueConfigRequiredError 'nats: config required'; raised by _key_value_config when no config and no bucket nats/src/nats/js/client.py:2019-2022 (used by create/update/create_or_update_key_value)
kv+objectstore+orbit	jetstream.KeyLister	missing	closed	0b91f8f	nats/tests/test_kv_parity.py::KVListKeysTest::test_list_keys	nats/src/nats/js/kv.py:612 KeyValue.KeyLister async iterator over an ignore_deletes/meta_only watcher; ends at the init marker nats/src/nats/js/kv.py:647-654
kv+objectstore+orbit	jetstream.KeyLister.Keys	missing	closed	0b91f8f	nats/tests/test_kv_parity.py::KVListKeysTest::test_list_keys	nats/src/nats/js/kv.py:629 KeyLister.keys() returns the async iterator (Go channel idiom); deletes/purges and Nats-Marker-Reason markers excluded by the watcher nats/src/nats/js/kv.py:829-851
kv+objectstore+orbit	jetstream.KeyLister.Stop	missing	closed	0b91f8f	nats/tests/test_kv_parity.py::KVListKeysTest::test_list_keys	nats/src/nats/js/kv.py:635 KeyLister.stop() stops the watcher (idempotent); iteration then ends nats/src/nats/js/kv.py:647-649
kv+objectstore+orbit	jetstream.KeyValue.Bucket	missing	closed	93e71a1	nats/tests/test_kv_parity.py::KVHandleTest::test_bucket_put_string_and_op	nats/src/nats/js/kv.py:278-283 KeyValue.bucket property
kv+objectstore+orbit	jetstream.KeyValue.History	partial	closed	ad1c2ba 1732753	nats/tests/test_kv_parity.py::KVHistoryTest::test_history_not_found_and_options	nats/src/nats/js/kv.py:710 history(key, ignore_deletes, meta_only) raises KeyHistoryNotFoundError (a KeyNotFoundError and NoKeysError, nats/src/nats/js/errors.py:971) at nats/src/nats/js/kv.py:737-738. Note: nats.go's ResumeFromRevision WatchOpt is not forwarded by history() (available via watch(include_history=True, resume_from_revision=))
kv+objectstore+orbit	jetstream.KeyValue.ListKeys	missing	closed	0b91f8f	nats/tests/test_kv_parity.py::KVListKeysTest::test_list_keys	nats/src/nats/js/kv.py:656 list_keys(**watch opts) -> KeyLister; empty bucket lists nothing instead of NoKeysError
kv+objectstore+orbit	jetstream.KeyValue.ListKeysFiltered	partial	closed	0b91f8f	nats/tests/test_kv_parity.py::KVListKeysTest::test_list_keys	nats/src/nats/js/kv.py:667 list_keys_filtered(filters) -> KeyLister over watch_filtered (subject wildcards, multi filter_subjects); keys(filters=) also switched to subject patterns in 3b87b63 nats/src/nats/js/kv.py:691-692
kv+objectstore+orbit	jetstream.KeyValue.Purge	partial	closed	cfd9a6d	nats/tests/test_kv_parity.py::KVPurgeLastRevisionTest::test_purge_and_delete_with_last_revision	nats/src/nats/js/kv.py:491 purge(key, msg_ttl, last) sets Nats-Expected-Last-Subject-Sequence nats/src/nats/js/kv.py:513-514, revision mismatch -> KeyRevisionMismatchError nats/src/nats/js/kv.py:518-531; key validation _is_purge_key_valid nats/src/nats/js/kv.py:82,507 added in 39f56d4 (tested nats/tests/test_kv_parity.py::KVPurgeKeyValidationTest::test_purge_rejects_invalid_keys). Note: legacy still accepts whole-token wildcard patterns (back-compat) and does not reject '..' keys as nats.go keyValid does
kv+objectstore+orbit	jetstream.KeyValue.PutString	missing	closed	93e71a1	nats/tests/test_kv_parity.py::KVHandleTest::test_bucket_put_string_and_op	nats/src/nats/js/kv.py:359 put_string(key, str) encodes UTF-8 and calls put
kv+objectstore+orbit	jetstream.KeyValue.WatchFiltered	missing	closed	a15aeec	nats/tests/test_kv_parity.py::KVWatchOptionsTest::test_watch_filtered	nats/src/nats/js/kv.py:774 watch_filtered(keys) validates search keys, empty list = all keys, >1 subject -> ConsumerConfig.filter_subjects nats/src/nats/js/kv.py:880-883
kv+objectstore+orbit	jetstream.KeyValueBucketStatus.BackingStore	missing	closed	089a4eb	nats/tests/test_kv_parity.py::KVStatusTest::test_status_fields	nats/src/nats/js/kv.py:198-203 BucketStatus.backing_store == 'JetStream'
kv+objectstore+orbit	jetstream.KeyValueBucketStatus.Bytes	missing	closed	089a4eb	nats/tests/test_kv_parity.py::KVStatusTest::test_status_fields	nats/src/nats/js/kv.py:245-250 BucketStatus.bytes = stream_info.state.bytes
kv+objectstore+orbit	jetstream.KeyValueBucketStatus.Config	missing	closed	089a4eb	nats/tests/test_kv_parity.py::KVStatusTest::test_status_fields	nats/src/nats/js/kv.py:220-243 BucketStatus.config rebuilds api.KeyValueConfig from the stream config (history, ttl, max_bytes, compression, mirror, sources, metadata, limit_marker_ttl, ...)
kv+objectstore+orbit	jetstream.KeyValueBucketStatus.IsCompressed	missing	closed	089a4eb	nats/tests/test_kv_parity.py::KVStatusTest::test_status_fields	nats/src/nats/js/kv.py:205-211 BucketStatus.is_compressed (compression set and != NONE)
kv+objectstore+orbit	jetstream.KeyValueBucketStatus.Metadata	missing	closed	089a4eb	nats/tests/test_kv_parity.py::KVStatusTest::test_status_fields	nats/src/nats/js/kv.py:213-218 BucketStatus.metadata = stream config metadata
kv+objectstore+orbit	jetstream.KeyValueConfig.Compression	missing	closed	b056e1c	nats/tests/test_kv_parity.py::KVConfigTest::test_compression_and_metadata	nats/src/nats/js/api.py:1296 KeyValueConfig.compression; -> StreamConfig.compression=S2 nats/src/nats/js/client.py:2071-2072
kv+objectstore+orbit	jetstream.KeyValueConfig.Metadata	missing	closed	b056e1c	nats/tests/test_kv_parity.py::KVConfigTest::test_compression_and_metadata	nats/src/nats/js/api.py:1302 KeyValueConfig.metadata; -> StreamConfig.metadata nats/src/nats/js/client.py:2073-2074
kv+objectstore+orbit	jetstream.KeyValueConfig.Mirror	missing	closed	b056e1c	nats/tests/test_kv_parity.py::KVConfigTest::test_mirror	nats/src/nats/js/api.py:1298 KeyValueConfig.mirror; KV_ prefixing, mirror_direct, no subjects nats/src/nats/js/client.py:2076-2084; writes/reads redirected to origin (incl. external API prefix) in _map_stream_to_kv nats/src/nats/js/client.py:2109-2141 (381908c); domain case nats/tests/test_kv_parity.py::KVMirrorDomainTest::test_mirror_of_bucket_in_other_domain
kv+objectstore+orbit	jetstream.KeyValueConfig.Placement	partial	closed	d6ce4c5	nats/tests/test_js.py::KVTest::test_kv_placement	nats/src/nats/js/api.py:1291 KeyValueConfig.placement now passed to the bucket's StreamConfig nats/src/nats/js/client.py:2068
kv+objectstore+orbit	jetstream.KeyValueConfig.Sources	missing	closed	b056e1c 7a03d71	nats/tests/test_kv_parity.py::KVConfigTest::test_sources	nats/src/nats/js/api.py:1301 KeyValueConfig.sources; KV_ name prefixing and $KV.<src>.> -> $KV.<bucket>.> subject_transforms nats/src/nats/js/client.py:2085-2107 (a source with its own transforms is kept, nats.go overwrites)
kv+objectstore+orbit	jetstream.KeyValueDelete	partial	closed	93e71a1	nats/tests/test_kv_parity.py::KVHandleTest::test_bucket_put_string_and_op	nats/src/nats/js/kv.py:52 KeyValueOp.DELETE (str enum value 'DEL', str() 'KeyValueDeleteOp'); Entry.operation holds it nats/src/nats/js/kv.py:337,860
kv+objectstore+orbit	jetstream.KeyValueEntry.Created	partial	closed	43e13fb	nats/tests/test_js.py::KVTest::test_kv_get_entry_metadata	nats/src/nats/js/kv.py:329 get() fills created=msg.time (server timestamp, datetime); watch fills meta.timestamp nats/src/nats/js/kv.py:859
kv+objectstore+orbit	jetstream.KeyValueEntry.Delta	partial	closed	43e13fb	nats/tests/test_js.py::KVTest::test_kv_get_entry_metadata	nats/src/nats/js/kv.py:328 get() fills delta=0 as nats.go; watch fills num_pending nats/src/nats/js/kv.py:858
kv+objectstore+orbit	jetstream.KeyValueEntry.Operation	partial	closed	1ec0a91	nats/tests/test_kv_parity.py::KVHandleTest::test_bucket_put_string_and_op	nats/src/nats/js/kv.py:330,337 get() and nats/src/nats/js/kv.py:860 watch set Entry.operation to a KeyValueOp (PUT for values, DELETE/PURGE for markers); Entry.op property nats/src/nats/js/kv.py:147-156
kv+objectstore+orbit	jetstream.KeyValueLister	missing	closed	3f9d8ac	nats/tests/test_kv_parity.py::KVListTest::test_key_value_store_names_and_stores	nats/src/nats/js/client.py:2170 JetStreamContext.key_value_stores() async generator paging STREAM.LIST filtered by $KV.*.> (Go lister idiom)
kv+objectstore+orbit	jetstream.KeyValueLister.Error	missing	closed	3f9d8ac	nats/tests/test_kv_parity.py::KVListTest::test_key_value_store_names_and_stores	nats/src/nats/js/client.py:2170-2195 errors raise from the async iterator (Go Error() idiom)
kv+objectstore+orbit	jetstream.KeyValueLister.Status	missing	closed	3f9d8ac	nats/tests/test_kv_parity.py::KVListTest::test_key_value_store_names_and_stores	nats/src/nats/js/client.py:2191-2192 yields KeyValue.BucketStatus per KV_ stream
kv+objectstore+orbit	jetstream.KeyValueManager	partial	closed	381908c	nats/tests/test_kv_parity.py::KVManagerTest::test_update_key_value	JetStreamContext now has key_value/create_key_value/update_key_value/create_or_update_key_value/delete_key_value/key_value_store_names/key_value_stores nats/src/nats/js/client.py:1916-2207 (names/stores in 3f9d8ac)
kv+objectstore+orbit	jetstream.KeyValueManager.CreateOrUpdateKeyValue	missing	closed	381908c	nats/tests/test_kv_parity.py::KVManagerTest::test_create_or_update_key_value	nats/src/nats/js/client.py:1998 create_or_update_key_value: update_stream, add_stream on stream-not-found
kv+objectstore+orbit	jetstream.KeyValueManager.KeyValueStoreNames	missing	closed	3f9d8ac	nats/tests/test_kv_parity.py::KVListTest::test_key_value_store_names_and_stores	nats/src/nats/js/client.py:2145 key_value_store_names() pages STREAM.NAMES with subject $KV.*.>, strips KV_
kv+objectstore+orbit	jetstream.KeyValueManager.KeyValueStores	missing	closed	3f9d8ac	nats/tests/test_kv_parity.py::KVListTest::test_key_value_store_names_and_stores	nats/src/nats/js/client.py:2170 key_value_stores() yields BucketStatus
kv+objectstore+orbit	jetstream.KeyValueManager.UpdateKeyValue	missing	closed	381908c	nats/tests/test_kv_parity.py::KVManagerTest::test_update_key_value	nats/src/nats/js/client.py:1974 update_key_value: update_stream, BucketNotFoundError on stream-not-found nats/src/nats/js/client.py:1986-1995
kv+objectstore+orbit	jetstream.KeyValueNamesLister	missing	closed	3f9d8ac	nats/tests/test_kv_parity.py::KVListTest::test_key_value_store_names_and_stores	nats/src/nats/js/client.py:2145 key_value_store_names() async generator (Go lister idiom)
kv+objectstore+orbit	jetstream.KeyValueNamesLister.Error	missing	closed	3f9d8ac	nats/tests/test_kv_parity.py::KVListTest::test_key_value_store_names_and_stores	nats/src/nats/js/client.py:2145-2168 errors raise from the async iterator (Go Error() idiom)
kv+objectstore+orbit	jetstream.KeyValueNamesLister.Name	missing	closed	3f9d8ac	nats/tests/test_kv_parity.py::KVListTest::test_key_value_store_names_and_stores	nats/src/nats/js/client.py:2163-2164 yields bucket names (KV_ prefix stripped)
kv+objectstore+orbit	jetstream.KeyValueOp	partial	closed	93e71a1	nats/tests/test_kv_parity.py::KVHandleTest::test_bucket_put_string_and_op	nats/src/nats/js/kv.py:42 class KeyValueOp(str, Enum) PUT/DELETE/PURGE
kv+objectstore+orbit	jetstream.KeyValueOp.String	missing	closed	93e71a1	nats/tests/test_kv_parity.py::KVHandleTest::test_bucket_put_string_and_op	nats/src/nats/js/kv.py:55-60 __str__ returns KeyValuePutOp/KeyValueDeleteOp/KeyValuePurgeOp
kv+objectstore+orbit	jetstream.KeyValuePurge	partial	closed	93e71a1	nats/tests/test_kv_parity.py::KVHandleTest::test_bucket_put_string_and_op	nats/src/nats/js/kv.py:53 KeyValueOp.PURGE; Entry.operation holds it nats/src/nats/js/kv.py:337,860
kv+objectstore+orbit	jetstream.KeyValuePut	missing	closed	1ec0a91	nats/tests/test_kv_parity.py::KVHandleTest::test_bucket_put_string_and_op	nats/src/nats/js/kv.py:51 KeyValueOp.PUT (93e71a1); values now report it as Entry.operation nats/src/nats/js/kv.py:330,860 instead of None
kv+objectstore+orbit	jetstream.KeyValueStatus.BackingStore	missing	closed	089a4eb	nats/tests/test_kv_parity.py::KVStatusTest::test_status_fields	nats/src/nats/js/kv.py:198-203 BucketStatus.backing_store == 'JetStream'
kv+objectstore+orbit	jetstream.KeyValueStatus.Bytes	missing	closed	089a4eb	nats/tests/test_kv_parity.py::KVStatusTest::test_status_fields	nats/src/nats/js/kv.py:245-250 BucketStatus.bytes = stream_info.state.bytes
kv+objectstore+orbit	jetstream.KeyValueStatus.Config	missing	closed	089a4eb	nats/tests/test_kv_parity.py::KVStatusTest::test_status_fields	nats/src/nats/js/kv.py:220-243 BucketStatus.config rebuilds api.KeyValueConfig from the stream config (history, ttl, max_bytes, compression, mirror, sources, metadata, limit_marker_ttl, ...)
kv+objectstore+orbit	jetstream.KeyValueStatus.IsCompressed	missing	closed	089a4eb	nats/tests/test_kv_parity.py::KVStatusTest::test_status_fields	nats/src/nats/js/kv.py:205-211 BucketStatus.is_compressed (compression set and != NONE)
kv+objectstore+orbit	jetstream.KeyValueStatus.Metadata	missing	closed	089a4eb	nats/tests/test_kv_parity.py::KVStatusTest::test_status_fields	nats/src/nats/js/kv.py:213-218 BucketStatus.metadata = stream config metadata
kv+objectstore+orbit	jetstream.UpdatesOnly	missing	closed	a15aeec	nats/tests/test_kv_parity.py::KVWatchOptionsTest::test_watch_updates_only	nats/src/nats/js/kv.py:750 watch(updates_only=) -> DeliverPolicy.NEW and no init marker nats/src/nats/js/kv.py:817-818,875-876
kv+objectstore+orbit	jetstream.AllKeys	partial	closed	a15aeec	nats/tests/test_kv_parity.py::KVWatchOptionsTest::test_watch_filtered	nats/src/nats/js/kv.py:67 ALL_KEYS = '>' used by watchall and watch_filtered([]) nats/src/nats/js/kv.py:680,793
kv+objectstore+orbit	jetstream.LastRevision	partial	closed	cfd9a6d	nats/tests/test_kv_parity.py::KVPurgeLastRevisionTest::test_purge_and_delete_with_last_revision	purge(last=) nats/src/nats/js/kv.py:495,513-514 (delete(last=) pre-existed nats/src/nats/js/kv.py:485-486); mismatch -> KeyRevisionMismatchError nats/src/nats/js/kv.py:518-531
kv+objectstore+orbit	jetstream.ResumeFromRevision	missing	closed	a15aeec	nats/tests/test_kv_parity.py::KVWatchOptionsTest::test_watch_resume_from_revision	nats/src/nats/js/kv.py:751 watch(resume_from_revision=) -> DeliverPolicy.BY_START_SEQUENCE + opt_start_seq nats/src/nats/js/kv.py:877-879
kv+objectstore+orbit	jetstream.ErrInvalidStoreName	partial	closed	25d6e68	nats/tests/test_object_store_parity.py::ObjectStoreErrorsTest::test_invalid_store_name	nats/src/nats/js/errors.py:1107 InvalidStoreNameError(InvalidBucketNameError) 'nats: invalid object-store name'; raised by object_store nats/src/nats/js/client.py:2216, create/update/create_or_update via _object_store_config nats/src/nats/js/client.py:2327-2328, delete_object_store nats/src/nats/js/client.py:2407-2408
kv+objectstore+orbit	jetstream.ErrLinkNotAllowed	missing	closed	25d6e68	nats/tests/test_object_store_parity.py::ObjectStoreErrorsTest::test_put_link_not_allowed	nats/src/nats/js/errors.py:1144 LinkNotAllowedError; put() rejects meta.options.link nats/src/nats/js/object_store.py:470-471
kv+objectstore+orbit	jetstream.ErrNoObjectsFound	partial	closed	25d6e68	nats/tests/test_object_store_parity.py::ObjectStoreErrorsTest::test_no_objects_found	nats/src/nats/js/errors.py:1126 NoObjectsFoundError(NotFoundError) 'nats: no objects found'; raised by list() nats/src/nats/js/object_store.py:894-895
kv+objectstore+orbit	jetstream.ErrObjectConfigRequired	missing	closed	2a00be5	nats/tests/test_object_store_parity.py::ObjectStoreManagerTest::test_config_required	nats/src/nats/js/errors.py:1198 ObjectConfigRequiredError; raised by _object_store_config nats/src/nats/js/client.py:2320-2321 for create/update/create_or_update_object_store
kv+objectstore+orbit	jetstream.ErrObjectRequired	missing	closed	0add82f	nats/tests/test_object_store_parity.py::ObjectLinkTest::test_add_link	nats/src/nats/js/errors.py:1153 ObjectRequiredError; add_link raises it for None or nameless obj nats/src/nats/js/object_store.py:665-666
kv+objectstore+orbit	jetstream.GetObjectDigestValue	missing	closed	a7af93d	nats/tests/test_object_store_parity.py::ObjectDigestHelpersTest::test_digest_helpers	nats/src/nats/js/object_store.py:68 get_object_digest_value(h) -> 'SHA-256=' + padded base64url; used by put nats/src/nats/js/object_store.py:540
kv+objectstore+orbit	jetstream.ListObjectsShowDeleted	partial	closed	77162a8	nats/tests/test_js.py::ObjectStoreTest::test_object_list	nats/src/nats/js/object_store.py:874-883 list(ignore_deletes=True) now hides deleted objects by default; list(ignore_deletes=False) is ShowDeleted
kv+objectstore+orbit	jetstream.ObjectBucketStatus.BackingStore	missing	closed	c364e3a	nats/tests/test_object_store_parity.py::ObjectStoreConfigTest::test_compression_and_metadata	nats/src/nats/js/object_store.py:280-285 ObjectStoreStatus.backing_store == 'JetStream'
kv+objectstore+orbit	jetstream.ObjectBucketStatus.IsCompressed	missing	closed	c364e3a	nats/tests/test_object_store_parity.py::ObjectStoreConfigTest::test_compression_and_metadata	nats/src/nats/js/object_store.py:294-300 ObjectStoreStatus.is_compressed
kv+objectstore+orbit	jetstream.ObjectBucketStatus.Metadata	missing	closed	c364e3a	nats/tests/test_object_store_parity.py::ObjectStoreConfigTest::test_compression_and_metadata	nats/src/nats/js/object_store.py:287-292 ObjectStoreStatus.metadata
kv+objectstore+orbit	jetstream.ObjectInfo.ModTime	partial	closed	bf613ad	nats/tests/test_js.py::ObjectStoreTest::test_object_mtime	nats/src/nats/js/object_store.py:348-350 get_info fills mtime from the meta message's server timestamp; watch fills it from metadata timestamp nats/src/nats/js/object_store.py:802 (ISO string field nats/src/nats/js/api.py:1407)
kv+objectstore+orbit	jetstream.ObjectMeta.Metadata	missing	closed	e9c5283	nats/tests/test_object_store_parity.py::ObjectMetadataTest::test_object_metadata	nats/src/nats/js/api.py:1389 ObjectMeta.metadata and nats/src/nats/js/api.py:1416 ObjectInfo.metadata; put stores it nats/src/nats/js/object_store.py:507, update_meta replaces it nats/src/nats/js/object_store.py:636
kv+objectstore+orbit	jetstream.ObjectResult	partial	closed	0f327e2	nats/tests/test_object_store_parity.py::ObjectReaderTest::test_get_reader	nats/src/nats/js/object_store.py:115 ObjectStore.ObjectReader (info, read, read_chunk, close, error, async iter) from get_reader nats/src/nats/js/object_store.py:384 streams chunks and checks the digest at the end; get() keeps the buffered ObjectResult nats/src/nats/js/object_store.py:107
kv+objectstore+orbit	jetstream.ObjectStore.AddBucketLink	missing	closed	0add82f	nats/tests/test_object_store_parity.py::ObjectLinkTest::test_add_bucket_link	nats/src/nats/js/object_store.py:684 add_bucket_link(name, bucket) with name/bucket/malformed checks and link-replaces-link rule nats/src/nats/js/object_store.py:708-715
kv+objectstore+orbit	jetstream.ObjectStore.AddLink	missing	closed	0add82f	nats/tests/test_object_store_parity.py::ObjectLinkTest::test_add_link	nats/src/nats/js/object_store.py:657 add_link(name, obj) with ErrNameRequired/ObjectRequired/NoLinkToDeleted/NoLinkToLink checks nats/src/nats/js/object_store.py:663-670
kv+objectstore+orbit	jetstream.ObjectStore.GetBytes	partial	closed	0f327e2	nats/tests/test_object_store_parity.py::ObjectReaderTest::test_get_bytes_string_file	nats/src/nats/js/object_store.py:422 get_bytes(name, show_deleted)
kv+objectstore+orbit	jetstream.ObjectStore.GetFile	partial	closed	0f327e2	nats/tests/test_object_store_parity.py::ObjectReaderTest::test_get_bytes_string_file	nats/src/nats/js/object_store.py:436 get_file(name, path) writes/truncates the file chunk by chunk
kv+objectstore+orbit	jetstream.ObjectStore.GetString	partial	closed	0f327e2	nats/tests/test_object_store_parity.py::ObjectReaderTest::test_get_bytes_string_file	nats/src/nats/js/object_store.py:429 get_string(name) decodes UTF-8
kv+objectstore+orbit	jetstream.ObjectStore.PutFile	partial	closed	4807f75	nats/tests/test_object_store_parity.py::ObjectPutConvenienceTest::test_put_bytes_string_file	nats/src/nats/js/object_store.py:580 put_file(path, name=None) named by path as nats.go
kv+objectstore+orbit	jetstream.ObjectStore.UpdateMeta	partial	closed	7820a23	nats/tests/test_js.py::ObjectStoreTest::test_object_watch	nats/src/nats/js/object_store.py:609 update_meta: missing/deleted -> UpdateMetaDeletedError nats/src/nats/js/object_store.py:619-622, rename checks the NEW name nats/src/nats/js/object_store.py:625-631, publishes under new name and purges old nats/src/nats/js/object_store.py:639-655; metadata copied nats/src/nats/js/object_store.py:636 (e9c5283)
kv+objectstore+orbit	jetstream.ObjectStoreConfig.Compression	missing	closed	c364e3a	nats/tests/test_object_store_parity.py::ObjectStoreConfigTest::test_compression_and_metadata	nats/src/nats/js/api.py:1339 ObjectStoreConfig.compression -> StreamConfig S2 nats/src/nats/js/client.py:2354
kv+objectstore+orbit	jetstream.ObjectStoreConfig.Metadata	missing	closed	c364e3a	nats/tests/test_object_store_parity.py::ObjectStoreConfigTest::test_compression_and_metadata	nats/src/nats/js/api.py:1341 ObjectStoreConfig.metadata -> StreamConfig.metadata nats/src/nats/js/client.py:2355
kv+objectstore+orbit	jetstream.ObjectStoreManager	partial	closed	2a00be5	nats/tests/test_object_store_parity.py::ObjectStoreManagerTest::test_update_object_store	JetStreamContext has object_store/create/update/create_or_update/delete_object_store and object_store_names/object_stores nats/src/nats/js/client.py:2214-2411 (listings in 744d57a)
kv+objectstore+orbit	jetstream.ObjectStoreManager.CreateOrUpdateObjectStore	missing	closed	2a00be5	nats/tests/test_object_store_parity.py::ObjectStoreManagerTest::test_create_or_update_object_store	nats/src/nats/js/client.py:2289 create_or_update_object_store: update_stream, add_stream on NotFound
kv+objectstore+orbit	jetstream.ObjectStoreManager.ObjectStoreNames	missing	closed	744d57a	nats/tests/test_object_store_parity.py::ObjectStoreListingTest::test_object_store_names_and_stores	nats/src/nats/js/client.py:2358 object_store_names() pages STREAM.NAMES with subject $O.*.C.> nats/src/nats/js/client.py:2386-2401
kv+objectstore+orbit	jetstream.ObjectStoreManager.ObjectStores	missing	closed	744d57a	nats/tests/test_object_store_parity.py::ObjectStoreListingTest::test_object_store_names_and_stores	nats/src/nats/js/client.py:2371 object_stores() yields ObjectStoreStatus via STREAM.LIST
kv+objectstore+orbit	jetstream.ObjectStoreManager.UpdateObjectStore	missing	closed	2a00be5	nats/tests/test_object_store_parity.py::ObjectStoreManagerTest::test_update_object_store	nats/src/nats/js/client.py:2263 update_object_store: BucketNotFoundError when missing nats/src/nats/js/client.py:2277-2280
kv+objectstore+orbit	jetstream.ObjectStoreNamesLister	missing	closed	744d57a	nats/tests/test_object_store_parity.py::ObjectStoreListingTest::test_object_store_names_and_stores	nats/src/nats/js/client.py:2358 object_store_names() async generator (Go lister idiom); paging tested by nats/tests/test_object_store_parity.py::ObjectStoreListingTest::test_object_stores_paging
kv+objectstore+orbit	jetstream.ObjectStoreNamesLister.Error	missing	closed	744d57a	nats/tests/test_object_store_parity.py::ObjectStoreListingTest::test_object_store_names_and_stores	nats/src/nats/js/client.py:2358-2369 errors raise from the async iterator (Go Error() idiom)
kv+objectstore+orbit	jetstream.ObjectStoreNamesLister.Name	missing	closed	744d57a	nats/tests/test_object_store_parity.py::ObjectStoreListingTest::test_object_store_names_and_stores	nats/src/nats/js/client.py:2367-2369 yields bucket names (OBJ_ stripped)
kv+objectstore+orbit	jetstream.ObjectStoreStatus.BackingStore	missing	closed	c364e3a	nats/tests/test_object_store_parity.py::ObjectStoreConfigTest::test_compression_and_metadata	nats/src/nats/js/object_store.py:280-285 ObjectStoreStatus.backing_store
kv+objectstore+orbit	jetstream.ObjectStoreStatus.IsCompressed	missing	closed	c364e3a	nats/tests/test_object_store_parity.py::ObjectStoreConfigTest::test_compression_and_metadata	nats/src/nats/js/object_store.py:294-300 ObjectStoreStatus.is_compressed
kv+objectstore+orbit	jetstream.ObjectStoreStatus.Metadata	missing	closed	c364e3a	nats/tests/test_object_store_parity.py::ObjectStoreConfigTest::test_compression_and_metadata	nats/src/nats/js/object_store.py:287-292 ObjectStoreStatus.metadata
kv+objectstore+orbit	jetstream.ObjectStoresLister	missing	closed	744d57a	nats/tests/test_object_store_parity.py::ObjectStoreListingTest::test_object_store_names_and_stores	nats/src/nats/js/client.py:2371 object_stores() async generator (Go lister idiom)
kv+objectstore+orbit	jetstream.ObjectStoresLister.Error	missing	closed	744d57a	nats/tests/test_object_store_parity.py::ObjectStoreListingTest::test_object_store_names_and_stores	nats/src/nats/js/client.py:2371-2384 errors raise from the async iterator (Go Error() idiom)
kv+objectstore+orbit	jetstream.ObjectStoresLister.Status	missing	closed	744d57a	nats/tests/test_object_store_parity.py::ObjectStoreListingTest::test_object_store_names_and_stores	nats/src/nats/js/client.py:2381-2384 yields ObjectStore.ObjectStoreStatus
kv+objectstore+orbit	jetstream.DecodeObjectDigest	missing	closed	a7af93d	nats/tests/test_object_store_parity.py::ObjectDigestHelpersTest::test_digest_helpers	nats/src/nats/js/object_store.py:77 decode_object_digest splits on first '=' (InvalidDigestFormatError) and strict padded base64url-decodes (binascii.Error); used by ObjectReader nats/src/nats/js/object_store.py:203
kv+objectstore+orbit	jetstream.ErrInvalidDigestFormat	missing	closed	a7af93d	nats/tests/test_object_store_parity.py::ObjectDigestTest::test_digest_in_put_and_get	nats/src/nats/js/errors.py:1098 InvalidDigestFormatError; raised by decode_object_digest nats/src/nats/js/object_store.py:86-87, surfaced by get
kv+objectstore+orbit	jetstream.ErrNoLinkToDeleted	missing	closed	0add82f	nats/tests/test_object_store_parity.py::ObjectLinkTest::test_add_link	nats/src/nats/js/errors.py:1162 NoLinkToDeletedError; add_link nats/src/nats/js/object_store.py:667-668
kv+objectstore+orbit	jetstream.ErrNameRequired	missing	closed	25d6e68	nats/tests/test_object_store_parity.py::ObjectStoreErrorsTest::test_name_required	nats/src/nats/js/errors.py:1116 ObjectNameRequiredError(InvalidObjectNameError); raised by get_info nats/src/nats/js/object_store.py:320-321 (so get/delete/update_meta), add_link nats/src/nats/js/object_store.py:663-664, add_bucket_link nats/src/nats/js/object_store.py:689-690; no longer an ObjectNotFoundError since 3bd1615
kv+objectstore+orbit	jetstream.ErrNoLinkToLink	missing	closed	0add82f	nats/tests/test_object_store_parity.py::ObjectLinkTest::test_add_link	nats/src/nats/js/errors.py:1171 NoLinkToLinkError; add_link nats/src/nats/js/object_store.py:669-670
kv+objectstore+orbit	jetstreamext.BatchAck	partial	closed	4672adc	nats/tests/test_jetstreamext.py::BatchPublisherTest::test_add_and_commit	nats/src/nats/js/jetstreamext.py:300 BatchAck(api.PubAck) with stream/seq/domain/val/batch_id(batch)/batch_size(count); parsed and checked by _parse_batch_ack nats/src/nats/js/jetstreamext.py:423-435
kv+objectstore+orbit	jetstreamext.BatchCommitEOB	missing	closed	5b7e852	nats/tests/test_jetstreamext.py::BatchPublisherTest::test_close_commits_with_end_of_batch	nats/src/nats/js/jetstreamext.py:53 BATCH_COMMIT_EOB = 'eob', sent by BatchPublisher.close nats/src/nats/js/jetstreamext.py:625 (4672adc)
kv+objectstore+orbit	jetstreamext.BatchFlowControl	missing	closed	4672adc	nats/tests/test_jetstreamext.py::BatchPublisherTest::test_flow_control_and_errors	nats/src/nats/js/jetstreamext.py:309 BatchFlowControl dataclass; defaults ack_first=True, ack_timeout=js timeout nats/src/nats/js/jetstreamext.py:466-471
kv+objectstore+orbit	jetstreamext.BatchFlowControl.AckEvery	missing	closed	4672adc	nats/tests/test_jetstreamext.py::BatchPublisherTest::test_flow_control_and_errors	nats/src/nats/js/jetstreamext.py:320 ack_every; _needs_ack nats/src/nats/js/jetstreamext.py:392-395
kv+objectstore+orbit	jetstreamext.BatchFlowControl.AckFirst	missing	closed	4672adc	nats/tests/test_jetstreamext.py::BatchPublisherTest::test_flow_control_and_errors	nats/src/nats/js/jetstreamext.py:319 ack_first; _needs_ack nats/src/nats/js/jetstreamext.py:392-395
kv+objectstore+orbit	jetstreamext.BatchFlowControl.AckTimeout	missing	closed	4672adc	nats/tests/test_jetstreamext.py::BatchPublisherTest::test_flow_control_and_errors	nats/src/nats/js/jetstreamext.py:321 ack_timeout used by _flow_request nats/src/nats/js/jetstreamext.py:542
kv+objectstore+orbit	jetstreamext.BatchPublisher	missing	closed	4672adc	nats/tests/test_jetstreamext.py::BatchPublisherTest::test_add_and_commit	nats/src/nats/js/jetstreamext.py:438 class BatchPublisher (atomic batch, ADR-50)
kv+objectstore+orbit	jetstreamext.BatchPublisher.Add	missing	closed	4672adc	nats/tests/test_jetstreamext.py::BatchPublisherTest::test_add_and_commit	nats/src/nats/js/jetstreamext.py:484 add(subject, payload, **msg opts)
kv+objectstore+orbit	jetstreamext.BatchPublisher.AddMsg	missing	closed	4672adc	nats/tests/test_jetstreamext.py::BatchPublisherTest::test_add_and_commit	nats/src/nats/js/jetstreamext.py:508 add_msg(msg, **msg opts) sets batch id/seq headers, acks per flow control
kv+objectstore+orbit	jetstreamext.BatchPublisher.Close	missing	closed	4672adc	nats/tests/test_jetstreamext.py::BatchPublisherTest::test_close_commits_with_end_of_batch	nats/src/nats/js/jetstreamext.py:606 close() commits with Nats-Batch-Commit: eob on first subject; EmptyBatchError when empty nats/src/nats/js/jetstreamext.py:620-621
kv+objectstore+orbit	jetstreamext.BatchPublisher.Commit	missing	closed	4672adc	nats/tests/test_jetstreamext.py::BatchPublisherTest::test_add_and_commit	nats/src/nats/js/jetstreamext.py:544 commit(subject, payload, timeout, **msg opts) -> BatchAck
kv+objectstore+orbit	jetstreamext.BatchPublisher.CommitMsg	missing	closed	4672adc	nats/tests/test_jetstreamext.py::BatchPublisherTest::test_commit_msg_and_first_message_commit	nats/src/nats/js/jetstreamext.py:570 commit_msg(msg) with commit header '1', parses BatchAck
kv+objectstore+orbit	jetstreamext.BatchPublisher.Discard	missing	closed	4672adc	nats/tests/test_jetstreamext.py::BatchPublisherTest::test_discard	nats/src/nats/js/jetstreamext.py:631 discard() closes without commit, BatchClosedError if already closed
kv+objectstore+orbit	jetstreamext.BatchPublisher.IsClosed	missing	closed	4672adc	nats/tests/test_jetstreamext.py::BatchPublisherTest::test_add_and_commit	nats/src/nats/js/jetstreamext.py:644 is_closed()
kv+objectstore+orbit	jetstreamext.BatchPublisher.Size	missing	closed	4672adc	nats/tests/test_jetstreamext.py::BatchPublisherTest::test_add_and_commit	nats/src/nats/js/jetstreamext.py:640 size()
kv+objectstore+orbit	jetstreamext.ErrAtomicPublishTooManyInflight	missing	closed	5b7e852	nats/tests/test_jetstreamext.py::BatchErrorIdentityTest::test_server_batch_errors_map_to_classes	nats/src/nats/js/jetstreamext.py:129 AtomicPublishTooManyInflightError(APIError), mapped from 10210 by api_error_from nats/src/nats/js/jetstreamext.py:137-170
kv+objectstore+orbit	jetstreamext.ErrBatchClosed	missing	closed	5b7e852	nats/tests/test_jetstreamext.py::BatchPublisherTest::test_add_and_commit	nats/src/nats/js/jetstreamext.py:173 BatchClosedError 'nats: batch publisher closed'; raised by BatchPublisher nats/src/nats/js/jetstreamext.py:523,588,619,637 and FastPublisher nats/src/nats/js/jetstreamext.py:905,991,1011
kv+objectstore+orbit	jetstreamext.ErrBatchPublishDuplicateMsgID	missing	closed	5b7e852	nats/tests/test_jetstreamext.py::BatchErrorIdentityTest::test_server_batch_errors_map_to_classes	nats/src/nats/js/jetstreamext.py:105 BatchPublishDuplicateMsgIDError(BadRequestError), mapped from err_code 10201 by api_error_from nats/src/nats/js/jetstreamext.py:137-170; asserted against a live server
kv+objectstore+orbit	jetstreamext.ErrBatchPublishExceedsLimit	missing	closed	5b7e852	nats/tests/test_jetstreamext.py::BatchErrorIdentityTest::test_server_batch_errors_map_to_classes	nats/src/nats/js/jetstreamext.py:97 BatchPublishExceedsLimitError(BadRequestError), mapped from err_code 10199 by api_error_from nats/src/nats/js/jetstreamext.py:137-170; asserted against a live server
kv+objectstore+orbit	jetstreamext.ErrBatchPublishIncomplete	missing	closed	5b7e852	nats/tests/test_jetstreamext.py::BatchErrorIdentityTest::test_server_batch_errors_map_to_classes	nats/src/nats/js/jetstreamext.py:85 BatchPublishIncompleteError(BadRequestError), mapped from err_code 10176 by api_error_from nats/src/nats/js/jetstreamext.py:137-170; asserted against a live server
kv+objectstore+orbit	jetstreamext.ErrBatchPublishInvalidCommit	missing	closed	5b7e852	nats/tests/test_jetstreamext.py::BatchErrorIdentityTest::test_server_batch_errors_map_to_classes	nats/src/nats/js/jetstreamext.py:101 BatchPublishInvalidCommitError(BadRequestError), mapped from err_code 10200 by api_error_from nats/src/nats/js/jetstreamext.py:137-170; asserted against a live server
kv+objectstore+orbit	jetstreamext.ErrBatchPublishInvalidGapMode	missing	closed	5b7e852	nats/tests/test_jetstreamext.py::BatchErrorIdentityTest::test_server_batch_errors_map_to_classes	nats/src/nats/js/jetstreamext.py:118 BatchPublishInvalidGapModeError = FastBatchInvalidPatternError: nats-server v2.15.0 answers an invalid gap mode with JSBatchPublishInvalidPatternErr 10206 (orbit's 10202 is JSClusterServerMemberChangeInflightErr); asserted against a live server
kv+objectstore+orbit	jetstreamext.ErrBatchPublishInvalidID	missing	closed	5b7e852	nats/tests/test_jetstreamext.py::BatchErrorIdentityTest::test_server_batch_errors_map_to_classes	nats/src/nats/js/jetstreamext.py:93 BatchPublishInvalidIDError(BadRequestError), mapped from err_code 10179 by api_error_from nats/src/nats/js/jetstreamext.py:137-170; asserted against a live server
kv+objectstore+orbit	jetstreamext.ErrBatchPublishMissingSeq	missing	closed	5b7e852	nats/tests/test_jetstreamext.py::BatchErrorIdentityTest::test_server_batch_errors_map_to_classes	nats/src/nats/js/jetstreamext.py:81 BatchPublishMissingSeqError(BadRequestError), mapped from err_code 10175 by api_error_from nats/src/nats/js/jetstreamext.py:137-170; asserted against a live server
kv+objectstore+orbit	jetstreamext.ErrBatchPublishNotEnabled	missing	closed	5b7e852	nats/tests/test_jetstreamext.py::BatchErrorIdentityTest::test_server_batch_errors_map_to_classes	nats/src/nats/js/jetstreamext.py:77 BatchPublishNotEnabledError(BadRequestError), mapped from err_code 10174 by api_error_from nats/src/nats/js/jetstreamext.py:137-170; asserted against a live server
kv+objectstore+orbit	jetstreamext.ErrBatchPublishTooManyInflight	missing	closed	5b7e852	nats/tests/test_jetstreamext.py::BatchErrorIdentityTest::test_server_batch_errors_map_to_classes	nats/src/nats/js/jetstreamext.py:133 BatchPublishTooManyInflightError(APIError), mapped from 10211 nats/src/nats/js/jetstreamext.py:137-170
kv+objectstore+orbit	jetstreamext.ErrBatchPublishUnsupportedHeader	missing	closed	5b7e852	nats/tests/test_jetstreamext.py::BatchErrorIdentityTest::test_server_batch_errors_map_to_classes	nats/src/nats/js/jetstreamext.py:89 BatchPublishUnsupportedHeaderError(BadRequestError), mapped from err_code 10177 by api_error_from nats/src/nats/js/jetstreamext.py:137-170; asserted against a live server
kv+objectstore+orbit	jetstreamext.ErrBatchUnsupported	missing	closed	5b7e852	nats/tests/test_jetstreamext.py::GetBatchTest::test_invalid_responses	nats/src/nats/js/jetstreamext.py:263 BatchUnsupportedError; raised when a direct get reply lacks Nats-Num-Pending nats/src/nats/js/jetstreamext.py:1160-1161 (449124d)
kv+objectstore+orbit	jetstreamext.ErrEmptyBatch	missing	closed	5b7e852	nats/tests/test_jetstreamext.py::BatchPublisherTest::test_close_commits_with_end_of_batch	nats/src/nats/js/jetstreamext.py:180 EmptyBatchError; raised by BatchPublisher.close nats/src/nats/js/jetstreamext.py:621, publish_msg_batch nats/src/nats/js/jetstreamext.py:670, FastPublisher.close nats/src/nats/js/jetstreamext.py:1009
kv+objectstore+orbit	jetstreamext.ErrFastBatchGapDetected	missing	closed	5b7e852	nats/tests/test_jetstreamext.py::FastPublisherTest::test_gap_abandons_batch	nats/src/nats/js/jetstreamext.py:194 FastBatchGapDetectedError(expected_last_sequence, current_sequence); built from 'gap' replies and sent to the error handler nats/src/nats/js/jetstreamext.py:1093-1096 (eab08ce)
kv+objectstore+orbit	jetstreamext.ErrFastBatchInvalidID	missing	closed	5b7e852	nats/tests/test_jetstreamext.py::BatchErrorIdentityTest::test_server_batch_errors_map_to_classes	nats/src/nats/js/jetstreamext.py:121 FastBatchInvalidIDError(BadRequestError), mapped from err_code 10207 (code from nats-server v2.15.0 server/errors.json; orbit's 10203-10206 differ) by api_error_from nats/src/nats/js/jetstreamext.py:137-170; asserted against a live server
kv+objectstore+orbit	jetstreamext.ErrFastBatchInvalidPattern	missing	closed	5b7e852	nats/tests/test_jetstreamext.py::BatchErrorIdentityTest::test_server_batch_errors_map_to_classes	nats/src/nats/js/jetstreamext.py:113 FastBatchInvalidPatternError(BadRequestError), mapped from err_code 10206 (code from nats-server v2.15.0 server/errors.json; orbit's 10203-10206 differ) by api_error_from nats/src/nats/js/jetstreamext.py:137-170; asserted against a live server
kv+objectstore+orbit	jetstreamext.ErrFastBatchNotEnabled	missing	closed	5b7e852	nats/tests/test_jetstreamext.py::BatchErrorIdentityTest::test_server_batch_errors_map_to_classes	nats/src/nats/js/jetstreamext.py:109 FastBatchNotEnabledError(BadRequestError), mapped from err_code 10205 (code from nats-server v2.15.0 server/errors.json; orbit's 10203-10206 differ) by api_error_from nats/src/nats/js/jetstreamext.py:137-170; asserted against a live server
kv+objectstore+orbit	jetstreamext.ErrFastBatchUnknownID	missing	closed	5b7e852	nats/tests/test_jetstreamext.py::BatchErrorIdentityTest::test_server_batch_errors_map_to_classes	nats/src/nats/js/jetstreamext.py:125 FastBatchUnknownIDError(BadRequestError), mapped from err_code 10208 (code from nats-server v2.15.0 server/errors.json; orbit's 10203-10206 differ) by api_error_from nats/src/nats/js/jetstreamext.py:137-170; asserted against a live server
kv+objectstore+orbit	jetstreamext.ErrInvalidBatchAck	missing	closed	5b7e852	nats/tests/test_jetstreamext.py::BatchErrorIdentityTest::test_client_error_texts	nats/src/nats/js/jetstreamext.py:187 InvalidBatchAckError; raised by _flow_request nats/src/nats/js/jetstreamext.py:416-417, _parse_batch_ack nats/src/nats/js/jetstreamext.py:428-434, FastPublisher._commit nats/src/nats/js/jetstreamext.py:1053-1054 (only its text is asserted; no test drives a malformed ack)
kv+objectstore+orbit	jetstreamext.ErrInvalidOption	missing	closed	5b7e852	nats/tests/test_jetstreamext.py::GetBatchTest::test_get_batch_invalid_options	nats/src/nats/js/jetstreamext.py:250 InvalidOptionError(nats.js.errors.InvalidOptionError); raised by get_batch/get_last_msgs_for nats/src/nats/js/jetstreamext.py:1267-1313, msg opts nats/src/nats/js/jetstreamext.py:368-370, FastPublisher flow control nats/src/nats/js/jetstreamext.py:778-782
kv+objectstore+orbit	jetstreamext.ErrInvalidResponse	missing	closed	5b7e852	nats/tests/test_jetstreamext.py::GetBatchTest::test_invalid_responses	nats/src/nats/js/jetstreamext.py:270 InvalidResponseError; raised by _direct_msg for missing/invalid headers nats/src/nats/js/jetstreamext.py:1159-1181
kv+objectstore+orbit	jetstreamext.ErrNoMessages	missing	closed	5b7e852	nats/tests/test_jetstreamext.py::GetBatchTest::test_get_batch	nats/src/nats/js/jetstreamext.py:279 NoMessagesError(NotFoundError); raised on a 404 direct get status nats/src/nats/js/jetstreamext.py:1152-1153
kv+objectstore+orbit	jetstreamext.ErrSubjectRequired	missing	closed	5b7e852	nats/tests/test_jetstreamext.py::GetBatchTest::test_get_batch_invalid_options	nats/src/nats/js/jetstreamext.py:289 SubjectRequiredError; get_last_msgs_for with no subjects nats/src/nats/js/jetstreamext.py:1306-1307
kv+objectstore+orbit	jetstreamext.FastPubAck	missing	closed	eab08ce	nats/tests/test_jetstreamext.py::FastPublisherTest::test_add_and_close	nats/src/nats/js/jetstreamext.py:728 FastPubAck dataclass returned by add/add_msg nats/src/nats/js/jetstreamext.py:927,948
kv+objectstore+orbit	jetstreamext.FastPubAck.AckSequence	missing	closed	eab08ce	nats/tests/test_jetstreamext.py::FastPublisherTest::test_add_and_close	nats/src/nats/js/jetstreamext.py:739 ack_sequence (highest acked batch sequence)
kv+objectstore+orbit	jetstreamext.FastPubAck.BatchSequence	missing	closed	eab08ce	nats/tests/test_jetstreamext.py::FastPublisherTest::test_add_and_close	nats/src/nats/js/jetstreamext.py:738 batch_sequence
kv+objectstore+orbit	jetstreamext.FastPublishFlowControl	missing	closed	eab08ce	nats/tests/test_jetstreamext.py::FastPublisherTest::test_invalid_options	nats/src/nats/js/jetstreamext.py:710 FastPublishFlowControl; validated and defaulted in FastPublisher.__init__ nats/src/nats/js/jetstreamext.py:776-787
kv+objectstore+orbit	jetstreamext.FastPublishFlowControl.AckTimeout	missing	closed	eab08ce	nats/tests/test_jetstreamext.py::FastPublisherTest::test_ack_timeout	nats/src/nats/js/jetstreamext.py:724 ack_timeout bounds _wait_for_acks nats/src/nats/js/jetstreamext.py:838-865 and commit; 0/None = js timeout nats/src/nats/js/jetstreamext.py:787
kv+objectstore+orbit	jetstreamext.FastPublishFlowControl.Flow	missing	closed	eab08ce	nats/tests/test_jetstreamext.py::FastPublisherTest::test_add_and_close	nats/src/nats/js/jetstreamext.py:722 flow (1-65535, default 100) in the reply subject nats/src/nats/js/jetstreamext.py:793 and updated from server acks nats/src/nats/js/jetstreamext.py:1084-1086
kv+objectstore+orbit	jetstreamext.FastPublishFlowControl.MaxOutstandingAcks	missing	closed	eab08ce	nats/tests/test_jetstreamext.py::FastPublisherTest::test_add_and_close	nats/src/nats/js/jetstreamext.py:723 max_outstanding_acks (default 2) gates add via _must_wait nats/src/nats/js/jetstreamext.py:824-825
kv+objectstore+orbit	jetstreamext.FastPublisher	missing	closed	eab08ce	nats/tests/test_jetstreamext.py::FastPublisherTest::test_add_and_close	nats/src/nats/js/jetstreamext.py:742 class FastPublisher (fast-ingest batch, $FI reply pattern, ping recovery nats/src/nats/js/jetstreamext.py:827-833)
kv+objectstore+orbit	jetstreamext.FastPublisher.Add	missing	closed	eab08ce	nats/tests/test_jetstreamext.py::FastPublisherTest::test_add_and_close	nats/src/nats/js/jetstreamext.py:867 add(subject, payload, **msg opts) -> FastPubAck
kv+objectstore+orbit	jetstreamext.FastPublisher.AddMsg	missing	closed	eab08ce	nats/tests/test_jetstreamext.py::FastPublisherTest::test_add_and_close	nats/src/nats/js/jetstreamext.py:891 add_msg(msg) sets reply subject, stalls on outstanding acks
kv+objectstore+orbit	jetstreamext.FastPublisher.Close	missing	closed	eab08ce	nats/tests/test_jetstreamext.py::FastPublisherTest::test_add_and_close	nats/src/nats/js/jetstreamext.py:1002 close() end-of-batch commit (op 3) on first subject -> BatchAck
kv+objectstore+orbit	jetstreamext.FastPublisher.Commit	missing	closed	eab08ce	nats/tests/test_jetstreamext.py::FastPublisherTest::test_continue_on_gap	nats/src/nats/js/jetstreamext.py:950 commit(subject, payload, timeout, **msg opts) -> BatchAck
kv+objectstore+orbit	jetstreamext.FastPublisher.CommitMsg	missing	closed	eab08ce	nats/tests/test_jetstreamext.py::FastPublisherTest::test_commit	nats/src/nats/js/jetstreamext.py:975 commit_msg(msg) -> BatchAck via _commit nats/src/nats/js/jetstreamext.py:1014-1055
kv+objectstore+orbit	jetstreamext.FastPublisher.IsClosed	missing	closed	eab08ce	nats/tests/test_jetstreamext.py::FastPublisherTest::test_add_and_close	nats/src/nats/js/jetstreamext.py:1057 is_closed()
kv+objectstore+orbit	jetstreamext.GetBatch	missing	closed	449124d	nats/tests/test_jetstreamext.py::GetBatchTest::test_get_batch	nats/src/nats/js/jetstreamext.py:1234 get_batch(js, stream, batch, seq, subject, max_bytes, start_time, timeout) -> async iterator of RawStreamMsg; seq defaults to 1 nats/src/nats/js/jetstreamext.py:1279-1280
kv+objectstore+orbit	jetstreamext.GetBatchMaxBytes	missing	closed	449124d	nats/tests/test_jetstreamext.py::GetBatchTest::test_get_batch_max_bytes_and_start_time	nats/src/nats/js/jetstreamext.py:1273-1276 max_bytes kwarg (>0 else InvalidOptionError)
kv+objectstore+orbit	jetstreamext.GetBatchSeq	missing	closed	449124d	nats/tests/test_jetstreamext.py::GetBatchTest::test_get_batch	nats/src/nats/js/jetstreamext.py:1265-1270 seq kwarg (>0, exclusive with start_time)
kv+objectstore+orbit	jetstreamext.GetBatchStartTime	missing	closed	449124d	nats/tests/test_jetstreamext.py::GetBatchTest::test_get_batch_max_bytes_and_start_time	nats/src/nats/js/jetstreamext.py:1277-1278 start_time kwarg (RFC3339 UTC)
kv+objectstore+orbit	jetstreamext.GetBatchSubject	missing	closed	449124d	nats/tests/test_jetstreamext.py::GetBatchTest::test_get_batch	nats/src/nats/js/jetstreamext.py:1271-1272 subject kwarg -> next_by_subj
kv+objectstore+orbit	jetstreamext.GetLastMsgsBatchSize	missing	closed	449124d	nats/tests/test_jetstreamext.py::GetBatchTest::test_get_last_msgs_for	nats/src/nats/js/jetstreamext.py:1311-1314 batch kwarg (>0 else InvalidOptionError)
kv+objectstore+orbit	jetstreamext.GetLastMsgsFor	missing	closed	449124d	nats/tests/test_jetstreamext.py::GetBatchTest::test_get_last_msgs_for	nats/src/nats/js/jetstreamext.py:1284 get_last_msgs_for(js, stream, subjects, batch, up_to_seq, up_to_time, timeout) -> async iterator (multi_last direct get)
kv+objectstore+orbit	jetstreamext.GetLastMsgsUpToSeq	missing	closed	449124d	nats/tests/test_jetstreamext.py::GetBatchTest::test_get_last_msgs_for	nats/src/nats/js/jetstreamext.py:1315-1316 up_to_seq kwarg (exclusive with up_to_time nats/src/nats/js/jetstreamext.py:1309-1310)
kv+objectstore+orbit	jetstreamext.GetLastMsgsUpToTime	missing	closed	449124d	nats/tests/test_jetstreamext.py::GetBatchTest::test_get_last_msgs_for	nats/src/nats/js/jetstreamext.py:1317-1318 up_to_time kwarg (RFC3339 UTC)
kv+objectstore+orbit	jetstreamext.JSErrCodeAtomicPublishTooManyInflight	missing	closed	5b7e852	nats/tests/test_jetstreamext.py::BatchErrorIdentityTest::test_error_codes_follow_nats_server	nats/src/nats/js/jetstreamext.py:69 JS_ERR_CODE_ATOMIC_PUBLISH_TOO_MANY_INFLIGHT (same value as orbit and nats-server errors.json)
kv+objectstore+orbit	jetstreamext.JSErrCodeBatchPublishDuplicateMsgID	missing	closed	5b7e852	nats/tests/test_jetstreamext.py::BatchErrorIdentityTest::test_error_codes_follow_nats_server	nats/src/nats/js/jetstreamext.py:64 JS_ERR_CODE_BATCH_PUBLISH_DUPLICATE_MSG_ID (same value as orbit and nats-server errors.json)
kv+objectstore+orbit	jetstreamext.JSErrCodeBatchPublishExceedsLimit	missing	closed	5b7e852	nats/tests/test_jetstreamext.py::BatchErrorIdentityTest::test_error_codes_follow_nats_server	nats/src/nats/js/jetstreamext.py:62 JS_ERR_CODE_BATCH_PUBLISH_EXCEEDS_LIMIT (same value as orbit and nats-server errors.json)
kv+objectstore+orbit	jetstreamext.JSErrCodeBatchPublishIncomplete	missing	closed	5b7e852	nats/tests/test_jetstreamext.py::BatchErrorIdentityTest::test_error_codes_follow_nats_server	nats/src/nats/js/jetstreamext.py:59 JS_ERR_CODE_BATCH_PUBLISH_INCOMPLETE (same value as orbit and nats-server errors.json)
kv+objectstore+orbit	jetstreamext.JSErrCodeBatchPublishInvalidCommit	missing	closed	5b7e852	nats/tests/test_jetstreamext.py::BatchErrorIdentityTest::test_error_codes_follow_nats_server	nats/src/nats/js/jetstreamext.py:63 JS_ERR_CODE_BATCH_PUBLISH_INVALID_COMMIT (same value as orbit and nats-server errors.json)
kv+objectstore+orbit	jetstreamext.JSErrCodeBatchPublishInvalidGapMode	missing	closed	5b7e852	nats/tests/test_jetstreamext.py::BatchErrorIdentityTest::test_error_codes_follow_nats_server	nats/src/nats/js/jetstreamext.py:74 JS_ERR_CODE_BATCH_PUBLISH_INVALID_GAP_MODE = 10206 (alias of FAST_BATCH_INVALID_PATTERN); orbit's 10202 is JSClusterServerMemberChangeInflightErr in nats-server v2.15.0 errors.json, and the live server answers a bad gap mode with 10206
kv+objectstore+orbit	jetstreamext.JSErrCodeBatchPublishInvalidID	missing	closed	5b7e852	nats/tests/test_jetstreamext.py::BatchErrorIdentityTest::test_error_codes_follow_nats_server	nats/src/nats/js/jetstreamext.py:61 JS_ERR_CODE_BATCH_PUBLISH_INVALID_ID (same value as orbit and nats-server errors.json)
kv+objectstore+orbit	jetstreamext.JSErrCodeBatchPublishMissingSeq	missing	closed	5b7e852	nats/tests/test_jetstreamext.py::BatchErrorIdentityTest::test_error_codes_follow_nats_server	nats/src/nats/js/jetstreamext.py:58 JS_ERR_CODE_BATCH_PUBLISH_MISSING_SEQ (same value as orbit and nats-server errors.json)
kv+objectstore+orbit	jetstreamext.JSErrCodeBatchPublishNotEnabled	missing	closed	5b7e852	nats/tests/test_jetstreamext.py::BatchErrorIdentityTest::test_error_codes_follow_nats_server	nats/src/nats/js/jetstreamext.py:57 JS_ERR_CODE_BATCH_PUBLISH_NOT_ENABLED (same value as orbit and nats-server errors.json)
kv+objectstore+orbit	jetstreamext.JSErrCodeBatchPublishTooManyInflight	missing	closed	5b7e852	nats/tests/test_jetstreamext.py::BatchErrorIdentityTest::test_error_codes_follow_nats_server	nats/src/nats/js/jetstreamext.py:70 JS_ERR_CODE_BATCH_PUBLISH_TOO_MANY_INFLIGHT (same value as orbit and nats-server errors.json)
kv+objectstore+orbit	jetstreamext.JSErrCodeBatchPublishUnsupportedHeader	missing	closed	5b7e852	nats/tests/test_jetstreamext.py::BatchErrorIdentityTest::test_error_codes_follow_nats_server	nats/src/nats/js/jetstreamext.py:60 JS_ERR_CODE_BATCH_PUBLISH_UNSUPPORTED_HEADER (same value as orbit and nats-server errors.json)
kv+objectstore+orbit	jetstreamext.JSErrCodeFastBatchInvalidID	missing	closed	5b7e852	nats/tests/test_jetstreamext.py::BatchErrorIdentityTest::test_error_codes_follow_nats_server	nats/src/nats/js/jetstreamext.py:67 JS_ERR_CODE_FAST_BATCH_INVALID_ID = 10207 (server JSBatchPublishInvalidBatchIDErr; orbit says 10205)
kv+objectstore+orbit	jetstreamext.JSErrCodeFastBatchInvalidPattern	missing	closed	5b7e852	nats/tests/test_jetstreamext.py::BatchErrorIdentityTest::test_error_codes_follow_nats_server	nats/src/nats/js/jetstreamext.py:66 JS_ERR_CODE_FAST_BATCH_INVALID_PATTERN = 10206 (server JSBatchPublishInvalidPatternErr; orbit says 10204)
kv+objectstore+orbit	jetstreamext.JSErrCodeFastBatchNotEnabled	missing	closed	5b7e852	nats/tests/test_jetstreamext.py::BatchErrorIdentityTest::test_error_codes_follow_nats_server	nats/src/nats/js/jetstreamext.py:65 JS_ERR_CODE_FAST_BATCH_NOT_ENABLED = 10205 (server JSBatchPublishDisabledErr; orbit says 10203)
kv+objectstore+orbit	jetstreamext.JSErrCodeFastBatchUnknownID	missing	closed	5b7e852	nats/tests/test_jetstreamext.py::BatchErrorIdentityTest::test_error_codes_follow_nats_server	nats/src/nats/js/jetstreamext.py:68 JS_ERR_CODE_FAST_BATCH_UNKNOWN_ID = 10208 (server JSBatchPublishUnknownBatchIDErr; orbit says 10206)
kv+objectstore+orbit	jetstreamext.NewBatchPublisher	missing	closed	4672adc	nats/tests/test_jetstreamext.py::BatchPublisherTest::test_add_and_commit	nats/src/nats/js/jetstreamext.py:649 new_batch_publisher(js, flow_control=None)
kv+objectstore+orbit	jetstreamext.NewFastPublisher	missing	closed	eab08ce	nats/tests/test_jetstreamext.py::FastPublisherTest::test_add_and_close	nats/src/nats/js/jetstreamext.py:1120 new_fast_publisher(js, flow_control, continue_on_gap, error_handler)
kv+objectstore+orbit	jetstreamext.PublishMsgBatch	missing	closed	4672adc	nats/tests/test_jetstreamext.py::BatchPublisherTest::test_publish_msg_batch	nats/src/nats/js/jetstreamext.py:658 publish_msg_batch(js, messages, flow_control, timeout) -> BatchAck; strips caller commit headers nats/src/nats/js/jetstreamext.py:682
kv+objectstore+orbit	jetstreamext.WithBatchExpectLastSequence	missing	closed	4672adc	nats/tests/test_jetstreamext.py::BatchPublisherTest::test_message_options	expect_last_sequence kwarg -> Nats-Expected-Last-Sequence nats/src/nats/js/jetstreamext.py:383-384
kv+objectstore+orbit	jetstreamext.WithBatchExpectLastSequenceForSubject	missing	closed	4672adc	nats/tests/test_jetstreamext.py::BatchPublisherTest::test_message_options	expect_last_subject_sequence + expect_last_subject_sequence_subject kwargs -> Nats-Expected-Last-Subject-Sequence-Subject nats/src/nats/js/jetstreamext.py:296,366-370,380-382
kv+objectstore+orbit	jetstreamext.WithBatchExpectLastSequencePerSubject	missing	closed	4672adc	nats/tests/test_jetstreamext.py::BatchPublisherTest::test_message_options	expect_last_subject_sequence kwarg -> Nats-Expected-Last-Subject-Sequence nats/src/nats/js/jetstreamext.py:379-382
kv+objectstore+orbit	jetstreamext.WithBatchExpectStream	missing	closed	4672adc	nats/tests/test_jetstreamext.py::BatchPublisherTest::test_message_options	expect_stream kwarg -> Nats-Expected-Stream nats/src/nats/js/jetstreamext.py:377-378
kv+objectstore+orbit	jetstreamext.WithBatchMsgTTL	missing	closed	4672adc	nats/tests/test_jetstreamext.py::BatchPublisherTest::test_message_options	msg_ttl kwarg -> Nats-TTL formatted as Go duration nats/src/nats/js/jetstreamext.py:375-376,324
kv+objectstore+orbit	jetstreamext.WithFastPublisherContinueOnGap	missing	closed	eab08ce	nats/tests/test_jetstreamext.py::FastPublisherTest::test_continue_on_gap	continue_on_gap kwarg -> 'ok' gap mode in reply subject nats/src/nats/js/jetstreamext.py:791-793
kv+objectstore+orbit	jetstreamext.WithFastPublisherErrorHandler	missing	closed	eab08ce	nats/tests/test_jetstreamext.py::FastPublisherTest::test_gap_abandons_batch	error_handler kwarg (sync or async) nats/src/nats/js/jetstreamext.py:789,1061-1066; receives gaps/msg errors nats/src/nats/js/jetstreamext.py:1093-1101
