area	id	kind	nq_python	nats_py_modern	nats_py_legacy	evidence_notes
core	ClientCert	constructor	implemented	present	present	No cert-file option; both take ssl.SSLContext (tls=) and the user calls load_cert_chain. nats-core/src/nats/client/__init__.py:1757; nats/src/nats/aio/client.py:419
core	ClientTLSConfig	constructor	implemented	missing	missing	No per-handshake cert/roots callbacks; SSLContext is built once and reused for every reconnect (nats-core/src/nats/client/__init__.py:1853, nats/src/nats/aio/client.py:1425)
core	ClosedHandler	constructor	implemented	missing	present	legacy closed_cb nats/src/nats/aio/client.py:404 (fired nats/src/nats/aio/client.py:869). modern has no closed callback at all (only disconnected/reconnected/error/lame-duck)
core	Compression	constructor	implemented	partial	missing	WebSocket permessage-deflate. modern: websockets.connect default offers deflate, not configurable (nats-core/src/nats/client/connection.py:324). legacy: aiohttp ws_connect without compress (nats/src/nats/aio/transport.py:205)
core	Conn.AuthRequired	method	implemented	present	missing	modern client.server_info.auth_required nats-core/src/nats/client/__init__.py:129; legacy INFO kept only in private _server_info
core	Conn.Barrier	method	implemented	missing	missing	No barrier API
core	Conn.Buffered	method	implemented	missing	present	legacy pending_data_size nats/src/nats/aio/client.py:1387; modern _pending_bytes private
core	Conn.ChanQueueSubscribe	method	unsupported	n/a	n/a	Go channel API (NQ unsupported)
core	Conn.ChanSubscribe	method	unsupported	n/a	n/a	Go channel API (NQ unsupported)
core	Conn.Close	method	implemented	present	present	nats-core/src/nats/client/__init__.py:1477; nats/src/nats/aio/client.py:786
core	Conn.ClosedHandler	method	implemented	missing	missing	No handler getter (legacy private _closed_cb; modern has no closed cb)
core	Conn.ConnectedAddr	method	implemented	missing	missing	No resolved peer address accessor
core	Conn.ConnectedClusterName	method	implemented	missing	missing	modern ServerInfo dataclass drops 'cluster' (present only in protocol TypedDict types.py:99); legacy private
core	Conn.ConnectedDomain	method	implemented	missing	missing	modern ServerInfo drops 'domain' (types.py:101); legacy private
core	Conn.ConnectedServerId	method	implemented	present	missing	modern server_info.server_id nats-core/src/nats/client/__init__.py:122; legacy private _server_info
core	Conn.ConnectedServerJetStream	method	implemented	partial	missing	modern server_info.jetstream bool nats-core/src/nats/client/__init__.py:137 (no API level); legacy private
core	Conn.ConnectedServerName	method	implemented	present	missing	modern server_info.server_name nats-core/src/nats/client/__init__.py:123; legacy private
core	Conn.ConnectedServerVersion	method	implemented	present	present	modern server_info.version nats-core/src/nats/client/__init__.py:124; legacy connected_server_version (semver obj) nats/src/nats/aio/client.py:1415
core	Conn.ConnectedUrl	method	implemented	missing	present	legacy connected_url nats/src/nats/aio/client.py:1283; modern keeps _last_server private (None after initial connect)
core	Conn.ConnectedUrlRedacted	method	implemented	missing	missing	No redacted URL accessor (legacy connected_url returns ParseResult incl. credentials)
core	Conn.DisconnectErrHandler	method	implemented	missing	missing	No handler getter
core	Conn.DiscoveredServers	method	implemented	missing	present	legacy discovered_servers nats/src/nats/aio/client.py:1296; modern pool private
core	Conn.DiscoveredServersHandler	method	implemented	missing	missing	No handler getter
core	Conn.Drain	method	implemented	partial	present	legacy drain nats/src/nats/aio/client.py:877 (UNSUB, flush, join queues, close). modern drain nats-core/src/nats/client/__init__.py:1387 sends UNSUB but sub drain neither flushes (PING/PONG) nor waits for queued messages to be consumed before close (nats-core/src/nats/client/subscription.py:344)
core	Conn.ErrorHandler	method	implemented	missing	missing	No handler getter
core	Conn.Flush	method	implemented	present	present	nats-core/src/nats/client/__init__.py:1117; nats/src/nats/aio/client.py:1251
core	Conn.FlushTimeout	method	implemented	partial	present	legacy flush(timeout) raises FlushTimeoutError nats/src/nats/aio/client.py:1280; modern flush(timeout) swallows the timeout and force-disconnects instead of raising (nats-core/src/nats/client/__init__.py:1127-1131)
core	Conn.FlushWithContext	method	unsupported	n/a	n/a	Go context API (NQ unsupported)
core	Conn.ForceReconnect	method	implemented	present	present	nats-core/src/nats/client/__init__.py:1440; nats/src/nats/aio/client.py:1618
core	Conn.GetClientID	method	implemented	present	present	modern server_info.client_id nats-core/src/nats/client/__init__.py:135; legacy client_id nats/src/nats/aio/client.py:1366
core	Conn.GetClientIP	method	implemented	missing	present	legacy client_ip nats/src/nats/aio/client.py:1373; modern ServerInfo omits client_ip
core	Conn.HeadersSupported	method	implemented	present	missing	modern server_info.headers nats-core/src/nats/client/__init__.py:128; legacy private
core	Conn.IsClosed	method	implemented	present	present	modern status==ClientStatus.CLOSED nats-core/src/nats/client/__init__.py:488; legacy is_closed nats/src/nats/aio/client.py:1391
core	Conn.IsConnected	method	implemented	present	present	modern status nats-core/src/nats/client/__init__.py:488; legacy is_connected nats/src/nats/aio/client.py:1399
core	Conn.IsDraining	method	implemented	present	present	modern status DRAINING nats-core/src/nats/client/__init__.py:112; legacy is_draining nats/src/nats/aio/client.py:1407
core	Conn.IsReconnecting	method	implemented	present	present	modern status RECONNECTING; legacy is_reconnecting nats/src/nats/aio/client.py:1395
core	Conn.IsSystemAccount	method	implemented	missing	missing	INFO acc_is_sys not parsed by either client
core	Conn.LastError	method	implemented	partial	present	legacy last_error (Exception) nats/src/nats/aio/client.py:1380; modern last_error is only the last server -ERR string nats-core/src/nats/client/__init__.py:493
core	Conn.LocalAddr	method	implemented	missing	missing	No local socket address accessor
core	Conn.MaxPayload	method	implemented	present	present	modern server_info.max_payload nats-core/src/nats/client/__init__.py:133; legacy max_payload nats/src/nats/aio/client.py:1359
core	Conn.NewInbox	method	implemented	present	present	nats-core/src/nats/client/__init__.py:1311; nats/src/nats/aio/client.py:1181
core	Conn.NewRespInbox	method	implemented	missing	missing	No accessor for an inbox under the request-mux prefix
core	Conn.NumSubscriptions	method	implemented	missing	missing	Subscription maps private (nats-core/src/nats/client/__init__.py:270 _subscriptions, nats/src/nats/aio/client.py:345 _subs)
core	Conn.Publish	method	implemented	present	present	nats-core/src/nats/client/__init__.py:1133; nats/src/nats/aio/client.py:920
core	Conn.PublishMsg	method	implemented	present	present	No Msg-object publish, but publish(subject, payload, reply=, headers=) covers it (nats-core/src/nats/client/__init__.py:1133, nats/src/nats/aio/client.py:920)
core	Conn.PublishRequest	method	implemented	present	present	publish(reply=) nats-core/src/nats/client/__init__.py:1138; nats/src/nats/aio/client.py:924
core	Conn.QueueSubscribe	method	implemented	partial	present	legacy subscribe(queue=, cb=async) nats/src/nats/aio/client.py:1035; modern subscribe(queue=) + Subscription.add_callback is sync, runs inline on the read loop and messages are still enqueued (nats-core/src/nats/client/subscription.py:179/219-225)
core	Conn.QueueSubscribeSync	method	implemented	present	present	subscribe(queue=) + next() nats-core/src/nats/client/__init__.py:1213/nats-core/src/nats/client/subscription.py:241; legacy next_msg nats/src/nats/aio/subscription.py:161
core	Conn.QueueSubscribeSyncWithChan	method	unsupported	n/a	n/a	Go channel API (NQ unsupported)
core	Conn.RTT	method	implemented	present	present	nats-core/src/nats/client/__init__.py:1106; nats/src/nats/aio/client.py:1227
core	Conn.ReconnectHandler	method	implemented	missing	missing	No handler getter
core	Conn.RemoveStatusListener	method	unsupported	n/a	n/a	Go channel API (NQ unsupported)
core	Conn.Request	method	implemented	present	present	nats-core/src/nats/client/__init__.py:1319; nats/src/nats/aio/client.py:1119
core	Conn.RequestMsg	method	implemented	present	present	request(headers=) nats-core/src/nats/client/__init__.py:1325; nats/src/nats/aio/client.py:1125
core	Conn.RequestMsgWithContext	method	unsupported	n/a	n/a	Go context API (NQ unsupported)
core	Conn.RequestWithContext	method	unsupported	n/a	n/a	Go context API (NQ unsupported)
core	Conn.ServerPool	method	implemented	missing	present	legacy server_pool nats/src/nats/aio/client.py:1304; modern _server_pool private
core	Conn.Servers	method	implemented	missing	present	legacy servers nats/src/nats/aio/client.py:1289; modern private
core	Conn.SetClosedHandler	method	implemented	missing	missing	modern no closed cb; legacy callbacks only settable in connect()
core	Conn.SetDisconnectErrHandler	method	implemented	partial	missing	modern add_disconnected_callback (no error arg) nats-core/src/nats/client/__init__.py:1544; legacy connect-time only
core	Conn.SetDisconnectHandler	method	implemented	present	missing	modern add/remove_disconnected_callback nats-core/src/nats/client/__init__.py:1544/1552; legacy connect-time only
core	Conn.SetDiscoveredServersHandler	method	implemented	missing	missing	modern none; legacy connect-time only
core	Conn.SetErrorHandler	method	implemented	present	missing	modern add/remove_error_callback nats-core/src/nats/client/__init__.py:1580; legacy connect-time only
core	Conn.SetReconnectHandler	method	implemented	present	missing	modern add/remove_reconnected_callback nats-core/src/nats/client/__init__.py:1562; legacy connect-time only
core	Conn.SetServerPool	method	implemented	missing	present	legacy set_server_pool nats/src/nats/aio/client.py:1310; modern none
core	Conn.Stats	method	implemented	present	present	modern stats() nats-core/src/nats/client/__init__.py:497; legacy stats dict nats/src/nats/aio/client.py:390
core	Conn.Status	method	implemented	present	present	modern status enum nats-core/src/nats/client/__init__.py:105/488; legacy is_* predicates (nats/src/nats/aio/client.py:1391-1411; _status int private)
core	Conn.StatusChanged	method	unsupported	n/a	n/a	Go channel API (NQ unsupported); neither client has a status listener
core	Conn.Subscribe	method	implemented	partial	present	legacy subscribe(cb=async) nats/src/nats/aio/client.py:1035; modern sync inline add_callback only (nats-core/src/nats/client/subscription.py:179), messages also queued -> callback-only use eventually hits slow-consumer
core	Conn.SubscribeSync	method	implemented	present	present	nats-core/src/nats/client/__init__.py:1213 + nats-core/src/nats/client/subscription.py:241 next(); nats/src/nats/aio/client.py:1035 + nats/src/nats/aio/subscription.py:161 next_msg
core	Conn.TLSConnectionState	method	implemented	missing	missing	No TLS session/peer-cert accessor
core	Conn.TLSRequired	method	implemented	present	missing	modern server_info.tls_required nats-core/src/nats/client/__init__.py:130; legacy private
core	Connect	function	implemented	present	present	nats.client.connect nats-core/src/nats/client/__init__.py:1753 (single URL); nats.connect / Client.connect nats/src/nats/aio/client.py:399
core	ConnectHandler	constructor	implemented	missing	missing	No connected callback in either client
core	CustomInboxPrefix	constructor	implemented	present	present	inbox_prefix nats-core/src/nats/client/__init__.py:1768 (validated nats-core/src/nats/client/__init__.py:417); nats/src/nats/aio/client.py:431
core	CustomReconnectDelay	constructor	implemented	missing	missing	modern has fixed exponential backoff (reconnect_time_wait..reconnect_time_wait_max, nats-core/src/nats/client/__init__.py:1072); legacy fixed reconnect_time_wait (nats/src/nats/aio/client.py:1569); no user delay callback
core	DecodeHeadersMsg	function	unsupported	n/a	n/a	NQ unsupported; internal parsers exist (nats-core protocol/message.py:117 parse_headers; nats/src/nats/aio/client.py:1890 _parse_header_lines)
core	Dialer	constructor	unsupported	n/a	n/a	Go *net.Dialer (NQ unsupported)
core	DisconnectErrHandler	constructor	implemented	partial	partial	disconnected callbacks receive no error argument (nats-core/src/nats/client/__init__.py:1544, nats/src/nats/aio/client.py:403); legacy exposes last_error nats/src/nats/aio/client.py:1380
core	DisconnectHandler	constructor	implemented	present	present	nats-core/src/nats/client/__init__.py:1544 add_disconnected_callback; nats/src/nats/aio/client.py:403 disconnected_cb
core	DiscoveredServersHandler	constructor	implemented	missing	present	legacy discovered_server_cb nats/src/nats/aio/client.py:405 (fired nats/src/nats/aio/client.py:2206); modern silently appends connect_urls (nats-core/src/nats/client/__init__.py:795) with no callback
core	DontRandomize	constructor	implemented	present	present	no_randomize nats-core/src/nats/client/__init__.py:1766; dont_randomize nats/src/nats/aio/client.py:416
core	DrainTimeout	constructor	implemented	present	present	modern per-call drain(timeout=) nats-core/src/nats/client/__init__.py:1387; legacy drain_timeout nats/src/nats/aio/client.py:425
core	ErrAccountAuthExpired	error	implemented	partial	partial	legacy folds into AuthenticationExpiredError via substring match (parser.py:67, nats/src/nats/aio/client.py:1593); modern only raw -ERR string to error callbacks (nats-core/src/nats/client/__init__.py:808)
core	ErrAuthExpired	error	implemented	partial	present	legacy AuthenticationExpiredError nats/src/nats/errors.py:113 (nats/src/nats/aio/client.py:1594, triggers reconnect); modern raw -ERR string (nats-core/src/nats/client/__init__.py:808)
core	ErrAuthRevoked	error	implemented	partial	partial	No distinct type; legacy generic errors.Error('nats: ...') then close (nats/src/nats/aio/client.py:1600-1616); modern raw -ERR string
core	ErrAuthorization	error	implemented	partial	present	legacy AuthorizationError nats/src/nats/errors.py:118; modern ConnectionError('Authorization failed: ...') at connect only (nats-core/src/nats/client/__init__.py:1945)
core	ErrBadHeaderMsg	error	implemented	partial	partial	No distinct type; modern ParseError ends read loop (protocol/message.py:117); legacy header parse exceptions -> error_cb (nats/src/nats/aio/client.py:2011)
core	ErrBadQueueName	error	implemented	partial	partial	modern ValueError (nats-core/src/nats/client/__init__.py:228); legacy raises BadSubjectError for bad queue (nats/src/nats/aio/client.py:141)
core	ErrBadSubject	error	implemented	partial	present	legacy BadSubjectError nats/src/nats/errors.py:82; modern builtin ValueError (nats-core/src/nats/client/__init__.py:193)
core	ErrBadSubscription	error	implemented	partial	present	legacy BadSubscriptionError nats/src/nats/errors.py:77 (nats/src/nats/aio/subscription.py:233/276); modern RuntimeError('Subscription is closed') from next() (nats-core/src/nats/client/subscription.py:266), unsubscribe on closed sub silently no-ops
core	ErrBadTimeout	error	implemented	missing	present	legacy BadTimeoutError nats/src/nats/errors.py:108 (nats/src/nats/aio/client.py:1235/1260); modern does not validate timeouts
core	ErrChanArg	error	unsupported	n/a	n/a	Go channel API (NQ unsupported)
core	ErrClientCertOrRootCAsRequired	error	implemented	missing	missing	No ClientTLSConfig equivalent
core	ErrClientIDNotSupported	error	implemented	partial	partial	client_id simply None when absent (nats-core/src/nats/client/__init__.py:135, nats/src/nats/aio/client.py:1366)
core	ErrClientIPNotSupported	error	implemented	missing	partial	legacy client_ip None when absent (nats/src/nats/aio/client.py:1373); modern has no client_ip
core	ErrConnectionClosed	error	implemented	partial	present	legacy ConnectionClosedError nats/src/nats/errors.py:57; modern RuntimeError/ConnectionError('Connection is closed') (nats-core/src/nats/client/__init__.py:1153, nats-core/src/nats/client/__init__.py:1460)
core	ErrConnectionDraining	error	implemented	missing	present	legacy ConnectionDrainingError nats/src/nats/errors.py:143 (nats/src/nats/aio/client.py:979/1064); modern publish/subscribe not gated during DRAINING (nats-core/src/nats/client/__init__.py:1153/1237)
core	ErrConnectionNotTLS	error	implemented	missing	missing	No TLSConnectionState
core	ErrConnectionReconnecting	error	implemented	missing	present	legacy ConnectionReconnectingError nats/src/nats/errors.py:148 (nats/src/nats/aio/client.py:891); modern none
core	ErrDisconnected	error	implemented	missing	missing	No distinct disconnected error
core	ErrDrainTimeout	error	implemented	partial	present	legacy DrainTimeoutError nats/src/nats/errors.py:138 via error_cb (nats/src/nats/aio/client.py:912); modern builtin TimeoutError (nats-core/src/nats/client/__init__.py:1438)
core	ErrHeadersNotSupported	error	implemented	missing	missing	Neither checks INFO headers before HPUB (modern always sends headers=true nats-core/src/nats/client/__init__.py:1887)
core	ErrInvalidArg	error	implemented	partial	missing	modern uses builtin ValueError for bad args (e.g. nats-core/src/nats/client/subscription.py:331, nats-core/src/nats/client/__init__.py:417); legacy none
core	ErrInvalidConnection	error	unsupported	n/a	n/a	nil *Conn receiver (NQ unsupported)
core	ErrInvalidContext	error	unsupported	n/a	n/a	Go context (NQ unsupported)
core	ErrInvalidMsg	error	implemented	missing	missing	No nil-message validation path (no PublishMsg/RespondMsg)
core	ErrJsonParse	error	unsupported	n/a	n/a	NQ unsupported; legacy has JsonParseError class nats/src/nats/errors.py:128 (unused)
core	ErrMaxAccountConnectionsExceeded	error	implemented	partial	partial	Only generic error with server text at connect (nats-core/src/nats/client/__init__.py:1949 ConnectionError; nats/src/nats/aio/client.py:2336 errors.Error)
core	ErrMaxConnectionsExceeded	error	implemented	partial	partial	Only generic error with server text at connect (nats-core/src/nats/client/__init__.py:1949; nats/src/nats/aio/client.py:2336)
core	ErrMaxMessages	error	implemented	partial	missing	modern next() raises RuntimeError once auto-unsub cap reached and queue drained (nats-core/src/nats/client/subscription.py:239/266); legacy none
core	ErrMaxPayload	error	implemented	present	present	modern MaxPayloadError nats-core/src/nats/client/errors.py:14 (nats-core/src/nats/client/__init__.py:1181); legacy MaxPayloadError nats/src/nats/errors.py:133 (nats/src/nats/aio/client.py:989)
core	ErrMaxSubscriptionsExceeded	error	implemented	partial	partial	Only raw/generic server -ERR (nats-core/src/nats/client/__init__.py:808; nats/src/nats/aio/client.py:1600)
core	ErrMixingWebsocketSchemes	error	implemented	n/a	partial	modern takes a single URL so mixing cannot occur; legacy generic errors.Error with the same text (nats/src/nats/aio/client.py:1520)
core	ErrMsgNoReply	error	implemented	missing	partial	legacy generic Error('no reply subject available') nats/src/nats/aio/msg.py:101; modern no respond
core	ErrMsgNotBound	error	implemented	missing	partial	legacy generic Error('client not set') nats/src/nats/aio/msg.py:103; modern no respond
core	ErrMultipleTLSConfigs	error	unsupported	n/a	n/a	Go tls.Config (NQ unsupported)
core	ErrNkeyAndUser	error	implemented	missing	missing	No auth-option conflict validation
core	ErrNkeyButNoSigCB	error	implemented	missing	missing	No auth-option conflict validation
core	ErrNkeysNotSupported	error	implemented	missing	missing	Missing nonce just means no sig is sent (nats-core/src/nats/client/__init__.py:1923; nats/src/nats/aio/client.py:1818)
core	ErrNoDeadlineContext	error	unsupported	n/a	n/a	Go context (NQ unsupported)
core	ErrNoEchoNotSupported	error	implemented	missing	missing	No proto-version check for no_echo
core	ErrNoInfoReceived	error	implemented	partial	partial	Generic: modern ConnectionError wrapping 'Expected INFO message' (nats-core/src/nats/client/connection.py:431/465); legacy errors.Error('...expecting INFO message') nats/src/nats/aio/client.py:2254
core	ErrNoResponders	error	implemented	present	present	modern NoRespondersError nats-core/src/nats/client/errors.py:77 (nats-core/src/nats/client/__init__.py:1376); legacy NoRespondersError nats/src/nats/errors.py:32 (nats/src/nats/aio/client.py:1144)
core	ErrNoServers	error	implemented	partial	present	legacy NoServersError nats/src/nats/errors.py:123 (nats/src/nats/aio/client.py:1557); modern logs and goes CLOSED after attempts (nats-core/src/nats/client/__init__.py:1079), initial failure is ConnectionError
core	ErrNoUserCB	error	implemented	missing	missing	No auth-option conflict validation
core	ErrPermissionViolation	error	implemented	partial	partial	Raw/generic -ERR text to error callbacks (nats-core/src/nats/client/__init__.py:808; nats/src/nats/aio/client.py:1605)
core	ErrReconnectBufExceeded	error	implemented	missing	present	legacy OutboundBufferLimitError nats/src/nats/errors.py:42 (nats/src/nats/aio/client.py:986); modern unbounded buffer
core	ErrSecureConnRequired	error	unsupported	n/a	n/a	nats.go never returns it (NQ unsupported); legacy class nats/src/nats/errors.py:62 unused
core	ErrSecureConnWanted	error	implemented	present	missing	modern SecureConnectionRequiredError nats-core/src/nats/client/errors.py:31 (nats-core/src/nats/client/connection.py:440); legacy SecureConnWantedError nats/src/nats/errors.py:67 is defined but never raised (plaintext fallback, see Secure)
core	ErrServerNotInPool	error	implemented	missing	present	legacy ServerNotInPoolError nats/src/nats/errors.py:168 (nats/src/nats/aio/client.py:1718); modern no reconnect-to-server cb
core	ErrSlowConsumer	error	implemented	present	present	modern SlowConsumerError nats-core/src/nats/client/errors.py:91 (nats-core/src/nats/client/__init__.py:683); legacy SlowConsumerError nats/src/nats/errors.py:97 (nats/src/nats/aio/client.py:2115)
core	ErrStaleConnection	error	implemented	partial	present	legacy StaleConnectionError nats/src/nats/errors.py:37 (nats/src/nats/aio/client.py:1589, nats/src/nats/aio/client.py:2397); modern detects max outstanding pings but only logs + reconnects, no error surfaced (nats-core/src/nats/client/__init__.py:583-586)
core	ErrSyncSubRequired	error	implemented	n/a	partial	modern has no async-only subscriptions (callbacks coexist with next()); legacy generic Error('next_msg cannot be used in async subscriptions') nats/src/nats/aio/subscription.py:181
core	ErrTLS	error	implemented	partial	partial	No distinct TLS error: modern ConnectionError('Failed to upgrade connection to TLS') nats-core/src/nats/client/connection.py:122; legacy raw ssl errors (SecureConnFailedError nats/src/nats/errors.py:72 unused)
core	ErrTimeout	error	implemented	present	present	modern builtin TimeoutError (nats-core/src/nats/client/__init__.py:1382); legacy nats.errors.TimeoutError nats/src/nats/errors.py:27
core	ErrTokenAlreadySet	error	implemented	missing	missing	No auth-option conflict validation
core	ErrTypeSubscription	error	unsupported	n/a	n/a	Go channel/pull subscription types (NQ unsupported)
core	ErrUserButNoSigCB	error	implemented	missing	missing	No auth-option conflict validation
core	ErrUserInfoAlreadySet	error	implemented	missing	missing	No auth-option conflict validation
core	ErrWebSocketHeadersAlreadySet	error	implemented	missing	missing	No ws headers handler option
core	ErrorHandler	constructor	implemented	present	present	nats-core/src/nats/client/__init__.py:1580 add_error_callback; nats/src/nats/aio/client.py:402 error_cb
core	FlusherTimeout	constructor	implemented	missing	partial	legacy flush_timeout nats/src/nats/aio/client.py:433 only bounds a forced flush when pending buffer overflows (nats/src/nats/aio/client.py:1470); modern none
core	GetDefaultOptions	function	unsupported	n/a	n/a	Options struct idiom (NQ unsupported)
core	Header.Add	method	unsupported	present	missing	NQ unsupported (native dicts). modern Headers.append nats-core/src/nats/client/message.py:118; legacy headers are Dict[str,str], single-valued (nats/src/nats/aio/client.py:1927 last value wins)
core	Header.Del	method	unsupported	present	present	NQ unsupported. modern Headers.delete nats-core/src/nats/client/message.py:108; legacy dict del
core	Header.Get	method	unsupported	present	present	NQ unsupported. modern Headers.get (case-insensitive) nats-core/src/nats/client/message.py:74; legacy dict.get
core	Header.Set	method	unsupported	present	present	NQ unsupported. modern Headers.set nats-core/src/nats/client/message.py:94; legacy dict assignment
core	Header.Values	method	unsupported	present	missing	NQ unsupported. modern Headers.get_all nats-core/src/nats/client/message.py:84; legacy cannot represent multi-value headers
core	IgnoreAuthErrorAbort	constructor	implemented	partial	partial	Neither implements nats.go abort-on-repeated-auth-error; modern never aborts on auth errors (behaves as ignore=true, not configurable); legacy closes on an established-connection auth violation (nats/src/nats/aio/client.py:1597-1616) but retries handshake auth failures during reconnect
core	IgnoreDiscoveredServers	constructor	implemented	missing	missing	connect_urls always merged into the pool (nats-core/src/nats/client/__init__.py:795, nats/src/nats/aio/client.py:2171)
core	InProcessServer	constructor	unsupported	n/a	n/a	In-process Go server (NQ unsupported)
core	LameDuckModeHandler	constructor	implemented	present	present	nats-core/src/nats/client/__init__.py:1598 add_lame_duck_mode_callback; nats/src/nats/aio/client.py:436 lame_duck_mode_cb (nats/src/nats/aio/client.py:2209)
core	MaxPingsOutstanding	constructor	implemented	present	present	max_outstanding_pings nats-core/src/nats/client/__init__.py:1770; nats/src/nats/aio/client.py:415
core	MaxReconnects	constructor	implemented	present	present	reconnect_max_attempts nats-core/src/nats/client/__init__.py:1761 (0=unlimited); max_reconnect_attempts nats/src/nats/aio/client.py:413 (per-server, <0 unlimited)
core	Msg.Equal	method	implemented	present	present	dataclass __eq__ (nats-core/src/nats/client/message.py:205; nats/src/nats/aio/msg.py:38, legacy also compares _client/_sid)
core	Msg.Respond	method	implemented	missing	present	legacy Msg.respond nats/src/nats/aio/msg.py:96; modern Message is an unbound dataclass (nats-core/src/nats/client/message.py:206) - must publish to msg.reply manually
core	Msg.RespondMsg	method	implemented	missing	partial	legacy respond(data) only; it re-sends the request's headers and takes no headers arg (nats/src/nats/aio/msg.py:105); modern none
core	Msg.Size	method	implemented	missing	missing	No message size helper
core	MultipathTCP	constructor	unsupported	n/a	n/a	Go dialer MPTCP switch (NQ unsupported)
core	Name	constructor	implemented	present	present	nats-core/src/nats/client/__init__.py:1771; nats/src/nats/aio/client.py:407
core	NewInbox	function	implemented	partial	partial	No module-level helper; only Client.new_inbox (nats-core/src/nats/client/__init__.py:1311, nats/src/nats/aio/client.py:1181)
core	NewMsg	function	unsupported	n/a	n/a	NQ unsupported; Message/Msg dataclasses constructed directly (nats-core/src/nats/client/message.py:206, nats/src/nats/aio/msg.py:38)
core	Nkey	constructor	implemented	present	missing	modern nkey=(pubkey_handler, sign_handler) nats-core/src/nats/client/__init__.py:1775/1649; legacy derives public nkey only from a seed (nats/src/nats/aio/client.py:753-770), no public-key+signature-callback option
core	NkeyOptionFromSeed	constructor	implemented	present	present	modern nkey=Path|seed str nats-core/src/nats/client/__init__.py:1656 (needs optional nkeys pkg nats-core/src/nats/client/__init__.py:1628); legacy nkeys_seed / nkeys_seed_str nats/src/nats/aio/client.py:429-430 (needs nkeys pkg nats/src/nats/aio/client.py:756)
core	NoCallbacksAfterClientClose	constructor	implemented	partial	missing	modern close() fires no callbacks at all (implicit, not configurable, nats-core/src/nats/client/__init__.py:1477); legacy close always fires disconnected_cb+closed_cb (nats/src/nats/aio/client.py:866-870)
core	NoEcho	constructor	implemented	present	present	no_echo nats-core/src/nats/client/__init__.py:1767; nats/src/nats/aio/client.py:418
core	NoReconnect	constructor	implemented	present	present	allow_reconnect=False nats-core/src/nats/client/__init__.py:1760; nats/src/nats/aio/client.py:410
core	Options.AllowMultipathTCP	field	unsupported	n/a	n/a	Go dialer (NQ unsupported)
core	Options.AllowReconnect	field	implemented	present	present	nats-core/src/nats/client/__init__.py:1760; nats/src/nats/aio/client.py:410
core	Options.AsyncErrorCB	field	implemented	present	present	nats-core/src/nats/client/__init__.py:1580; nats/src/nats/aio/client.py:402
core	Options.ClosedCB	field	implemented	missing	present	nats/src/nats/aio/client.py:404; modern none
core	Options.Compression	field	implemented	partial	missing	see Compression
core	Options.Connect	method	unsupported	n/a	n/a	Options struct idiom (NQ unsupported)
core	Options.ConnectedCB	field	implemented	missing	missing	No connected callback
core	Options.CustomDialer	field	implemented	missing	missing	see SetCustomDialer
core	Options.CustomReconnectDelayCB	field	implemented	missing	missing	see CustomReconnectDelay
core	Options.Dialer	field	unsupported	n/a	n/a	Go *net.Dialer (NQ unsupported)
core	Options.DisconnectedCB	field	implemented	present	present	nats-core/src/nats/client/__init__.py:1544; nats/src/nats/aio/client.py:403
core	Options.DisconnectedErrCB	field	implemented	partial	partial	no error argument (nats-core/src/nats/client/__init__.py:1544, nats/src/nats/aio/client.py:403)
core	Options.DiscoveredServersCB	field	implemented	missing	present	nats/src/nats/aio/client.py:405; modern none
core	Options.DrainTimeout	field	implemented	present	present	nats-core/src/nats/client/__init__.py:1387 drain(timeout=); nats/src/nats/aio/client.py:425
core	Options.FlusherTimeout	field	implemented	missing	partial	see FlusherTimeout (nats/src/nats/aio/client.py:433)
core	Options.IgnoreAuthErrorAbort	field	implemented	partial	partial	see IgnoreAuthErrorAbort
core	Options.IgnoreDiscoveredServers	field	implemented	missing	missing	see IgnoreDiscoveredServers
core	Options.InProcessServer	field	unsupported	n/a	n/a	NQ unsupported
core	Options.InboxPrefix	field	implemented	present	present	nats-core/src/nats/client/__init__.py:1768; nats/src/nats/aio/client.py:431
core	Options.LameDuckModeHandler	field	implemented	present	present	nats-core/src/nats/client/__init__.py:1598; nats/src/nats/aio/client.py:436
core	Options.MaxPingsOut	field	implemented	present	present	nats-core/src/nats/client/__init__.py:1770; nats/src/nats/aio/client.py:415
core	Options.MaxReconnect	field	implemented	present	present	nats-core/src/nats/client/__init__.py:1761; nats/src/nats/aio/client.py:413
core	Options.Name	field	implemented	present	present	nats-core/src/nats/client/__init__.py:1771; nats/src/nats/aio/client.py:407
core	Options.Nkey	field	implemented	present	missing	see Nkey
core	Options.NoCallbacksAfterClientClose	field	implemented	partial	missing	see NoCallbacksAfterClientClose
core	Options.NoEcho	field	implemented	present	present	nats-core/src/nats/client/__init__.py:1767; nats/src/nats/aio/client.py:418
core	Options.NoRandomize	field	implemented	present	present	nats-core/src/nats/client/__init__.py:1766; nats/src/nats/aio/client.py:416
core	Options.Password	field	implemented	present	present	nats-core/src/nats/client/__init__.py:1774; nats/src/nats/aio/client.py:423
core	Options.Pedantic	field	implemented	present	present	nats-core/src/nats/client/__init__.py:1778; nats/src/nats/aio/client.py:408
core	Options.PermissionErrOnSubscribe	field	implemented	missing	missing	see PermissionErrOnSubscribe
core	Options.PingInterval	field	implemented	present	present	nats-core/src/nats/client/__init__.py:1769; nats/src/nats/aio/client.py:414
core	Options.ProxyPath	field	implemented	partial	partial	see ProxyPath
core	Options.ReconnectBufSize	field	implemented	missing	present	see ReconnectBufSize (nats/src/nats/aio/client.py:432)
core	Options.ReconnectErrCB	field	implemented	missing	partial	see ReconnectErrHandler
core	Options.ReconnectJitter	field	implemented	partial	missing	see ReconnectJitter (nats-core/src/nats/client/__init__.py:1764)
core	Options.ReconnectJitterTLS	field	implemented	missing	missing	No TLS-specific jitter
core	Options.ReconnectOnFlusherError	field	implemented	missing	partial	see ReconnectOnFlusherError
core	Options.ReconnectToServerCB	field	implemented	missing	present	nats/src/nats/aio/client.py:435
core	Options.ReconnectWait	field	implemented	present	present	nats-core/src/nats/client/__init__.py:1762; nats/src/nats/aio/client.py:412
core	Options.ReconnectedCB	field	implemented	present	present	nats-core/src/nats/client/__init__.py:1562; nats/src/nats/aio/client.py:406
core	Options.RetryOnFailedConnect	field	implemented	missing	partial	see RetryOnFailedConnect
core	Options.RootCAsCB	field	implemented	missing	missing	see ClientTLSConfig
core	Options.Secure	field	implemented	present	partial	see Secure
core	Options.Servers	field	implemented	partial	present	modern connect() takes ONE url (nats-core/src/nats/client/__init__.py:1754); pool grows only via INFO connect_urls; legacy servers list nats/src/nats/aio/client.py:401
core	Options.SignatureCB	field	implemented	present	present	modern handler tuples nats-core/src/nats/client/__init__.py:1649/1686; legacy signature_cb nats/src/nats/aio/client.py:426
core	Options.SkipHostLookup	field	implemented	present	present	implicit, see SkipHostLookup
core	Options.SkipSubjectValidation	field	implemented	present	present	nats-core/src/nats/client/__init__.py:1779; nats/src/nats/aio/client.py:437
core	Options.SubChanLen	field	implemented	partial	partial	per-subscription only (nats-core/src/nats/client/__init__.py:1218, nats/src/nats/aio/client.py:1042)
core	Options.TLSCertCB	field	implemented	missing	missing	see ClientTLSConfig
core	Options.TLSConfig	field	implemented	present	present	tls=ssl.SSLContext nats-core/src/nats/client/__init__.py:1757; nats/src/nats/aio/client.py:419 (+ tls_hostname nats-core/src/nats/client/__init__.py:1758, nats/src/nats/aio/client.py:420)
core	Options.TLSHandshakeFirst	field	implemented	present	present	nats-core/src/nats/client/__init__.py:1759; nats/src/nats/aio/client.py:421
core	Options.Timeout	field	implemented	present	present	nats-core/src/nats/client/__init__.py:1756; nats/src/nats/aio/client.py:411
core	Options.Token	field	implemented	present	present	nats-core/src/nats/client/__init__.py:1772; nats/src/nats/aio/client.py:424
core	Options.TokenHandler	field	implemented	present	present	callable token (nats-core/src/nats/client/__init__.py:1772; nats/src/nats/aio/client.py:424)
core	Options.Url	field	implemented	present	present	nats-core/src/nats/client/__init__.py:1754; nats/src/nats/aio/client.py:401
core	Options.UseOldRequestStyle	field	implemented	missing	present	legacy per-call old_style (nats/src/nats/aio/client.py:1124)
core	Options.User	field	implemented	present	present	nats-core/src/nats/client/__init__.py:1773; nats/src/nats/aio/client.py:422
core	Options.UserInfo	field	implemented	present	present	callable user/password (nats-core/src/nats/client/__init__.py:1773-1774; nats/src/nats/aio/client.py:422-423)
core	Options.UserJWT	field	implemented	present	present	nats-core/src/nats/client/__init__.py:1776; nats/src/nats/aio/client.py:427
core	Options.Verbose	field	implemented	present	present	nats-core/src/nats/client/__init__.py:1777; nats/src/nats/aio/client.py:409 (+OK handled nats/src/nats/aio/client.py:2306)
core	Options.WebSocketConnectionHeaders	field	implemented	missing	present	nats/src/nats/aio/client.py:434
core	Options.WebSocketConnectionHeadersHandler	field	implemented	missing	missing	none
core	Options.WriteBufferSize	field	implemented	missing	present	nats/src/nats/aio/client.py:432 pending_size
core	PermissionErrOnSubscribe	constructor	implemented	missing	missing	Permission -ERR only goes to error callbacks (nats-core/src/nats/client/__init__.py:808; nats/src/nats/aio/client.py:1605); next()/next_msg never return it
core	PingInterval	constructor	implemented	present	present	ping_interval nats-core/src/nats/client/__init__.py:1769; nats/src/nats/aio/client.py:414
core	ProxyPath	constructor	implemented	partial	partial	No proxy_path option; a path embedded in a ws:// URL is used as-is (nats-core/src/nats/client/connection.py:402, nats/src/nats/aio/transport.py:205) but is not applied to discovered servers
core	ReconnectBufSize	constructor	implemented	missing	present	legacy pending_size bounds publishes while disconnected -> OutboundBufferLimitError (nats/src/nats/aio/client.py:982-986); modern buffers without bound while reconnecting (nats-core/src/nats/client/__init__.py:1090 _force_flush no-op when disconnected)
core	ReconnectErrHandler	constructor	implemented	missing	partial	legacy reports each failed reconnect attempt via error_cb (nats/src/nats/aio/client.py:1786-1788); modern only logs (nats-core/src/nats/client/__init__.py:1062-1068)
core	ReconnectHandler	constructor	implemented	present	present	nats-core/src/nats/client/__init__.py:1562 add_reconnected_callback; nats/src/nats/aio/client.py:406 reconnected_cb
core	ReconnectJitter	constructor	implemented	partial	missing	modern reconnect_jitter is a multiplicative factor, single value for TCP/TLS (nats-core/src/nats/client/__init__.py:870); legacy none
core	ReconnectOnFlusherError	constructor	implemented	missing	partial	legacy flusher OSError always triggers reconnect (nats/src/nats/aio/client.py:2377-2379), not configurable; modern write-loop errors are only logged (nats-core/src/nats/client/__init__.py:626)
core	ReconnectToServer	constructor	implemented	missing	present	legacy reconnect_to_server_handler nats/src/nats/aio/client.py:435 (nats/src/nats/aio/client.py:1689-1727); modern none
core	ReconnectWait	constructor	implemented	present	present	reconnect_time_wait nats-core/src/nats/client/__init__.py:1762 (+exp backoff to _max nats-core/src/nats/client/__init__.py:1763); nats/src/nats/aio/client.py:412
core	RetryOnFailedConnect	constructor	implemented	missing	partial	modern connect() raises on first failure (nats-core/src/nats/client/__init__.py:1856); legacy connect() blocks retrying the pool up to max_reconnect_attempts when allow_reconnect (nats/src/nats/aio/client.py:617-643), not nats.go's return-then-connect-in-background
core	RootCAs	constructor	implemented	present	present	Via ssl.SSLContext.load_verify_locations passed as tls= (nats-core/src/nats/client/__init__.py:1757, nats/src/nats/aio/client.py:419)
core	Secure	constructor	implemented	present	partial	modern tls= / tls:// forces TLS (upgrade on tls_available too) and raises SecureConnectionRequiredError (nats-core/src/nats/client/connection.py:439-455); legacy only upgrades when server INFO tls_required (nats/src/nats/aio/client.py:2282-2296): a tls:// URL or tls= context against a non-TLS server silently stays plaintext
core	SetCustomDialer	constructor	implemented	missing	missing	No dialer injection; modern Connection is a Protocol (nats-core/src/nats/client/connection.py:22) but connect() has no parameter for it; legacy Transport ABC (nats/src/nats/aio/transport.py:19) not injectable
core	SkipHostLookup	constructor	implemented	present	present	Implicit: neither client pre-resolves hostnames into per-IP pool entries; asyncio.open_connection resolves (nats-core/src/nats/client/connection.py:207, nats/src/nats/aio/transport.py:116). No option
core	SkipSubjectValidation	constructor	implemented	present	present	skip_subject_validation nats-core/src/nats/client/__init__.py:1779; nats/src/nats/aio/client.py:437
core	Subscription.AutoUnsubscribe	method	implemented	present	present	modern unsubscribe_after nats-core/src/nats/client/subscription.py:301; legacy unsubscribe(limit=) nats/src/nats/aio/subscription.py:261 / subscribe(max_msgs=) nats/src/nats/aio/client.py:1041
core	Subscription.ClearMaxPending	method	implemented	missing	missing	No pending high-water tracking
core	Subscription.Delivered	method	implemented	present	present	nats-core/src/nats/client/subscription.py:151; nats/src/nats/aio/subscription.py:155
core	Subscription.Drain	method	implemented	partial	present	legacy nats/src/nats/aio/subscription.py:224 (UNSUB+flush+join); modern nats-core/src/nats/client/subscription.py:344 sends UNSUB and shuts queue without flush/wait
core	Subscription.Dropped	method	implemented	present	missing	modern dropped (msgs, bytes) nats-core/src/nats/client/subscription.py:168; legacy reports SlowConsumerError but keeps no dropped counter
core	Subscription.IsDraining	method	implemented	missing	missing	No per-subscription draining flag
core	Subscription.IsValid	method	implemented	present	missing	modern closed nats-core/src/nats/client/subscription.py:137; legacy only private _closed
core	Subscription.MaxPending	method	implemented	missing	missing	No pending high-water tracking
core	Subscription.Msgs	method	unsupported	present	present	NQ unsupported (Go iter); nats.py has async iteration: modern nats-core/src/nats/client/subscription.py:99/112; legacy sub.messages nats/src/nats/aio/subscription.py:118
core	Subscription.MsgsTimeout	method	unsupported	n/a	n/a	Go iter idiom (NQ unsupported); loop over next(timeout)/next_msg(timeout)
core	Subscription.NextMsg	method	implemented	present	present	modern next(timeout) nats-core/src/nats/client/subscription.py:241; legacy next_msg nats/src/nats/aio/subscription.py:161
core	Subscription.NextMsgWithContext	method	unsupported	n/a	n/a	Go context API (NQ unsupported)
core	Subscription.Pending	method	implemented	present	present	modern pending (msgs, bytes) nats-core/src/nats/client/subscription.py:142; legacy pending_msgs/pending_bytes nats/src/nats/aio/subscription.py:139/147
core	Subscription.PendingLimits	method	implemented	missing	missing	limits stored privately (nats-core/src/nats/client/subscription.py:48-49; LS _pending_msgs_limit)
core	Subscription.QueuedMsgs	method	implemented	present	present	modern pending[0] nats-core/src/nats/client/subscription.py:142; legacy pending_msgs nats/src/nats/aio/subscription.py:139
core	Subscription.SetClosedHandler	method	implemented	missing	missing	No per-subscription closed callback
core	Subscription.SetPendingLimits	method	implemented	partial	partial	Only at subscribe time: max_pending_messages/bytes nats-core/src/nats/client/__init__.py:1218-1219; pending_msgs_limit/bytes_limit nats/src/nats/aio/client.py:1042-1043
core	Subscription.StatusChanged	method	unsupported	n/a	n/a	Go channel API (NQ unsupported)
core	Subscription.Type	method	unsupported	n/a	n/a	Go subscription-type enum (NQ unsupported)
core	Subscription.Unsubscribe	method	implemented	present	present	nats-core/src/nats/client/subscription.py:288; nats/src/nats/aio/subscription.py:261
core	SyncQueueLen	constructor	implemented	partial	partial	Only per-subscription limits at subscribe time: max_pending_messages nats-core/src/nats/client/__init__.py:1218; pending_msgs_limit nats/src/nats/aio/client.py:1042; no connection-wide default
core	TLSHandshakeFirst	constructor	implemented	present	present	tls_handshake_first nats-core/src/nats/client/__init__.py:1759 (nats-core/src/nats/client/connection.py:412); nats/src/nats/aio/client.py:421 (nats/src/nats/aio/client.py:2242)
core	Timeout	constructor	implemented	present	present	timeout nats-core/src/nats/client/__init__.py:1756 (+reconnect_timeout nats-core/src/nats/client/__init__.py:1765); connect_timeout nats/src/nats/aio/client.py:411
core	Token	constructor	implemented	present	present	token nats-core/src/nats/client/__init__.py:1772; nats/src/nats/aio/client.py:424
core	TokenHandler	constructor	implemented	present	present	token accepts a callable in both: nats-core/src/nats/client/__init__.py:1772 (resolved each connect nats-core/src/nats/client/__init__.py:945); nats/src/nats/aio/client.py:424 (nats/src/nats/aio/client.py:1851)
core	UseOldRequestStyle	constructor	implemented	missing	present	legacy per-call request(old_style=True) nats/src/nats/aio/client.py:1124/1197; modern only mux style (nats-core/src/nats/client/__init__.py:1353)
core	UserCredentialBytes	constructor	implemented	missing	present	legacy user_credentials=RawCredentials(text) nats/src/nats/aio/client.py:170/nats/src/nats/aio/client.py:730; modern only (jwt_str, seed_str) or file Paths (nats-core/src/nats/client/__init__.py:1696-1735), no chained-creds bytes
core	UserCredentials	constructor	implemented	present	present	modern jwt=Path or (Path,Path) nats-core/src/nats/client/__init__.py:1696/1722; legacy user_credentials path or tuple nats/src/nats/aio/client.py:428/nats/src/nats/aio/client.py:659. Both need nkeys pkg
core	UserInfo	constructor	implemented	present	present	user/password nats-core/src/nats/client/__init__.py:1773-1774; nats/src/nats/aio/client.py:422-423; URL userinfo also honoured (nats-core/src/nats/client/__init__.py:1838, nats/src/nats/aio/client.py:1855)
core	UserInfoHandler	constructor	implemented	present	present	user and password each accept a callable: nats-core/src/nats/client/__init__.py:1773 (nats-core/src/nats/client/__init__.py:946); nats/src/nats/aio/client.py:422 CredentialCallback (nats/src/nats/aio/client.py:1843)
core	UserJWT	constructor	implemented	present	present	modern jwt=(jwt_handler, sig_handler) nats-core/src/nats/client/__init__.py:1686; legacy user_jwt_cb + signature_cb nats/src/nats/aio/client.py:426-427
core	UserJWTAndSeed	constructor	implemented	present	partial	modern jwt=(jwt_str, seed_str) nats-core/src/nats/client/__init__.py:1729; legacy has no direct option (build RawCredentials text or custom user_jwt_cb/signature_cb)
core	WebSocketConnectionHeaders	constructor	implemented	missing	present	legacy ws_connection_headers nats/src/nats/aio/client.py:434 (nats/src/nats/aio/transport.py:277); modern open_websocket_connection takes no headers (nats-core/src/nats/client/connection.py:298)
core	WebSocketConnectionHeadersHandler	constructor	implemented	missing	missing	No dynamic ws header callback (legacy headers are static)
core	WriteBufferSize	constructor	implemented	missing	present	legacy pending_size nats/src/nats/aio/client.py:432 (force-flush threshold nats/src/nats/aio/client.py:1438); modern hard-coded 1 MiB / 512 msgs (nats-core/src/nats/client/__init__.py:75-76)
jetstream	jetstream.APIError	type	planned	partial	present	mod: no distinct APIError; JetStreamError(code,error_code,description) errors.py:44 doubles as it. leg: js/errors.py:43 APIError
jetstream	jetstream.APIError.APIError	method	planned	n/a	n/a	Go error-unwrapping idiom (errors.As/Is); Python uses isinstance
jetstream	jetstream.APIError.Code	field	planned	present	present	mod: JetStreamError.code errors.py:57; leg: APIError.code js/errors.py:50
jetstream	jetstream.APIError.Description	field	planned	present	present	mod: errors.py:59; leg: js/errors.py:52
jetstream	jetstream.APIError.Error	method	planned	present	present	mod: Exception message; leg: __str__ js/errors.py:95
jetstream	jetstream.APIError.ErrorCode	field	planned	present	present	mod: error_code errors.py:58; leg: err_code js/errors.py:51
jetstream	jetstream.APIError.Is	method	planned	n/a	n/a	Go error-unwrapping idiom (errors.As/Is); Python uses isinstance
jetstream	jetstream.APIStats	type	planned	present	present	mod: __init__.py:53; leg: js/api.py:914
jetstream	jetstream.APIStats.Errors	field	planned	present	present	mod: __init__.py:56-57; leg: js/api.py:917-918
jetstream	jetstream.APIStats.Inflight	field	planned	missing	missing	not modelled (mod: only in api/types.py TypedDict, dropped by from_response __init__.py:62)
jetstream	jetstream.APIStats.Level	field	planned	present	present	mod: __init__.py:58 (typed str, server sends int); leg: js/api.py:919
jetstream	jetstream.APIStats.Total	field	planned	present	present	mod: __init__.py:56-57; leg: js/api.py:917-918
jetstream	jetstream.AccountInfo	type	planned	present	present	mod: __init__.py:150; leg: js/api.py:923
jetstream	jetstream.AccountInfo.API	field	planned	present	present	mod: __init__.py:158-160; leg: js/api.py:937-939
jetstream	jetstream.AccountInfo.Domain	field	planned	present	present	mod: __init__.py:158-160; leg: js/api.py:937-939
jetstream	jetstream.AccountInfo.Tier	field	planned	present	partial	embedded Tier: mod has memory/storage/streams/consumers/limits/reserved_* __init__.py:153-164; leg lacks reserved_memory/reserved_storage js/api.py:931-935
jetstream	jetstream.AccountInfo.Tiers	field	planned	present	present	mod: __init__.py:158-160; leg: js/api.py:937-939
jetstream	jetstream.AccountLimits	type	planned	present	present	mod: __init__.py:79; leg: js/api.py:882
jetstream	jetstream.AccountLimits.MaxAckPending	field	planned	present	present	mod: __init__.py:82-89 (max_storage/storage_max_stream_bytes); leg: js/api.py:889-896
jetstream	jetstream.AccountLimits.MaxBytesRequired	field	planned	present	present	mod: __init__.py:82-89 (max_storage/storage_max_stream_bytes); leg: js/api.py:889-896
jetstream	jetstream.AccountLimits.MaxConsumers	field	planned	present	present	mod: __init__.py:82-89 (max_storage/storage_max_stream_bytes); leg: js/api.py:889-896
jetstream	jetstream.AccountLimits.MaxMemory	field	planned	present	present	mod: __init__.py:82-89 (max_storage/storage_max_stream_bytes); leg: js/api.py:889-896
jetstream	jetstream.AccountLimits.MaxStore	field	planned	present	present	mod: __init__.py:82-89 (max_storage/storage_max_stream_bytes); leg: js/api.py:889-896
jetstream	jetstream.AccountLimits.MaxStreams	field	planned	present	present	mod: __init__.py:82-89 (max_storage/storage_max_stream_bytes); leg: js/api.py:889-896
jetstream	jetstream.AccountLimits.MemoryMaxStreamBytes	field	planned	present	present	mod: __init__.py:82-89 (max_storage/storage_max_stream_bytes); leg: js/api.py:889-896
jetstream	jetstream.AccountLimits.StoreMaxStreamBytes	field	planned	present	present	mod: __init__.py:82-89 (max_storage/storage_max_stream_bytes); leg: js/api.py:889-896
jetstream	jetstream.AckAllPolicy	constant	planned	present	present	mod: 'all'/'explicit'/'none' literal consumer/__init__.py:19; leg: js/api.py:604-606
jetstream	jetstream.AckExplicitPolicy	constant	planned	present	present	mod: 'all'/'explicit'/'none' literal consumer/__init__.py:19; leg: js/api.py:604-606
jetstream	jetstream.AckFlowControlPolicy	constant	planned	present	present	mod: 'flow_control' consumer/__init__.py:19; leg: AckPolicy.FLOW_CONTROL js/api.py:610
jetstream	jetstream.AckNonePolicy	constant	planned	present	present	mod: 'all'/'explicit'/'none' literal consumer/__init__.py:19; leg: js/api.py:604-606
jetstream	jetstream.AckPolicy	type	planned	present	present	mod: Literal consumer/__init__.py:19; leg: Enum js/api.py:595
jetstream	jetstream.AckPolicy.MarshalJSON	method	planned	n/a	n/a	Go JSON/String method on enum; Python uses str literals/str-Enum
jetstream	jetstream.AckPolicy.String	method	planned	n/a	n/a	Go JSON/String method on enum; Python uses str literals/str-Enum
jetstream	jetstream.AckPolicy.UnmarshalJSON	method	planned	n/a	n/a	Go JSON/String method on enum; Python uses str literals/str-Enum
jetstream	jetstream.AsyncPersistMode	constant	planned	present	present	mod: 'default'/'async' stream.py:36; leg: js/api.py:353,359
jetstream	jetstream.ClientTrace	type	planned	missing	missing	no API request/response trace hooks
jetstream	jetstream.ClientTrace.RequestSent	field	planned	missing	missing	no API request/response trace hooks
jetstream	jetstream.ClientTrace.ResponseReceived	field	planned	missing	missing	no API request/response trace hooks
jetstream	jetstream.ClusterInfo	type	planned	present	present	mod: stream.py:443 (ConsumerInfo.cluster stays raw dict consumer/__init__.py:335); leg: js/api.py:529
jetstream	jetstream.ClusterInfo.Desired	field	planned	missing	missing	desired-cluster (placement migration) not modelled
jetstream	jetstream.ClusterInfo.Leader	field	planned	present	present	mod: stream.py:446-458; leg: js/api.py:530-534
jetstream	jetstream.ClusterInfo.LeaderSince	field	planned	present	present	mod: stream.py:446-458; leg: js/api.py:530-534
jetstream	jetstream.ClusterInfo.Name	field	planned	present	present	mod: stream.py:446-458; leg: js/api.py:530-534
jetstream	jetstream.ClusterInfo.RaftGroup	field	planned	present	present	mod: stream.py:446-458; leg: js/api.py:530-534
jetstream	jetstream.ClusterInfo.Replicas	field	planned	present	present	mod: stream.py:446-458; leg: js/api.py:530-534
jetstream	jetstream.ClusterInfo.SystemAcc	field	planned	missing	missing	system_account not modelled
jetstream	jetstream.ClusterInfo.TrafficAcc	field	planned	missing	present	mod: not modelled; leg: js/api.py:535
jetstream	jetstream.ConsumeContext	type	planned	missing	missing	no callback-based Consume (mod offers only messages() iterator pull.py:635; leg only push subscribe cb)
jetstream	jetstream.ConsumeContext.Closed	method	implemented	missing	missing	no ConsumeContext (Consume not implemented)
jetstream	jetstream.ConsumeContext.Drain	method	implemented	missing	missing	no ConsumeContext (Consume not implemented)
jetstream	jetstream.ConsumeContext.Stop	method	implemented	missing	missing	no ConsumeContext (Consume not implemented)
jetstream	jetstream.ConsumeErrHandler	type	implemented	missing	missing	no consume error-handler option
jetstream	jetstream.ConsumeErrHandlerFunc	type	planned	missing	missing	no consume error-handler option
jetstream	jetstream.Consumer	type	planned	present	partial	mod: Consumer Protocol consumer/__init__.py:499 (PullConsumer pull.py:526); leg: PullSubscription js/client.py:1010
jetstream	jetstream.Consumer.CachedInfo	method	implemented	present	missing	mod: info property pull.py:543; leg: none cached
jetstream	jetstream.Consumer.Consume	method	implemented	missing	missing	mod: only iterator messages(); no callback consume. leg: no pull consume
jetstream	jetstream.Consumer.Fetch	method	implemented	present	present	mod: fetch(max_messages=) pull.py:723; leg: PullSubscription.fetch(batch) js/client.py:1115
jetstream	jetstream.Consumer.FetchBytes	method	implemented	present	missing	mod: fetch(max_bytes=) pull.py:723; leg: fetch has no max_bytes
jetstream	jetstream.Consumer.FetchNoWait	method	implemented	present	missing	mod: fetch_nowait pull.py:794; leg: no public no_wait fetch (only internal in _fetch_n)
jetstream	jetstream.Consumer.Info	method	implemented	partial	present	mod: PullConsumer.get_info returns cached info without server refresh pull.py:546-548 (bug); leg: consumer_info() js/client.py:1108
jetstream	jetstream.Consumer.Messages	method	implemented	present	missing	mod: messages() -> PullMessageStream pull.py:635; leg: none for pull
jetstream	jetstream.Consumer.Next	method	implemented	present	partial	mod: next(max_wait) pull.py:591; leg: only fetch(1)
jetstream	jetstream.ConsumerConfig	type	planned	present	present	mod: consumer/__init__.py:29 (to_request :234); leg: js/api.py:672 (as_dict :747)
jetstream	jetstream.ConsumerConfig.AckPolicy	field	planned	present	present	json ack_policy: mod consumer/__init__.py:32; leg js/api.py:685 (mod default 'none' and omitted from request; Go zero value is AckExplicitPolicy; leg default EXPLICIT)
jetstream	jetstream.ConsumerConfig.AckWait	field	planned	present	present	json ack_wait: mod consumer/__init__.py:41; leg js/api.py:686
jetstream	jetstream.ConsumerConfig.BackOff	field	planned	present	present	json backoff: mod consumer/__init__.py:44; leg js/api.py:688 (mod list[int] raw ns; leg seconds->ns)
jetstream	jetstream.ConsumerConfig.DeliverGroup	field	planned	present	present	json deliver_group: mod consumer/__init__.py:47; leg js/api.py:703
jetstream	jetstream.ConsumerConfig.DeliverPolicy	field	planned	present	present	json deliver_policy: mod consumer/__init__.py:35; leg js/api.py:682
jetstream	jetstream.ConsumerConfig.DeliverSubject	field	planned	present	present	json deliver_subject: mod consumer/__init__.py:50; leg js/api.py:701
jetstream	jetstream.ConsumerConfig.Description	field	planned	present	present	json description: mod consumer/__init__.py:53; leg js/api.py:681
jetstream	jetstream.ConsumerConfig.Durable	field	planned	present	present	json durable_name: mod consumer/__init__.py:59; leg js/api.py:680
jetstream	jetstream.ConsumerConfig.FilterSubject	field	planned	present	present	json filter_subject: mod consumer/__init__.py:62; leg js/api.py:689
jetstream	jetstream.ConsumerConfig.FilterSubjects	field	planned	present	present	json filter_subjects: mod consumer/__init__.py:65; leg js/api.py:690
jetstream	jetstream.ConsumerConfig.FlowControl	field	planned	present	present	json flow_control: mod consumer/__init__.py:68; leg js/api.py:696
jetstream	jetstream.ConsumerConfig.HeadersOnly	field	planned	present	present	json headers_only: mod consumer/__init__.py:71; leg js/api.py:698
jetstream	jetstream.ConsumerConfig.IdleHeartbeat	field	planned	present	present	json idle_heartbeat: mod consumer/__init__.py:74; leg js/api.py:697
jetstream	jetstream.ConsumerConfig.InactiveThreshold	field	planned	present	present	json inactive_threshold: mod consumer/__init__.py:77; leg js/api.py:706
jetstream	jetstream.ConsumerConfig.MaxAckPending	field	planned	present	present	json max_ack_pending: mod consumer/__init__.py:80; leg js/api.py:695
jetstream	jetstream.ConsumerConfig.MaxDeliver	field	planned	present	present	json max_deliver: mod consumer/__init__.py:89; leg js/api.py:687
jetstream	jetstream.ConsumerConfig.MaxRequestBatch	field	planned	present	missing	json max_batch: mod consumer/__init__.py:83; leg ConsumerConfig has no max_batch js/api.py:672-734
jetstream	jetstream.ConsumerConfig.MaxRequestExpires	field	planned	present	missing	json max_expires: mod consumer/__init__.py:92; leg ConsumerConfig has no max_expires js/api.py:672-734
jetstream	jetstream.ConsumerConfig.MaxRequestMaxBytes	field	planned	present	missing	json max_bytes: mod consumer/__init__.py:86; leg ConsumerConfig has no max_bytes js/api.py:672-734
jetstream	jetstream.ConsumerConfig.MaxWaiting	field	planned	present	present	json max_waiting: mod consumer/__init__.py:95; leg js/api.py:694
jetstream	jetstream.ConsumerConfig.MemoryStorage	field	planned	present	present	json mem_storage: mod consumer/__init__.py:98; leg js/api.py:713
jetstream	jetstream.ConsumerConfig.Metadata	field	planned	present	present	json metadata: mod consumer/__init__.py:101; leg js/api.py:716
jetstream	jetstream.ConsumerConfig.Name	field	planned	present	present	json name: mod consumer/__init__.py:104; leg js/api.py:679
jetstream	jetstream.ConsumerConfig.OptStartSeq	field	planned	present	present	json opt_start_seq: mod consumer/__init__.py:110; leg js/api.py:683
jetstream	jetstream.ConsumerConfig.OptStartTime	field	planned	present	present	json opt_start_time: mod consumer/__init__.py:113; leg js/api.py:684
jetstream	jetstream.ConsumerConfig.PauseUntil	field	planned	present	present	json pause_until: mod consumer/__init__.py:116; leg js/api.py:721 (mod datetime; leg RFC3339 str)
jetstream	jetstream.ConsumerConfig.PinnedTTL	field	planned	present	present	json priority_timeout: mod consumer/__init__.py:125 (untyped, passed raw ns); leg js/api.py:730 (seconds->ns)
jetstream	jetstream.ConsumerConfig.PriorityGroups	field	planned	present	present	json priority_groups: mod consumer/__init__.py:119; leg js/api.py:734
jetstream	jetstream.ConsumerConfig.PriorityPolicy	field	planned	present	present	json priority_policy: mod consumer/__init__.py:122; leg js/api.py:725
jetstream	jetstream.ConsumerConfig.RateLimit	field	planned	present	present	json rate_limit_bps: mod consumer/__init__.py:128; leg js/api.py:692
jetstream	jetstream.ConsumerConfig.ReplayPolicy	field	planned	present	present	json replay_policy: mod consumer/__init__.py:38; leg js/api.py:691
jetstream	jetstream.ConsumerConfig.Replicas	field	planned	present	present	json num_replicas: mod consumer/__init__.py:107; leg js/api.py:710
jetstream	jetstream.ConsumerConfig.SampleFrequency	field	planned	present	present	json sample_freq: mod consumer/__init__.py:131; leg js/api.py:693
jetstream	jetstream.ConsumerInfo	type	planned	present	present	mod: consumer/__init__.py:321; leg: js/api.py:806
jetstream	jetstream.ConsumerInfo.AckFloor	field	planned	partial	present	mod: raw dict[str,int] (no SequenceInfo type) consumer/__init__.py:329-330; leg: SequenceInfo js/api.py:815-816
jetstream	jetstream.ConsumerInfo.Cluster	field	planned	partial	present	mod: raw dict consumer/__init__.py:335; leg: ClusterInfo js/api.py:821
jetstream	jetstream.ConsumerInfo.Config	field	planned	present	present	mod: consumer/__init__.py:324-341; leg: js/api.py:811-825
jetstream	jetstream.ConsumerInfo.Created	field	planned	present	present	mod: consumer/__init__.py:324-341; leg: js/api.py:811-825
jetstream	jetstream.ConsumerInfo.Delivered	field	planned	partial	present	mod: raw dict[str,int] (no SequenceInfo type) consumer/__init__.py:329-330; leg: SequenceInfo js/api.py:815-816
jetstream	jetstream.ConsumerInfo.Name	field	planned	present	present	mod: consumer/__init__.py:324-341; leg: js/api.py:811-825
jetstream	jetstream.ConsumerInfo.NumAckPending	field	planned	present	present	mod: consumer/__init__.py:324-341; leg: js/api.py:811-825
jetstream	jetstream.ConsumerInfo.NumPending	field	planned	present	present	mod: consumer/__init__.py:324-341; leg: js/api.py:811-825
jetstream	jetstream.ConsumerInfo.NumRedelivered	field	planned	present	present	mod: consumer/__init__.py:324-341; leg: js/api.py:811-825
jetstream	jetstream.ConsumerInfo.NumWaiting	field	planned	present	present	mod: consumer/__init__.py:324-341; leg: js/api.py:811-825
jetstream	jetstream.ConsumerInfo.PauseRemaining	field	planned	present	partial	mod: timedelta consumer/__init__.py:343; leg: typed str, server ns int not converted js/api.py:828
jetstream	jetstream.ConsumerInfo.Paused	field	planned	present	present	mod: consumer/__init__.py:324-341; leg: js/api.py:811-825
jetstream	jetstream.ConsumerInfo.PriorityGroups	field	planned	partial	present	mod: list[dict] consumer/__init__.py:339; leg: PriorityGroupState js/api.py:830
jetstream	jetstream.ConsumerInfo.PushBound	field	planned	present	present	mod: consumer/__init__.py:324-341; leg: js/api.py:811-825
jetstream	jetstream.ConsumerInfo.Stream	field	planned	present	present	mod: consumer/__init__.py:324-341; leg: js/api.py:811-825
jetstream	jetstream.ConsumerInfo.TimeStamp	field	planned	present	missing	mod: timestamp consumer/__init__.py:337; leg: 'ts' dropped
jetstream	jetstream.ConsumerInfoLister	type	planned	present	partial	mod: list_consumers async iterator __init__.py:703; leg: consumers_info single page (offset) js/manager.py:393
jetstream	jetstream.ConsumerInfoLister.Err	method	planned	n/a	n/a	Go channel accessor on lister; Python async iterator raises instead
jetstream	jetstream.ConsumerInfoLister.Info	method	planned	n/a	n/a	Go channel accessor on lister; Python async iterator raises instead
jetstream	jetstream.ConsumerManager	type	planned	partial	partial	mod: JetStream consumer methods by stream name (no pause/resume/reset/unpin/push); leg: JetStreamManager js/manager.py:53
jetstream	jetstream.ConsumerManager.Consumer	method	implemented	present	partial	mod: get_consumer __init__.py:563; leg: consumer_info + pull_subscribe_bind only
jetstream	jetstream.ConsumerManager.ConsumerNames	method	implemented	present	missing	mod: __init__.py:670; leg: none
jetstream	jetstream.ConsumerManager.CreateConsumer	method	implemented	present	partial	mod: create_consumer (action=create) __init__.py:534; leg: add_consumer has no create-only action js/manager.py:204
jetstream	jetstream.ConsumerManager.CreateOrUpdateConsumer	method	implemented	present	present	mod: __init__.py:618; leg: add_consumer js/manager.py:204
jetstream	jetstream.ConsumerManager.CreateOrUpdatePushConsumer	method	implemented	missing	partial	mod: push consumers raise NotImplementedError stream.py:1384; leg: add_consumer(deliver_subject=) / subscribe() js/client.py:299
jetstream	jetstream.ConsumerManager.CreatePushConsumer	method	implemented	missing	partial	mod: push consumers raise NotImplementedError stream.py:1384; leg: add_consumer(deliver_subject=) / subscribe() js/client.py:299
jetstream	jetstream.ConsumerManager.DeleteConsumer	method	implemented	present	present	mod: __init__.py:581; leg: js/manager.py:245
jetstream	jetstream.ConsumerManager.ListConsumers	method	implemented	present	partial	mod: __init__.py:703; leg: consumers_info single page js/manager.py:393
jetstream	jetstream.ConsumerManager.OrderedConsumer	method	implemented	present	partial	mod: ordered_consumer __init__.py:643 (pull-based, consumer/ordered.py:42); leg: push-based subscribe(ordered_consumer=True) js/client.py:308
jetstream	jetstream.ConsumerManager.PauseConsumer	method	planned	partial	present	mod: only Stream.pause_consumer stream.py:1570 (returns None); leg: pause_consumer js/manager.py:261
jetstream	jetstream.ConsumerManager.PushConsumer	method	implemented	missing	partial	mod: get_consumer raises NotImplementedError for push stream.py:1469; leg: subscribe_bind js/client.py:480
jetstream	jetstream.ConsumerManager.ResetConsumer	method	planned	partial	present	mod: only Stream.reset_consumer(seq) stream.py:1608; leg: reset_consumer(stream,consumer,seq) js/manager.py:324
jetstream	jetstream.ConsumerManager.ResetConsumerToSequence	method	planned	partial	present	mod: only Stream.reset_consumer(seq) stream.py:1608; leg: reset_consumer(stream,consumer,seq) js/manager.py:324
jetstream	jetstream.ConsumerManager.ResumeConsumer	method	planned	partial	present	mod: only Stream.resume_consumer stream.py:1593 (returns None); leg: js/manager.py:299
jetstream	jetstream.ConsumerManager.UnpinConsumer	method	implemented	missing	present	mod: none (ConsumerUnpinRequest TypedDict only api/types.py:817); leg: unpin_consumer js/manager.py:526
jetstream	jetstream.ConsumerManager.UpdateConsumer	method	implemented	present	partial	mod: __init__.py:599; leg: add_consumer upsert, no update-only action
jetstream	jetstream.ConsumerManager.UpdatePushConsumer	method	implemented	missing	partial	mod: NotImplementedError stream.py:1384; leg: add_consumer upsert
jetstream	jetstream.ConsumerNameLister	type	planned	present	missing	mod: consumer_names __init__.py:670; leg: no CONSUMER.NAMES API
jetstream	jetstream.ConsumerNameLister.Err	method	planned	n/a	n/a	Go channel accessor on lister; Python async iterator raises instead
jetstream	jetstream.ConsumerNameLister.Name	method	planned	n/a	n/a	Go channel accessor on lister; Python async iterator raises instead
jetstream	jetstream.ConsumerPauseResponse	type	planned	missing	present	mod: pause/resume return None stream.py:1570,1593 (TypedDict internal only); leg: ConsumerPause js/api.py:849
jetstream	jetstream.ConsumerPauseResponse.PauseRemaining	field	planned	missing	partial	leg: typed str, raw ns js/api.py:857
jetstream	jetstream.ConsumerPauseResponse.PauseUntil	field	planned	missing	present	mod: not surfaced; leg: js/api.py:855-856
jetstream	jetstream.ConsumerPauseResponse.Paused	field	planned	missing	present	mod: not surfaced; leg: js/api.py:855-856
jetstream	jetstream.ConsumerResetResponse	type	planned	present	present	mod: ConsumerReset consumer/__init__.py:397; leg: ConsumerReset js/api.py:861
jetstream	jetstream.ConsumerResetResponse.ConsumerInfo	field	planned	present	present	mod: info/reset_seq consumer/__init__.py:404-407; leg: js/api.py:871-872
jetstream	jetstream.ConsumerResetResponse.ResetSeq	field	planned	present	present	mod: info/reset_seq consumer/__init__.py:404-407; leg: js/api.py:871-872
jetstream	jetstream.DefaultAPIPrefix	constant	planned	partial	present	mod: default arg '$JS.API' __init__.py:852 (no constant); leg: api.DEFAULT_PREFIX js/api.py:62
jetstream	jetstream.DefaultExpires	constant	implemented	partial	missing	mod: default max_wait=30.0 pull.py:641 (no exported constant); leg: fetch default 5s
jetstream	jetstream.DefaultMaxMessages	constant	implemented	missing	missing	no constant; mod default batch 100 pull.py:678 vs Go 500
jetstream	jetstream.DefaultPersistMode	constant	planned	present	present	mod: 'default'/'async' stream.py:36; leg: js/api.py:353,359
jetstream	jetstream.DefaultPubRetryAttempts	constant	implemented	partial	missing	mod: defaults 2 / 0.25s __init__.py:287-288 (not exported constants)
jetstream	jetstream.DefaultPubRetryWait	constant	implemented	partial	missing	mod: defaults 2 / 0.25s __init__.py:287-288 (not exported constants)
jetstream	jetstream.DeliverAllPolicy	constant	planned	present	present	mod: consumer/__init__.py:20; leg: js/api.py:622-627
jetstream	jetstream.DeliverByStartSequencePolicy	constant	planned	present	present	mod: consumer/__init__.py:20; leg: js/api.py:622-627
jetstream	jetstream.DeliverByStartTimePolicy	constant	planned	present	present	mod: consumer/__init__.py:20; leg: js/api.py:622-627
jetstream	jetstream.DeliverLastPerSubjectPolicy	constant	planned	present	present	mod: consumer/__init__.py:20; leg: js/api.py:622-627
jetstream	jetstream.DeliverLastPolicy	constant	planned	present	present	mod: consumer/__init__.py:20; leg: js/api.py:622-627
jetstream	jetstream.DeliverNewPolicy	constant	planned	present	present	mod: consumer/__init__.py:20; leg: js/api.py:622-627
jetstream	jetstream.DeliverPolicy	type	planned	present	present	mod: Literal consumer/__init__.py:20; leg: Enum js/api.py:613
jetstream	jetstream.DeliverPolicy.MarshalJSON	method	planned	n/a	n/a	Go JSON/String method on enum; Python uses str literals/str-Enum
jetstream	jetstream.DeliverPolicy.String	method	planned	n/a	n/a	Go JSON/String method on enum; Python uses str literals/str-Enum
jetstream	jetstream.DeliverPolicy.UnmarshalJSON	method	planned	n/a	n/a	Go JSON/String method on enum; Python uses str literals/str-Enum
jetstream	jetstream.DesiredClusterInfo	type	planned	missing	missing	desired-cluster/migration types not modelled in either
jetstream	jetstream.DesiredClusterInfo.Created	field	planned	missing	missing	desired-cluster/migration types not modelled in either
jetstream	jetstream.DesiredClusterInfo.Name	field	planned	missing	missing	desired-cluster/migration types not modelled in either
jetstream	jetstream.DesiredClusterInfo.Origin	field	planned	missing	missing	desired-cluster/migration types not modelled in either
jetstream	jetstream.DesiredClusterInfo.Replicas	field	planned	missing	missing	desired-cluster/migration types not modelled in either
jetstream	jetstream.DesiredClusterInfo.Status	field	planned	missing	missing	desired-cluster/migration types not modelled in either
jetstream	jetstream.DesiredClusterInfoOrigin	type	planned	missing	missing	desired-cluster/migration types not modelled in either
jetstream	jetstream.DesiredClusterInfoOrigin.Placement	field	planned	missing	missing	desired-cluster/migration types not modelled in either
jetstream	jetstream.DesiredClusterInfoOrigin.Replicas	field	planned	missing	missing	desired-cluster/migration types not modelled in either
jetstream	jetstream.DesiredClusterInfoOrigin.Retention	field	planned	missing	missing	desired-cluster/migration types not modelled in either
jetstream	jetstream.DesiredClusterInfoStatus	type	planned	missing	missing	desired-cluster/migration types not modelled in either
jetstream	jetstream.DesiredClusterInfoStatus.Description	field	planned	missing	missing	desired-cluster/migration types not modelled in either
jetstream	jetstream.DesiredClusterInfoStatus.Err	field	planned	missing	missing	desired-cluster/migration types not modelled in either
jetstream	jetstream.DesiredClusterInfoStatus.Type	field	planned	missing	missing	desired-cluster/migration types not modelled in either
jetstream	jetstream.DesiredPeerInfo	type	planned	missing	missing	desired-cluster/migration types not modelled in either
jetstream	jetstream.DesiredPeerInfo.Name	field	planned	missing	missing	desired-cluster/migration types not modelled in either
jetstream	jetstream.DesiredPeerInfo.Offline	field	planned	missing	missing	desired-cluster/migration types not modelled in either
jetstream	jetstream.DesiredPeerInfo.Peer	field	planned	missing	missing	desired-cluster/migration types not modelled in either
jetstream	jetstream.DiscardNew	constant	planned	present	present	mod: stream.py:34; leg: js/api.py:323-324
jetstream	jetstream.DiscardOld	constant	planned	present	present	mod: stream.py:34; leg: js/api.py:323-324
jetstream	jetstream.DiscardPolicy	type	planned	present	present	mod: stream.py:34; leg: js/api.py:320
jetstream	jetstream.DiscardPolicy.MarshalJSON	method	planned	n/a	n/a	Go JSON/String method on enum; Python uses str literals/str-Enum
jetstream	jetstream.DiscardPolicy.String	method	planned	n/a	n/a	Go JSON/String method on enum; Python uses str literals/str-Enum
jetstream	jetstream.DiscardPolicy.UnmarshalJSON	method	planned	n/a	n/a	Go JSON/String method on enum; Python uses str literals/str-Enum
jetstream	jetstream.ErrAsyncPublishReplySubjectSet	error	implemented	missing	missing	mod: no async publish; leg: publish_async has no ack timeout/close/reply check js/client.py:222
jetstream	jetstream.ErrAsyncPublishTimeout	error	implemented	missing	missing	mod: no async publish; leg: publish_async has no ack timeout/close/reply check js/client.py:222
jetstream	jetstream.ErrBadRequest	error	implemented	partial	partial	API-code sentinel not mapped: mod generic JetStreamError.error_code (api/client.py:73); leg generic APIError/BadRequestError js/errors.py:80
jetstream	jetstream.ErrBatchCompleted	error	implemented	missing	missing	mod: 409 swallowed as end of batch pull.py:177-191; leg: 409 => timeout
jetstream	jetstream.ErrConnectionClosed	error	implemented	missing	partial	mod: none in nats-core errors; leg: core nats.errors.ConnectionClosedError errors.py:57
jetstream	jetstream.ErrConsumerAlreadyConsuming	error	implemented	missing	missing	no equivalent sentinel
jetstream	jetstream.ErrConsumerCreate	error	implemented	partial	partial	API-code sentinel not mapped: mod generic JetStreamError.error_code (api/client.py:73); leg generic APIError/BadRequestError js/errors.py:80
jetstream	jetstream.ErrConsumerCreationResponseEmpty	error	implemented	missing	missing	no equivalent (raw KeyError/JSON errors)
jetstream	jetstream.ErrConsumerDeleted	error	implemented	present	missing	mod: ConsumerDeletedError errors.py:95 (set on fetch batch pull.py:170); leg: 409 treated as timeout js/client.py:718
jetstream	jetstream.ErrConsumerDoesNotExist	error	implemented	partial	partial	API-code sentinel not mapped: mod generic JetStreamError.error_code (api/client.py:73); leg generic APIError/BadRequestError js/errors.py:80
jetstream	jetstream.ErrConsumerExists	error	implemented	partial	partial	API-code sentinel not mapped: mod generic JetStreamError.error_code (api/client.py:73); leg generic APIError/BadRequestError js/errors.py:80
jetstream	jetstream.ErrConsumerHasActiveSubscription	error	planned	missing	partial	leg: Error('consumer is already bound to a subscription') js/client.py:408
jetstream	jetstream.ErrConsumerInvalidReset	error	implemented	present	present	mod: errors.py:125; leg: ConsumerInvalidResetError js/errors.py:144
jetstream	jetstream.ErrConsumerLeadershipChanged	error	implemented	missing	missing	status descriptions not distinguished
jetstream	jetstream.ErrConsumerMultipleFilterSubjectsNotSupported	error	implemented	missing	missing	no server-version feature checks
jetstream	jetstream.ErrConsumerNameAlreadyInUse	error	implemented	missing	missing	not mapped
jetstream	jetstream.ErrConsumerNotFound	error	implemented	present	partial	mod: errors.py:77; leg: NotFoundError(10014)
jetstream	jetstream.ErrConsumerResetResponseEmpty	error	implemented	missing	missing	no equivalent (raw KeyError/JSON errors)
jetstream	jetstream.ErrDuplicateFilterSubjects	error	implemented	partial	partial	API-code sentinel not mapped: mod generic JetStreamError.error_code (api/client.py:73); leg generic APIError/BadRequestError js/errors.py:80
jetstream	jetstream.ErrEmptyFilter	error	implemented	partial	partial	API-code sentinel not mapped: mod generic JetStreamError.error_code (api/client.py:73); leg generic APIError/BadRequestError js/errors.py:80
jetstream	jetstream.ErrEndOfData	error	planned	missing	missing	no equivalent sentinel
jetstream	jetstream.ErrHandlerRequired	error	implemented	missing	missing	no equivalent sentinel
jetstream	jetstream.ErrInvalidConsumerName	error	implemented	missing	partial	mod: no name validation; leg: ValueError js/manager.py:39-50
jetstream	jetstream.ErrInvalidJSAck	error	implemented	missing	missing	no equivalent (raw KeyError/JSON errors)
jetstream	jetstream.ErrInvalidJetStreamResponse	error	implemented	missing	missing	no equivalent (raw KeyError/JSON errors)
jetstream	jetstream.ErrInvalidOption	error	implemented	missing	missing	no equivalent (raw KeyError/JSON errors)
jetstream	jetstream.ErrInvalidStreamName	error	implemented	missing	partial	mod: no name validation; leg: ValueError js/manager.py:39-50
jetstream	jetstream.ErrInvalidSubject	error	implemented	missing	missing	no subject validation
jetstream	jetstream.ErrJetStreamNotEnabled	error	implemented	present	partial	mod: errors.py:83; leg: ServiceUnavailableError js/errors.py:101
jetstream	jetstream.ErrJetStreamNotEnabledForAccount	error	implemented	present	partial	mod: errors.py:89; leg: ServiceUnavailableError/APIError(10039)
jetstream	jetstream.ErrJetStreamPublisherClosed	error	implemented	missing	missing	mod: no async publish; leg: publish_async has no ack timeout/close/reply check js/client.py:222
jetstream	jetstream.ErrMaxBytesExceeded	error	implemented	missing	missing	mod: 409 swallowed as end of batch pull.py:177-191; leg: 409 => timeout
jetstream	jetstream.ErrMaximumConsumersLimit	error	implemented	present	partial	mod: errors.py:101; leg: APIError(10026)
jetstream	jetstream.ErrMessageSchedulesDisabled	error	implemented	partial	partial	mod: ErrorCode constant only (errors.py:32-39), raised as generic JetStreamError; leg: generic APIError
jetstream	jetstream.ErrMirrorWithMsgSchedules	error	implemented	partial	partial	mod: ErrorCode constant only (errors.py:32-39), raised as generic JetStreamError; leg: generic APIError
jetstream	jetstream.ErrMsgAlreadyAckd	error	implemented	missing	present	mod: no ack-state tracking message.py:203; leg: nats.errors.MsgAlreadyAckdError errors.py:183 via aio/msg.py:178
jetstream	jetstream.ErrMsgDeleteUnsuccessful	error	implemented	missing	partial	mod: delete_message ignores success stream.py:1328; leg: delete_msg returns bool js/manager.py:513
jetstream	jetstream.ErrMsgIteratorClosed	error	implemented	missing	missing	no equivalent sentinel
jetstream	jetstream.ErrMsgNoReply	error	implemented	partial	partial	mod: ValueError('without reply') message.py:212; leg: NotJSMessageError
jetstream	jetstream.ErrMsgNotBound	error	implemented	partial	missing	mod: ValueError('without JetStream reference') message.py:214
jetstream	jetstream.ErrMsgNotFound	error	implemented	present	partial	mod: MessageNotFoundError errors.py:107; leg: NotFoundError js/manager.py:483
jetstream	jetstream.ErrNoHeartbeat	error	implemented	missing	missing	mod: logs warning + ends stream pull.py:466-485; leg: activity_check only resets ordered js/client.py:795
jetstream	jetstream.ErrNoMessages	error	implemented	partial	partial	mod: next() raises asyncio.TimeoutError pull.py:633; leg: nats TimeoutError/FetchTimeoutError js/errors.py:174
jetstream	jetstream.ErrNoStreamResponse	error	implemented	partial	present	mod: raw NoRespondersError __init__.py:346-350; leg: NoStreamResponseError js/errors.py:156
jetstream	jetstream.ErrNotJSMessage	error	implemented	missing	present	mod: bad reply -> silent default metadata message.py:167-172; leg: NotJSMessageError errors.py:173
jetstream	jetstream.ErrNotPullConsumer	error	implemented	partial	missing	mod: ValueError('Consumer type mismatch') on 409 push-based pull.py:173
jetstream	jetstream.ErrNotPushConsumer	error	implemented	missing	missing	no equivalent sentinel
jetstream	jetstream.ErrOrderConsumerUsedAsConsume	error	implemented	missing	missing	no equivalent sentinel
jetstream	jetstream.ErrOrderConsumerUsedAsFetch	error	implemented	missing	missing	no equivalent sentinel
jetstream	jetstream.ErrOrderedConsumerConcurrentRequests	error	implemented	missing	missing	no equivalent sentinel
jetstream	jetstream.ErrOrderedConsumerNotCreated	error	implemented	partial	missing	mod: OrderedConsumerClosedError('no active consumer') consumer/ordered.py:101
jetstream	jetstream.ErrOrderedConsumerReset	error	implemented	present	missing	mod: OrderedConsumerResetError errors.py:119
jetstream	jetstream.ErrOverlappingFilterSubjects	error	implemented	partial	partial	API-code sentinel not mapped: mod generic JetStreamError.error_code (api/client.py:73); leg generic APIError/BadRequestError js/errors.py:80
jetstream	jetstream.ErrPinIDMismatch	error	implemented	missing	present	mod: no pinned-client handling; leg: PinIdMismatchError js/errors.py:117 (423 handled js/client.py:1240)
jetstream	jetstream.ErrSchedulePatternInvalid	error	implemented	partial	partial	mod: ErrorCode constant only (errors.py:32-39), raised as generic JetStreamError; leg: generic APIError
jetstream	jetstream.ErrScheduleRollupInvalid	error	implemented	partial	partial	mod: ErrorCode constant only (errors.py:32-39), raised as generic JetStreamError; leg: generic APIError
jetstream	jetstream.ErrScheduleSourceInvalid	error	implemented	partial	partial	mod: ErrorCode constant only (errors.py:32-39), raised as generic JetStreamError; leg: generic APIError
jetstream	jetstream.ErrScheduleTTLInvalid	error	implemented	partial	partial	mod: ErrorCode constant only (errors.py:32-39), raised as generic JetStreamError; leg: generic APIError
jetstream	jetstream.ErrScheduleTargetInvalid	error	implemented	partial	partial	mod: ErrorCode constant only (errors.py:32-39), raised as generic JetStreamError; leg: generic APIError
jetstream	jetstream.ErrServerShutdown	error	implemented	missing	missing	status descriptions not distinguished
jetstream	jetstream.ErrSourceWithMsgSchedules	error	implemented	partial	partial	mod: ErrorCode constant only (errors.py:32-39), raised as generic JetStreamError; leg: generic APIError
jetstream	jetstream.ErrStreamNameAlreadyInUse	error	implemented	present	partial	mod: errors.py:71; leg: BadRequestError(err_code=10058)
jetstream	jetstream.ErrStreamNameRequired	error	implemented	partial	partial	mod: ValueError('StreamConfig must have a name') __init__.py:457; leg: ValueError js/manager.py:41
jetstream	jetstream.ErrStreamNotFound	error	implemented	present	partial	mod: StreamNotFoundError errors.py:65; leg: generic NotFoundError(err_code=10059) js/errors.py:128
jetstream	jetstream.ErrStreamSourceMultipleFilterSubjectsNotSupported	error	implemented	missing	missing	no server-version feature checks
jetstream	jetstream.ErrStreamSourceNotSupported	error	implemented	missing	missing	no server-version feature checks
jetstream	jetstream.ErrStreamSourceSubjectTransformNotSupported	error	implemented	missing	missing	no server-version feature checks
jetstream	jetstream.ErrStreamSubjectTransformNotSupported	error	implemented	missing	missing	no server-version feature checks
jetstream	jetstream.ErrTooManyStalledMsgs	error	implemented	missing	present	mod: no async publish; leg: TooManyStalledMsgsError js/errors.py:165
jetstream	jetstream.ErrorCode	type	planned	present	missing	mod: ErrorCode constants class errors.py:7; leg: no error-code constants (literals only, e.g. js/manager.py:383, js/kv.py:308)
jetstream	jetstream.ExpectedLastMsgIDHeader	constant	implemented	missing	present	leg: Header.EXPECTED_LAST_MSG_ID js/api.py:31
jetstream	jetstream.ExpectedLastSeqHeader	constant	implemented	missing	present	leg: js/api.py:32
jetstream	jetstream.ExpectedLastSubjSeqHeader	constant	implemented	missing	present	leg: js/api.py:33
jetstream	jetstream.ExpectedLastSubjSeqSubjHeader	constant	implemented	missing	missing	Nats-Expected-Last-Subject-Sequence-Subject absent
jetstream	jetstream.ExpectedStreamHeader	constant	implemented	missing	present	leg: js/api.py:34
jetstream	jetstream.ExternalStream	type	planned	present	present	mod: ExternalStreamSource stream.py:68; leg: js/api.py:223
jetstream	jetstream.ExternalStream.APIPrefix	field	planned	present	present	mod: api/deliver stream.py:71-74; leg: js/api.py:224-225
jetstream	jetstream.ExternalStream.DeliverPrefix	field	planned	present	present	mod: api/deliver stream.py:71-74; leg: js/api.py:224-225
jetstream	jetstream.FetchContext	constructor	implemented	n/a	n/a	Go context.Context option; Python uses max_wait/timeouts
jetstream	jetstream.FetchHeartbeat	constructor	implemented	present	present	mod: fetch(heartbeat=) pull.py:729; leg: fetch(heartbeat=) js/client.py:1119
jetstream	jetstream.FetchMaxWait	constructor	implemented	present	present	mod: fetch(max_wait=) pull.py:728; leg: fetch(timeout=) js/client.py:1118
jetstream	jetstream.FetchMinAckPending	constructor	implemented	present	present	mod: pull.py:730-731; leg: js/client.py:1120-1121
jetstream	jetstream.FetchMinPending	constructor	implemented	present	present	mod: pull.py:730-731; leg: js/client.py:1120-1121
jetstream	jetstream.FetchOpt	type	planned	n/a	n/a	Go functional-option type; Python uses keyword args
jetstream	jetstream.FetchPrioritized	constructor	implemented	present	present	mod: priority= pull.py:733; leg: priority= js/client.py:1122
jetstream	jetstream.FetchPriorityGroup	constructor	implemented	present	present	mod: priority_group= pull.py:732; leg: bound at pull_subscribe(priority_group=) js/client.py:555
jetstream	jetstream.FileStorage	constant	planned	present	present	mod: stream.py:33; leg: js/api.py:316-317
jetstream	jetstream.InterestPolicy	constant	planned	present	present	mod: stream.py:32; leg: js/api.py:308-310
jetstream	jetstream.JSErrCodeBadRequest	constant	planned	missing	missing	not in mod ErrorCode errors.py:7-41; leg no constants
jetstream	jetstream.JSErrCodeConsumerAlreadyExists	constant	planned	missing	missing	not in mod ErrorCode errors.py:7-41; leg no constants
jetstream	jetstream.JSErrCodeConsumerCreate	constant	planned	missing	missing	not in mod ErrorCode errors.py:7-41; leg no constants
jetstream	jetstream.JSErrCodeConsumerDoesNotExist	constant	planned	missing	missing	not in mod ErrorCode errors.py:7-41; leg no constants
jetstream	jetstream.JSErrCodeConsumerEmptyFilter	constant	planned	missing	missing	not in mod ErrorCode errors.py:7-41; leg no constants
jetstream	jetstream.JSErrCodeConsumerExists	constant	planned	missing	missing	not in mod ErrorCode errors.py:7-41; leg no constants
jetstream	jetstream.JSErrCodeConsumerInvalidReset	constant	planned	present	partial	mod: ErrorCode errors.py:17; leg: literal 10204 js/manager.py:383
jetstream	jetstream.JSErrCodeConsumerNameExists	constant	planned	missing	missing	not in mod ErrorCode errors.py:7-41; leg no constants
jetstream	jetstream.JSErrCodeConsumerNotFound	constant	planned	present	missing	mod: ErrorCode CONSUMER_NOT_FOUND errors.py:10; leg: no constants
jetstream	jetstream.JSErrCodeDuplicateFilterSubjects	constant	planned	missing	missing	not in mod ErrorCode errors.py:7-41; leg no constants
jetstream	jetstream.JSErrCodeJetStreamNotEnabled	constant	planned	present	missing	mod: ErrorCode errors.py:16; leg: no constants
jetstream	jetstream.JSErrCodeJetStreamNotEnabledForAccount	constant	planned	present	missing	mod: ErrorCode errors.py:13; leg: no constants
jetstream	jetstream.JSErrCodeMaximumConsumersLimit	constant	planned	present	missing	mod: ErrorCode errors.py:11; leg: no constants
jetstream	jetstream.JSErrCodeMessageNotFound	constant	planned	present	missing	mod: ErrorCode errors.py:12; leg: no constants
jetstream	jetstream.JSErrCodeMessageSchedulesDisabled	constant	planned	present	missing	mod: ErrorCode errors.py:34; leg: no constants
jetstream	jetstream.JSErrCodeMirrorWithMsgSchedules	constant	planned	present	missing	mod: ErrorCode errors.py:32; leg: no constants
jetstream	jetstream.JSErrCodeOverlappingFilterSubjects	constant	planned	missing	missing	not in mod ErrorCode errors.py:7-41; leg no constants
jetstream	jetstream.JSErrCodeSchedulePatternInvalid	constant	planned	present	missing	mod: ErrorCode errors.py:35; leg: no constants
jetstream	jetstream.JSErrCodeScheduleRollupInvalid	constant	planned	present	missing	mod: ErrorCode errors.py:38; leg: no constants
jetstream	jetstream.JSErrCodeScheduleSourceInvalid	constant	planned	present	missing	mod: ErrorCode errors.py:39; leg: no constants
jetstream	jetstream.JSErrCodeScheduleTTLInvalid	constant	planned	present	missing	mod: ErrorCode errors.py:37; leg: no constants
jetstream	jetstream.JSErrCodeScheduleTargetInvalid	constant	planned	present	missing	mod: ErrorCode errors.py:36; leg: no constants
jetstream	jetstream.JSErrCodeSourceWithMsgSchedules	constant	planned	present	missing	mod: ErrorCode errors.py:33; leg: no constants
jetstream	jetstream.JSErrCodeStreamNameInUse	constant	planned	present	missing	mod: ErrorCode errors.py:14; leg: no constants
jetstream	jetstream.JSErrCodeStreamNotFound	constant	planned	present	missing	mod: ErrorCode errors.py:15; leg: no constants
jetstream	jetstream.JSErrCodeStreamWrongLastSequence	constant	planned	missing	partial	mod: absent; leg: literals 10071/10164 only in js/kv.py:306-308
jetstream	jetstream.JSErrCodeStreamWrongLastSequenceConstant	constant	planned	missing	partial	mod: absent; leg: literals 10071/10164 only in js/kv.py:306-308
jetstream	jetstream.JetStream	type	planned	present	present	mod: JetStream __init__.py:245; leg: JetStreamContext js/client.py:75
jetstream	jetstream.JetStream.AccountInfo	method	implemented	present	present	mod: __init__.py:749; leg: js/manager.py:69
jetstream	jetstream.JetStream.Conn	method	planned	present	partial	mod: client property __init__.py:267; leg: only private _nc
jetstream	jetstream.JetStream.Options	method	planned	missing	missing	no options accessor
jetstream	jetstream.JetStreamError	type	planned	present	partial	mod: errors.py:44; leg: nats.js.errors.Error js/errors.py:27 (base, no APIError() accessor)
jetstream	jetstream.JetStreamError.APIError	method	planned	n/a	n/a	Go error-unwrapping idiom (errors.As/Is); Python uses isinstance
jetstream	jetstream.JetStreamOpt	type	planned	n/a	n/a	Go functional-option type; Python uses keyword args
jetstream	jetstream.JetStreamOptions	type	planned	partial	partial	mod: ctor (prefix, domain, strict) __init__.py:248; leg: ctor (prefix, domain, timeout, publish_async_max_pending) js/client.py:105
jetstream	jetstream.JetStreamOptions.APIPrefix	field	planned	present	present	mod: api_prefix __init__.py:272; leg: prefix ctor arg js/client.py:108
jetstream	jetstream.JetStreamOptions.ClientTrace	field	planned	missing	missing	no API request/response trace hooks
jetstream	jetstream.JetStreamOptions.DefaultTimeout	field	planned	missing	present	mod: hard-coded 5s request_json api/client.py:424; leg: timeout ctor arg js/client.py:110
jetstream	jetstream.JetStreamOptions.Domain	field	planned	present	present	mod: domain arg __init__.py:260; leg: js/client.py:114
jetstream	jetstream.LastSequenceHeader	constant	planned	missing	missing	Nats-Last-Sequence not used
jetstream	jetstream.LimitsPolicy	constant	planned	present	present	mod: stream.py:32; leg: js/api.py:308-310
jetstream	jetstream.MemoryStorage	constant	planned	present	present	mod: stream.py:33; leg: js/api.py:316-317
jetstream	jetstream.MessageBatch	type	planned	present	partial	mod: PullMessageBatch pull.py:56; leg: fetch returns List[Msg]
jetstream	jetstream.MessageBatch.Error	method	implemented	present	missing	mod: error property pull.py:107; leg: exceptions raised instead
jetstream	jetstream.MessageBatch.Messages	method	implemented	present	partial	mod: async iteration pull.py:110; leg: list
jetstream	jetstream.MessageHandler	type	planned	missing	partial	mod: no callback consume; leg: push subscribe(cb=) js/client.py:303 (push only)
jetstream	jetstream.MessagesContext	type	planned	present	missing	mod: MessageStream/PullMessageStream pull.py:219
jetstream	jetstream.MessagesContext.Drain	method	implemented	missing	missing	mod: no drain (stop only)
jetstream	jetstream.MessagesContext.Next	method	implemented	present	missing	mod: __anext__ pull.py:313
jetstream	jetstream.MessagesContext.Stop	method	implemented	present	missing	mod: stop() pull.py:500
jetstream	jetstream.MigrationStatusBlocked	constant	planned	missing	missing	stream placement-migration status enum not modelled (no 'migration'/'desired' anywhere)
jetstream	jetstream.MigrationStatusCatchup	constant	planned	missing	missing	stream placement-migration status enum not modelled (no 'migration'/'desired' anywhere)
jetstream	jetstream.MigrationStatusMembership	constant	planned	missing	missing	stream placement-migration status enum not modelled (no 'migration'/'desired' anywhere)
jetstream	jetstream.MigrationStatusMeta	constant	planned	missing	missing	stream placement-migration status enum not modelled (no 'migration'/'desired' anywhere)
jetstream	jetstream.MigrationStatusQuorum	constant	planned	missing	missing	stream placement-migration status enum not modelled (no 'migration'/'desired' anywhere)
jetstream	jetstream.MigrationStatusSnapshot	constant	planned	missing	missing	stream placement-migration status enum not modelled (no 'migration'/'desired' anywhere)
jetstream	jetstream.MigrationStatusType	type	planned	missing	missing	stream placement-migration status enum not modelled (no 'migration'/'desired' anywhere)
jetstream	jetstream.MigrationStatusUnavailable	constant	planned	missing	missing	stream placement-migration status enum not modelled (no 'migration'/'desired' anywhere)
jetstream	jetstream.Msg	type	planned	present	present	mod: Message message.py:121; leg: nats.aio.msg.Msg aio/msg.py:39
jetstream	jetstream.Msg.Ack	method	implemented	present	present	mod: message.py:203; leg: aio/msg.py:107
jetstream	jetstream.Msg.Data	method	implemented	present	present	mod: message.py:184-199; leg: Msg dataclass fields aio/msg.py:39-53
jetstream	jetstream.Msg.DoubleAck	method	implemented	present	present	mod: double_ack message.py:219 (does not inspect reply for errors); leg: ack_sync aio/msg.py:115
jetstream	jetstream.Msg.Headers	method	implemented	present	present	mod: message.py:184-199; leg: Msg dataclass fields aio/msg.py:39-53
jetstream	jetstream.Msg.InProgress	method	implemented	present	present	mod: message.py:285; leg: aio/msg.py:139
jetstream	jetstream.Msg.Metadata	method	implemented	present	present	mod: message.py:179; leg: aio/msg.py:160
jetstream	jetstream.Msg.Nak	method	implemented	present	present	mod: message.py:247; leg: aio/msg.py:124
jetstream	jetstream.Msg.NakWithDelay	method	implemented	present	present	mod: nak_with_delay message.py:266; leg: nak(delay=) aio/msg.py:124
jetstream	jetstream.Msg.Reply	method	implemented	present	present	mod: message.py:184-199; leg: Msg dataclass fields aio/msg.py:39-53
jetstream	jetstream.Msg.Subject	method	implemented	present	present	mod: message.py:184-199; leg: Msg dataclass fields aio/msg.py:39-53
jetstream	jetstream.Msg.Term	method	implemented	present	present	mod: message.py:301; leg: aio/msg.py:148
jetstream	jetstream.Msg.TermWithReason	method	implemented	present	missing	mod: message.py:317; leg: term() has no reason
jetstream	jetstream.MsgAckHandler	type	planned	missing	missing	no async ack/err callbacks
jetstream	jetstream.MsgErrHandler	type	planned	missing	missing	no async ack/err callbacks
jetstream	jetstream.MsgIDHeader	constant	implemented	missing	present	leg: Header.MSG_ID js/api.py:39
jetstream	jetstream.MsgMetadata	type	planned	present	present	mod: Metadata message.py:27; leg: Msg.Metadata aio/msg.py:182
jetstream	jetstream.MsgMetadata.Consumer	field	planned	present	present	mod: message.py:30-48; leg: aio/msg.py:196-202
jetstream	jetstream.MsgMetadata.Domain	field	planned	present	present	mod: message.py:30-48; leg: aio/msg.py:196-202
jetstream	jetstream.MsgMetadata.NumDelivered	field	planned	present	present	mod: message.py:30-48; leg: aio/msg.py:196-202
jetstream	jetstream.MsgMetadata.NumPending	field	planned	present	present	mod: message.py:30-48; leg: aio/msg.py:196-202
jetstream	jetstream.MsgMetadata.Sequence	field	planned	present	present	mod: message.py:30-48; leg: aio/msg.py:196-202
jetstream	jetstream.MsgMetadata.Stream	field	planned	present	present	mod: message.py:30-48; leg: aio/msg.py:196-202
jetstream	jetstream.MsgMetadata.Timestamp	field	planned	present	present	mod: message.py:30-48; leg: aio/msg.py:196-202
jetstream	jetstream.MsgRollup	constant	implemented	missing	present	leg: Header.ROLLUP js/api.py:42
jetstream	jetstream.MsgRollupAll	constant	implemented	missing	missing	'all' rollup value absent
jetstream	jetstream.MsgRollupSubject	constant	implemented	missing	present	leg: MSG_ROLLUP_SUBJECT js/kv.py:34 (mod NATS_SCHEDULE_ROLLUP_SUB is schedule-only)
jetstream	jetstream.MsgTTLHeader	constant	implemented	missing	present	leg: Header.MSG_TTL js/api.py:41
jetstream	jetstream.New	function	implemented	present	present	mod: new() __init__.py:852; leg: nc.jetstream() aio/client.py:2447
jetstream	jetstream.NewWithAPIPrefix	function	implemented	present	present	mod: new(prefix=) __init__.py:852; leg: jetstream(prefix=)
jetstream	jetstream.NewWithDomain	function	implemented	present	present	mod: new(domain=) __init__.py:852; leg: jetstream(domain=)
jetstream	jetstream.NextContext	constructor	implemented	n/a	n/a	Go context.Context option; Python uses max_wait/timeouts
jetstream	jetstream.NextMaxWait	constructor	implemented	present	partial	mod: next(max_wait=) pull.py:593; leg: fetch(1, timeout)
jetstream	jetstream.NextOpt	type	planned	n/a	n/a	Go functional-option type; Python uses keyword args
jetstream	jetstream.NoCompression	constant	planned	present	present	mod: stream.py:35; leg: js/api.py:336-337
jetstream	jetstream.OrderedConsumerConfig	type	planned	present	partial	mod: consumer/__init__.py:422; leg: subscribe(ordered_consumer=True, config=ConsumerConfig) js/client.py:299
jetstream	jetstream.OrderedConsumerConfig.DeliverPolicy	field	planned	present	present	mod: consumer/__init__.py:433-448; leg: subscribe(deliver_policy/headers_only/inactive_threshold) js/client.py:313-315
jetstream	jetstream.OrderedConsumerConfig.FilterSubjects	field	planned	present	partial	mod: consumer/__init__.py:430-455; leg: only via subscribe(config=ConsumerConfig(...))
jetstream	jetstream.OrderedConsumerConfig.HeadersOnly	field	planned	present	present	mod: consumer/__init__.py:433-448; leg: subscribe(deliver_policy/headers_only/inactive_threshold) js/client.py:313-315
jetstream	jetstream.OrderedConsumerConfig.InactiveThreshold	field	planned	present	present	mod: consumer/__init__.py:433-448; leg: subscribe(deliver_policy/headers_only/inactive_threshold) js/client.py:313-315
jetstream	jetstream.OrderedConsumerConfig.MaxResetAttempts	field	planned	present	missing	mod: consumer/__init__.py:451,457; leg: none
jetstream	jetstream.OrderedConsumerConfig.Metadata	field	planned	present	partial	mod: consumer/__init__.py:430-455; leg: only via subscribe(config=ConsumerConfig(...))
jetstream	jetstream.OrderedConsumerConfig.NamePrefix	field	planned	present	missing	mod: consumer/__init__.py:451,457; leg: none
jetstream	jetstream.OrderedConsumerConfig.OptStartSeq	field	planned	present	partial	mod: consumer/__init__.py:430-455; leg: only via subscribe(config=ConsumerConfig(...))
jetstream	jetstream.OrderedConsumerConfig.OptStartTime	field	planned	present	partial	mod: consumer/__init__.py:430-455; leg: only via subscribe(config=ConsumerConfig(...))
jetstream	jetstream.OrderedConsumerConfig.ReplayPolicy	field	planned	present	partial	mod: consumer/__init__.py:430-455; leg: only via subscribe(config=ConsumerConfig(...))
jetstream	jetstream.PeerInfo	type	planned	present	present	mod: stream.py:398; leg: js/api.py:520
jetstream	jetstream.PeerInfo.Active	field	planned	present	present	mod: stream.py:401-414; leg: js/api.py:521-525
jetstream	jetstream.PeerInfo.Current	field	planned	present	present	mod: stream.py:401-414; leg: js/api.py:521-525
jetstream	jetstream.PeerInfo.Lag	field	planned	present	present	mod: stream.py:401-414; leg: js/api.py:521-525
jetstream	jetstream.PeerInfo.Name	field	planned	present	present	mod: stream.py:401-414; leg: js/api.py:521-525
jetstream	jetstream.PeerInfo.Offline	field	planned	present	present	mod: stream.py:401-414; leg: js/api.py:521-525
jetstream	jetstream.PeerInfo.Peer	field	planned	missing	missing	peer id / pending flag not modelled
jetstream	jetstream.PeerInfo.Pending	field	planned	missing	missing	peer id / pending flag not modelled
jetstream	jetstream.PersistModeType	type	planned	present	present	mod: PersistMode Literal stream.py:36; leg: PersistMode Enum js/api.py:340
jetstream	jetstream.PersistModeType.MarshalJSON	method	planned	n/a	n/a	Go JSON/String method on enum; Python uses str literals/str-Enum
jetstream	jetstream.PersistModeType.String	method	planned	n/a	n/a	Go JSON/String method on enum; Python uses str literals/str-Enum
jetstream	jetstream.PersistModeType.UnmarshalJSON	method	planned	n/a	n/a	Go JSON/String method on enum; Python uses str literals/str-Enum
jetstream	jetstream.Placement	type	planned	present	present	mod: stream.py:290; leg: js/api.py:215
jetstream	jetstream.Placement.Cluster	field	planned	present	present	mod: stream.py:293-296; leg: js/api.py:218-219
jetstream	jetstream.Placement.Tags	field	planned	present	present	mod: stream.py:293-296; leg: js/api.py:218-219
jetstream	jetstream.PriorityGroupState	type	planned	partial	present	mod: only internal TypedDict api/types.py:~60, surfaced as dict; leg: js/api.py:780
jetstream	jetstream.PriorityGroupState.Group	field	planned	partial	present	mod: dict keys only; leg: js/api.py:787-791
jetstream	jetstream.PriorityGroupState.PinnedClientID	field	planned	partial	present	mod: dict keys only; leg: js/api.py:787-791
jetstream	jetstream.PriorityGroupState.PinnedTS	field	planned	partial	present	mod: dict keys only; leg: js/api.py:787-791
jetstream	jetstream.PriorityPolicy	type	planned	partial	present	mod: ConsumerConfig.priority_policy is plain str consumer/__init__.py:122; Literal only in internal api/types.py:283; leg: Enum js/api.py:645
jetstream	jetstream.PriorityPolicy.MarshalJSON	method	planned	n/a	n/a	Go JSON/String method on enum; Python uses str literals/str-Enum
jetstream	jetstream.PriorityPolicy.UnmarshalJSON	method	planned	n/a	n/a	Go JSON/String method on enum; Python uses str literals/str-Enum
jetstream	jetstream.PriorityPolicyNone	constant	planned	partial	present	mod: only as raw strings ('none','overflow','pinned_client','prioritized') in internal api/types.py:283, not exported; leg: js/api.py:658-664
jetstream	jetstream.PriorityPolicyOverflow	constant	planned	partial	present	mod: only as raw strings ('none','overflow','pinned_client','prioritized') in internal api/types.py:283, not exported; leg: js/api.py:658-664
jetstream	jetstream.PriorityPolicyPinned	constant	planned	partial	present	mod: only as raw strings ('none','overflow','pinned_client','prioritized') in internal api/types.py:283, not exported; leg: js/api.py:658-664
jetstream	jetstream.PriorityPolicyPrioritized	constant	planned	partial	present	mod: only as raw strings ('none','overflow','pinned_client','prioritized') in internal api/types.py:283, not exported; leg: js/api.py:658-664
jetstream	jetstream.PubAck	type	planned	present	present	mod: PublishAck __init__.py:206; leg: js/api.py:180
jetstream	jetstream.PubAck.Domain	field	planned	present	present	mod: __init__.py:209-212; leg: js/api.py:185-188
jetstream	jetstream.PubAck.Duplicate	field	planned	present	present	mod: __init__.py:209-212; leg: js/api.py:185-188
jetstream	jetstream.PubAck.Sequence	field	planned	present	present	mod: __init__.py:209-212; leg: js/api.py:185-188
jetstream	jetstream.PubAck.Stream	field	planned	present	present	mod: __init__.py:209-212; leg: js/api.py:185-188
jetstream	jetstream.PubAck.Value	field	planned	present	present	mod: value __init__.py:213; leg: val js/api.py:194
jetstream	jetstream.PubAckFuture	type	planned	missing	partial	leg: plain asyncio.Future[PubAck] js/client.py:267 (no msg/resend)
jetstream	jetstream.PubAckFuture.Err	method	implemented	missing	partial	leg: await future / future.exception()
jetstream	jetstream.PubAckFuture.Msg	method	implemented	missing	missing	future does not retain the published msg
jetstream	jetstream.PubAckFuture.Ok	method	implemented	missing	partial	leg: await future / future.exception()
jetstream	jetstream.PublishOpt	type	planned	n/a	n/a	Go functional-option type; Python uses keyword args
jetstream	jetstream.Publisher	type	planned	partial	present	mod: only sync publish __init__.py:281; leg: publish + publish_async js/client.py:177,222
jetstream	jetstream.Publisher.CleanupPublisher	method	implemented	missing	missing	no publisher cleanup
jetstream	jetstream.Publisher.Publish	method	implemented	present	present	mod: __init__.py:281; leg: js/client.py:177
jetstream	jetstream.Publisher.PublishAsync	method	implemented	missing	present	leg: publish_async -> asyncio.Future js/client.py:222
jetstream	jetstream.Publisher.PublishAsyncComplete	method	implemented	missing	present	leg: publish_async_completed js/client.py:293
jetstream	jetstream.Publisher.PublishAsyncPending	method	implemented	missing	present	leg: js/client.py:287
jetstream	jetstream.Publisher.PublishMsg	method	implemented	present	present	Pythonic: publish(headers=) covers PublishMsg (mod __init__.py:286; leg js/client.py:183)
jetstream	jetstream.Publisher.PublishMsgAsync	method	implemented	missing	present	leg: publish_async(headers=) js/client.py:228
jetstream	jetstream.PullConsumeOpt	type	planned	n/a	n/a	Go functional-option type; Python uses keyword args
jetstream	jetstream.PullExpiry	type	implemented	present	missing	mod: messages(max_wait=) -> expires pull.py:641; leg: no pull Consume/Messages
jetstream	jetstream.PullHeartbeat	type	implemented	present	missing	mod: messages(heartbeat=) pull.py:640
jetstream	jetstream.PullMaxBytes	type	implemented	present	missing	mod: messages(max_bytes=) pull.py:639
jetstream	jetstream.PullMaxMessages	type	implemented	present	missing	mod: messages(max_messages=) pull.py:638 (default batch 100, Go 500)
jetstream	jetstream.PullMaxMessagesWithBytesLimit	constructor	implemented	missing	missing	mod: messages() rejects max_messages+max_bytes together pull.py:670-671
jetstream	jetstream.PullMessagesOpt	type	planned	n/a	n/a	Go functional-option type; Python uses keyword args
jetstream	jetstream.PullMinAckPending	type	implemented	present	missing	mod: pull.py:642-643
jetstream	jetstream.PullMinPending	type	implemented	present	missing	mod: pull.py:642-643
jetstream	jetstream.PullPrioritized	type	implemented	present	missing	mod: pull.py:644-645
jetstream	jetstream.PullPriorityGroup	type	implemented	present	missing	mod: pull.py:644-645
jetstream	jetstream.PullThresholdBytes	type	implemented	present	missing	mod: pull.py:646-647
jetstream	jetstream.PullThresholdMessages	type	implemented	present	missing	mod: pull.py:646-647
jetstream	jetstream.PushConsumeOpt	type	planned	n/a	n/a	Go functional-option type; Python uses keyword args
jetstream	jetstream.PushConsumer	type	planned	missing	partial	mod: none; leg: PushSubscription js/client.py:912
jetstream	jetstream.PushConsumer.CachedInfo	method	implemented	missing	missing	no cached info
jetstream	jetstream.PushConsumer.Consume	method	implemented	missing	partial	leg: subscribe(cb=) js/client.py:299 (subscription-centric)
jetstream	jetstream.PushConsumer.Info	method	implemented	missing	present	leg: PushSubscription.consumer_info js/client.py:948
jetstream	jetstream.RawStreamMsg	type	planned	present	present	mod: StreamMessage stream.py:1076; leg: RawStreamMsg js/api.py:956
jetstream	jetstream.RawStreamMsg.Data	field	planned	present	present	mod: stream.py:1079-1083; leg: js/api.py:957-963
jetstream	jetstream.RawStreamMsg.Header	field	planned	present	present	mod: stream.py:1079-1083; leg: js/api.py:957-963
jetstream	jetstream.RawStreamMsg.Sequence	field	planned	present	present	mod: stream.py:1079-1083; leg: js/api.py:957-963
jetstream	jetstream.RawStreamMsg.Subject	field	planned	present	present	mod: stream.py:1079-1083; leg: js/api.py:957-963
jetstream	jetstream.RawStreamMsg.Time	field	planned	present	present	mod: stream.py:1079-1083; leg: js/api.py:957-963
jetstream	jetstream.RePublish	type	planned	present	present	mod: Republish stream.py:324; leg: js/api.py:363
jetstream	jetstream.RePublish.Destination	field	planned	present	present	mod: src/dest/headers_only stream.py:327-333; leg: js/api.py:369-371
jetstream	jetstream.RePublish.HeadersOnly	field	planned	present	present	mod: src/dest/headers_only stream.py:327-333; leg: js/api.py:369-371
jetstream	jetstream.RePublish.Source	field	planned	present	present	mod: src/dest/headers_only stream.py:327-333; leg: js/api.py:369-371
jetstream	jetstream.ReplayInstantPolicy	constant	planned	present	present	mod: consumer/__init__.py:21; leg: js/api.py:641-642
jetstream	jetstream.ReplayOriginalPolicy	constant	planned	present	present	mod: consumer/__init__.py:21; leg: js/api.py:641-642
jetstream	jetstream.ReplayPolicy	type	planned	present	present	mod: consumer/__init__.py:21; leg: js/api.py:630
jetstream	jetstream.ReplayPolicy.MarshalJSON	method	planned	n/a	n/a	Go JSON/String method on enum; Python uses str literals/str-Enum
jetstream	jetstream.ReplayPolicy.String	method	planned	n/a	n/a	Go JSON/String method on enum; Python uses str literals/str-Enum
jetstream	jetstream.ReplayPolicy.UnmarshalJSON	method	planned	n/a	n/a	Go JSON/String method on enum; Python uses str literals/str-Enum
jetstream	jetstream.RetentionPolicy	type	planned	present	present	mod: Literal stream.py:32; leg: js/api.py:305
jetstream	jetstream.RetentionPolicy.MarshalJSON	method	planned	n/a	n/a	Go JSON/String method on enum; Python uses str literals/str-Enum
jetstream	jetstream.RetentionPolicy.String	method	planned	n/a	n/a	Go JSON/String method on enum; Python uses str literals/str-Enum
jetstream	jetstream.RetentionPolicy.UnmarshalJSON	method	planned	n/a	n/a	Go JSON/String method on enum; Python uses str literals/str-Enum
jetstream	jetstream.S2Compression	constant	planned	present	present	mod: stream.py:35; leg: js/api.py:336-337
jetstream	jetstream.ScheduleDaily	constant	implemented	present	present	mod: headers.py:66-78; leg: js/api.py:56-60
jetstream	jetstream.ScheduleHeader	constant	implemented	present	present	mod: headers.py NATS_SCHEDULE* :27-61; leg: Header.SCHEDULE* js/api.py:43-50
jetstream	jetstream.ScheduleHourly	constant	implemented	present	present	mod: headers.py:66-78; leg: js/api.py:56-60
jetstream	jetstream.ScheduleMonthly	constant	implemented	present	present	mod: headers.py:66-78; leg: js/api.py:56-60
jetstream	jetstream.ScheduleNextHeader	constant	implemented	present	present	mod: headers.py NATS_SCHEDULE* :27-61; leg: Header.SCHEDULE* js/api.py:43-50
jetstream	jetstream.ScheduleRollupHeader	constant	implemented	present	present	mod: headers.py NATS_SCHEDULE* :27-61; leg: Header.SCHEDULE* js/api.py:43-50
jetstream	jetstream.ScheduleSourceHeader	constant	implemented	present	present	mod: headers.py NATS_SCHEDULE* :27-61; leg: Header.SCHEDULE* js/api.py:43-50
jetstream	jetstream.ScheduleTTLHeader	constant	implemented	present	present	mod: headers.py NATS_SCHEDULE* :27-61; leg: Header.SCHEDULE* js/api.py:43-50
jetstream	jetstream.ScheduleTargetHeader	constant	implemented	present	present	mod: headers.py NATS_SCHEDULE* :27-61; leg: Header.SCHEDULE* js/api.py:43-50
jetstream	jetstream.ScheduleTimeZoneHeader	constant	implemented	present	present	mod: headers.py NATS_SCHEDULE* :27-61; leg: Header.SCHEDULE* js/api.py:43-50
jetstream	jetstream.ScheduleWeekly	constant	implemented	present	present	mod: headers.py:66-78; leg: js/api.py:56-60
jetstream	jetstream.ScheduleYearly	constant	implemented	present	present	mod: headers.py:66-78; leg: js/api.py:56-60
jetstream	jetstream.SchedulerHeader	constant	implemented	present	present	mod: headers.py NATS_SCHEDULE* :27-61; leg: Header.SCHEDULE* js/api.py:43-50
jetstream	jetstream.SequenceHeader	constant	planned	partial	partial	direct-get headers used as literals only: mod stream.py:1204-1222; leg js/manager.py:488-496; no exported constants
jetstream	jetstream.SequenceInfo	type	planned	partial	present	mod: no type (dict keys consumer_seq/stream_seq/last_active); leg: js/api.py:762
jetstream	jetstream.SequenceInfo.Consumer	field	planned	partial	present	mod: dict keys only; leg: consumer_seq/stream_seq/last_active js/api.py:763-765
jetstream	jetstream.SequenceInfo.Last	field	planned	partial	present	mod: dict keys only; leg: consumer_seq/stream_seq/last_active js/api.py:763-765
jetstream	jetstream.SequenceInfo.Stream	field	planned	partial	present	mod: dict keys only; leg: consumer_seq/stream_seq/last_active js/api.py:763-765
jetstream	jetstream.SequencePair	type	planned	present	present	mod: message.py:19; leg: Msg.Metadata.SequencePair aio/msg.py:205
jetstream	jetstream.SequencePair.Consumer	field	planned	present	present	mod: message.py:22-23; leg: aio/msg.py:210-211
jetstream	jetstream.SequencePair.Stream	field	planned	present	present	mod: message.py:22-23; leg: aio/msg.py:210-211
jetstream	jetstream.StopAfter	type	implemented	missing	missing	no stop-after-N option
jetstream	jetstream.StorageType	type	planned	present	present	mod: stream.py:33; leg: js/api.py:313
jetstream	jetstream.StorageType.MarshalJSON	method	planned	n/a	n/a	Go JSON/String method on enum; Python uses str literals/str-Enum
jetstream	jetstream.StorageType.String	method	planned	n/a	n/a	Go JSON/String method on enum; Python uses str literals/str-Enum
jetstream	jetstream.StorageType.UnmarshalJSON	method	planned	n/a	n/a	Go JSON/String method on enum; Python uses str literals/str-Enum
jetstream	jetstream.StoreCompression	type	planned	present	present	mod: CompressionType stream.py:35; leg: js/api.py:327
jetstream	jetstream.StoreCompression.MarshalJSON	method	planned	n/a	n/a	Go JSON/String method on enum; Python uses str literals/str-Enum
jetstream	jetstream.StoreCompression.String	method	planned	n/a	n/a	Go JSON/String method on enum; Python uses str literals/str-Enum
jetstream	jetstream.StoreCompression.UnmarshalJSON	method	planned	n/a	n/a	Go JSON/String method on enum; Python uses str literals/str-Enum
jetstream	jetstream.Stream	type	planned	present	partial	mod: Stream stream.py:1092; leg: no Stream handle, JetStreamManager by name
jetstream	jetstream.Stream.CachedInfo	method	implemented	present	missing	mod: info property stream.py:1106
jetstream	jetstream.Stream.DeleteMsg	method	implemented	present	partial	mod: no_erase=True stream.py:1328; leg: delete_msg never sends no_erase (server erases => secure) js/manager.py:501
jetstream	jetstream.Stream.GetLastMsgForSubject	method	implemented	present	present	mod: stream.py:1301; leg: get_last_msg js/manager.py:515
jetstream	jetstream.Stream.GetMsg	method	implemented	present	present	mod: get_message stream.py:1283 (direct when allow_direct; direct subject hard-codes $JS.API ignoring prefix/domain stream.py:1181); leg: get_msg js/manager.py:413
jetstream	jetstream.Stream.Info	method	implemented	present	present	mod: get_info stream.py:1110; leg: stream_info js/manager.py:85
jetstream	jetstream.Stream.Purge	method	implemented	present	present	mod: purge stream.py:1127; leg: purge_stream js/manager.py:146
jetstream	jetstream.Stream.SecureDeleteMsg	method	implemented	present	present	mod: stream.py:1330; leg: delete_msg (default erase) js/manager.py:501
jetstream	jetstream.StreamConfig	type	planned	present	present	mod: stream.py:569 (to_request :874); leg: js/api.py:410 (as_dict :499)
jetstream	jetstream.StreamConfig.AllowAtomicPublish	field	planned	present	present	json allow_atomic: mod stream.py:593; leg js/api.py:463
jetstream	jetstream.StreamConfig.AllowBatchPublish	field	planned	present	present	json allow_batched: mod stream.py:596; leg js/api.py:466
jetstream	jetstream.StreamConfig.AllowDirect	field	planned	present	present	json allow_direct: mod stream.py:599; leg js/api.py:448
jetstream	jetstream.StreamConfig.AllowMsgCounter	field	planned	present	present	json allow_msg_counter: mod stream.py:602; leg js/api.py:470
jetstream	jetstream.StreamConfig.AllowMsgSchedules	field	planned	present	present	json allow_msg_schedules: mod stream.py:605; leg js/api.py:460
jetstream	jetstream.StreamConfig.AllowMsgTTL	field	planned	present	present	json allow_msg_ttl: mod stream.py:608; leg js/api.py:457
jetstream	jetstream.StreamConfig.AllowRollup	field	planned	present	present	json allow_rollup_hdrs: mod stream.py:611; leg js/api.py:438
jetstream	jetstream.StreamConfig.Compression	field	planned	present	present	json compression: mod stream.py:614; leg js/api.py:454
jetstream	jetstream.StreamConfig.ConsumerLimits	field	planned	present	present	json consumer_limits: mod stream.py:685; leg js/api.py:480
jetstream	jetstream.StreamConfig.DenyDelete	field	planned	present	present	json deny_delete: mod stream.py:617; leg js/api.py:436
jetstream	jetstream.StreamConfig.DenyPurge	field	planned	present	present	json deny_purge: mod stream.py:620; leg js/api.py:437
jetstream	jetstream.StreamConfig.Description	field	planned	present	present	json description: mod stream.py:623; leg js/api.py:416
jetstream	jetstream.StreamConfig.Discard	field	planned	present	present	json discard: mod stream.py:626; leg js/api.py:422
jetstream	jetstream.StreamConfig.DiscardNewPerSubject	field	planned	present	present	json discard_new_per_subject: mod stream.py:629; leg js/api.py:423
jetstream	jetstream.StreamConfig.Duplicates	field	planned	present	present	json duplicate_window: mod stream.py:632; leg js/api.py:431
jetstream	jetstream.StreamConfig.FirstSeq	field	planned	present	present	json first_seq: mod stream.py:635; leg js/api.py:441
jetstream	jetstream.StreamConfig.MaxAge	field	planned	present	present	json max_age: mod stream.py:581; leg js/api.py:424
jetstream	jetstream.StreamConfig.MaxBytes	field	planned	present	present	json max_bytes: mod stream.py:584; leg js/api.py:421
jetstream	jetstream.StreamConfig.MaxConsumers	field	planned	present	present	json max_consumers: mod stream.py:587; leg js/api.py:419
jetstream	jetstream.StreamConfig.MaxMsgSize	field	planned	present	present	json max_msg_size: mod stream.py:638; leg js/api.py:426
jetstream	jetstream.StreamConfig.MaxMsgs	field	planned	present	present	json max_msgs: mod stream.py:590; leg js/api.py:420
jetstream	jetstream.StreamConfig.MaxMsgsPerSubject	field	planned	present	present	json max_msgs_per_subject: mod stream.py:641; leg js/api.py:425
jetstream	jetstream.StreamConfig.Metadata	field	planned	present	present	json metadata: mod stream.py:644; leg js/api.py:477
jetstream	jetstream.StreamConfig.Mirror	field	planned	present	present	json mirror: mod stream.py:647; leg js/api.py:433
jetstream	jetstream.StreamConfig.MirrorDirect	field	planned	present	present	json mirror_direct: mod stream.py:650; leg js/api.py:451
jetstream	jetstream.StreamConfig.Name	field	planned	present	present	json name: mod stream.py:653; leg js/api.py:415
jetstream	jetstream.StreamConfig.NoAck	field	planned	present	present	json no_ack: mod stream.py:656; leg js/api.py:429
jetstream	jetstream.StreamConfig.PersistMode	field	planned	present	present	json persist_mode: mod stream.py:659; leg js/api.py:474
jetstream	jetstream.StreamConfig.Placement	field	planned	present	present	json placement: mod stream.py:662; leg js/api.py:432
jetstream	jetstream.StreamConfig.RePublish	field	planned	present	present	json republish: mod stream.py:665; leg js/api.py:444
jetstream	jetstream.StreamConfig.Replicas	field	planned	present	present	json num_replicas: mod stream.py:572; leg js/api.py:428
jetstream	jetstream.StreamConfig.Retention	field	planned	present	present	json retention: mod stream.py:575; leg js/api.py:418
jetstream	jetstream.StreamConfig.Sealed	field	planned	present	present	json sealed: mod stream.py:667; leg js/api.py:435
jetstream	jetstream.StreamConfig.Sources	field	planned	present	present	json sources: mod stream.py:670; leg js/api.py:434
jetstream	jetstream.StreamConfig.Storage	field	planned	present	present	json storage: mod stream.py:578; leg js/api.py:427
jetstream	jetstream.StreamConfig.SubjectDeleteMarkerTTL	field	planned	present	present	json subject_delete_marker_ttl: mod stream.py:673; leg js/api.py:484
jetstream	jetstream.StreamConfig.SubjectTransform	field	planned	present	present	json subject_transform: mod stream.py:676; leg js/api.py:445
jetstream	jetstream.StreamConfig.Subjects	field	planned	present	present	json subjects: mod stream.py:679; leg js/api.py:417
jetstream	jetstream.StreamConfig.Template	field	planned	present	present	json template_owner: mod stream.py:682; leg js/api.py:430
jetstream	jetstream.StreamConsumerLimits	type	planned	present	present	mod: stream.py:361; leg: js/api.py:387
jetstream	jetstream.StreamConsumerLimits.InactiveThreshold	field	planned	present	present	mod: stream.py:364-367; leg: js/api.py:394-395
jetstream	jetstream.StreamConsumerLimits.MaxAckPending	field	planned	present	present	mod: stream.py:364-367; leg: js/api.py:394-395
jetstream	jetstream.StreamConsumerManager	type	planned	present	partial	mod: Stream class stream.py:1092 (leg: no Stream handle; JetStreamManager by stream name)
jetstream	jetstream.StreamConsumerManager.Consumer	method	implemented	present	partial	mod: Stream.get_consumer stream.py:1450 (leg: no Stream handle; JetStreamManager by stream name)
jetstream	jetstream.StreamConsumerManager.CreateConsumer	method	implemented	present	partial	mod: stream.py:1399; leg: add_consumer upsert only
jetstream	jetstream.StreamConsumerManager.CreateOrUpdateConsumer	method	implemented	present	present	mod: stream.py:1540; leg: add_consumer js/manager.py:204
jetstream	jetstream.StreamConsumerManager.CreateOrUpdatePushConsumer	method	implemented	missing	partial	mod: NotImplementedError stream.py:1384,1469; leg: add_consumer(deliver_subject)/subscribe/subscribe_bind
jetstream	jetstream.StreamConsumerManager.CreatePushConsumer	method	implemented	missing	partial	mod: NotImplementedError stream.py:1384,1469; leg: add_consumer(deliver_subject)/subscribe/subscribe_bind
jetstream	jetstream.StreamConsumerManager.DeleteConsumer	method	implemented	present	present	mod: stream.py:1474; leg: js/manager.py:245
jetstream	jetstream.StreamConsumerManager.OrderedConsumer	method	implemented	present	partial	mod: stream.py:1660; leg: push-based ordered subscribe
jetstream	jetstream.StreamConsumerManager.PauseConsumer	method	implemented	partial	present	mod: stream.py:1570/1593 return None (no ConsumerPauseResponse); leg: js/manager.py:261/299
jetstream	jetstream.StreamConsumerManager.PushConsumer	method	implemented	missing	partial	mod: NotImplementedError stream.py:1384,1469; leg: add_consumer(deliver_subject)/subscribe/subscribe_bind
jetstream	jetstream.StreamConsumerManager.ResetConsumer	method	implemented	present	present	mod: reset_consumer(name, seq=None) stream.py:1608; leg: js/manager.py:324
jetstream	jetstream.StreamConsumerManager.ResetConsumerToSequence	method	implemented	present	present	mod: reset_consumer(name, seq=None) stream.py:1608; leg: js/manager.py:324
jetstream	jetstream.StreamConsumerManager.ResumeConsumer	method	implemented	partial	present	mod: stream.py:1570/1593 return None (no ConsumerPauseResponse); leg: js/manager.py:261/299
jetstream	jetstream.StreamConsumerManager.UpdateConsumer	method	implemented	present	partial	mod: stream.py:1506; leg: add_consumer upsert only
jetstream	jetstream.StreamConsumerManager.UpdatePushConsumer	method	implemented	missing	partial	mod: NotImplementedError stream.py:1384,1469; leg: add_consumer(deliver_subject)/subscribe/subscribe_bind
jetstream	jetstream.StreamConsumerSource	type	planned	present	present	mod: stream.py:130; leg: js/api.py:233
jetstream	jetstream.StreamConsumerSource.DeliverSubject	field	planned	present	present	mod: stream.py:141-144; leg: js/api.py:242-243
jetstream	jetstream.StreamConsumerSource.Name	field	planned	present	present	mod: stream.py:141-144; leg: js/api.py:242-243
jetstream	jetstream.StreamHeader	constant	planned	partial	partial	direct-get headers used as literals only: mod stream.py:1204-1222; leg js/manager.py:488-496; no exported constants
jetstream	jetstream.StreamInfo	type	planned	present	present	mod: stream.py:955; leg: js/api.py:546
jetstream	jetstream.StreamInfo.Cluster	field	planned	present	present	mod: stream.py:958-971; leg: js/api.py:551-557
jetstream	jetstream.StreamInfo.Config	field	planned	present	present	mod: stream.py:958-971; leg: js/api.py:551-557
jetstream	jetstream.StreamInfo.Created	field	planned	present	present	mod: stream.py:958-971; leg: js/api.py:551-557
jetstream	jetstream.StreamInfo.Mirror	field	planned	present	present	mod: stream.py:958-971; leg: js/api.py:551-557
jetstream	jetstream.StreamInfo.Sources	field	planned	present	present	mod: stream.py:958-971; leg: js/api.py:551-557
jetstream	jetstream.StreamInfo.State	field	planned	present	present	mod: stream.py:958-971; leg: js/api.py:551-557
jetstream	jetstream.StreamInfo.TimeStamp	field	planned	present	missing	mod: timestamp stream.py:974; leg: 'ts' dropped
jetstream	jetstream.StreamInfoLister	type	planned	present	partial	mod: list_streams __init__.py:392; leg: streams_info/streams_info_iterator single page js/manager.py:177,192
jetstream	jetstream.StreamInfoLister.Err	method	planned	n/a	n/a	Go channel accessor on lister; Python async iterator raises instead
jetstream	jetstream.StreamInfoLister.Info	method	planned	n/a	n/a	Go channel accessor on lister; Python async iterator raises instead
jetstream	jetstream.StreamInfoOpt	type	planned	n/a	n/a	Go functional-option type; Python uses keyword args
jetstream	jetstream.StreamListOpt	type	planned	n/a	n/a	Go functional-option type; Python uses keyword args
jetstream	jetstream.StreamManager	type	planned	present	present	mod: StreamManager Protocol stream.py:1025 / JetStream; leg: JetStreamManager
jetstream	jetstream.StreamManager.CreateOrUpdateStream	method	implemented	missing	missing	no create-or-update stream
jetstream	jetstream.StreamManager.CreateStream	method	implemented	present	present	mod: create_stream __init__.py:436; leg: add_stream js/manager.py:100
jetstream	jetstream.StreamManager.DeleteStream	method	implemented	present	present	mod: __init__.py:485; leg: js/manager.py:136
jetstream	jetstream.StreamManager.ListStreams	method	implemented	present	partial	mod: list_streams(subject) __init__.py:392; leg: streams_info single page, no subject js/manager.py:177
jetstream	jetstream.StreamManager.Stream	method	implemented	present	partial	mod: get_stream __init__.py:518; leg: stream_info only
jetstream	jetstream.StreamManager.StreamNameBySubject	method	implemented	partial	present	mod: via stream_names(subject) iterator only; leg: find_stream_name_by_subject js/manager.py:73
jetstream	jetstream.StreamManager.StreamNames	method	implemented	present	missing	mod: stream_names(subject) __init__.py:361; leg: none
jetstream	jetstream.StreamManager.UpdateStream	method	implemented	partial	present	mod: update_stream(**raw kwargs) bypasses StreamConfig conversion __init__.py:465; leg: js/manager.py:119
jetstream	jetstream.StreamNameLister	type	planned	present	missing	mod: stream_names __init__.py:361; leg: none (only find_stream_name_by_subject)
jetstream	jetstream.StreamNameLister.Err	method	planned	n/a	n/a	Go channel accessor on lister; Python async iterator raises instead
jetstream	jetstream.StreamNameLister.Name	method	planned	n/a	n/a	Go channel accessor on lister; Python async iterator raises instead
jetstream	jetstream.StreamPurgeOpt	type	planned	n/a	n/a	Go functional-option type; Python uses keyword args
jetstream	jetstream.StreamPurgeRequest	type	planned	partial	present	mod: kwargs only (TypedDict internal); leg: js/api.py:1009
jetstream	jetstream.StreamPurgeRequest.Keep	field	planned	present	present	mod: purge kwargs stream.py:1130-1132; leg: js/api.py:1015-1019
jetstream	jetstream.StreamPurgeRequest.Sequence	field	planned	present	present	mod: purge kwargs stream.py:1130-1132; leg: js/api.py:1015-1019
jetstream	jetstream.StreamPurgeRequest.Subject	field	planned	present	present	mod: purge kwargs stream.py:1130-1132; leg: js/api.py:1015-1019
jetstream	jetstream.StreamSource	type	planned	present	present	mod: stream.py:163; leg: js/api.py:247
jetstream	jetstream.StreamSource.Consumer	field	planned	present	present	mod: stream.py:166-185; leg: js/api.py:248-254
jetstream	jetstream.StreamSource.Domain	field	planned	missing	missing	domain->external API prefix helper not implemented
jetstream	jetstream.StreamSource.External	field	planned	present	present	mod: stream.py:166-185; leg: js/api.py:248-254
jetstream	jetstream.StreamSource.FilterSubject	field	planned	present	present	mod: stream.py:166-185; leg: js/api.py:248-254
jetstream	jetstream.StreamSource.Name	field	planned	present	present	mod: stream.py:166-185; leg: js/api.py:248-254
jetstream	jetstream.StreamSource.OptStartSeq	field	planned	present	present	mod: stream.py:166-185; leg: js/api.py:248-254
jetstream	jetstream.StreamSource.OptStartTime	field	planned	partial	present	mod: typed int, sent raw (server expects RFC3339) stream.py:172,224; leg: datetime->RFC3339 js/api.py:268
jetstream	jetstream.StreamSource.SubjectTransforms	field	planned	partial	present	mod: untyped Any, passed through raw stream.py:181; leg: List[SubjectTransform] js/api.py:253
jetstream	jetstream.StreamSourceInfo	type	planned	present	present	mod: stream.py:238; leg: js/api.py:274
jetstream	jetstream.StreamSourceInfo.Active	field	planned	present	present	mod: stream.py:241-247; leg: js/api.py:275-277
jetstream	jetstream.StreamSourceInfo.FilterSubject	field	planned	present	missing	mod: stream.py:250,257; leg: not modelled
jetstream	jetstream.StreamSourceInfo.Lag	field	planned	present	present	mod: stream.py:241-247; leg: js/api.py:275-277
jetstream	jetstream.StreamSourceInfo.Name	field	planned	present	present	mod: stream.py:241-247; leg: js/api.py:275-277
jetstream	jetstream.StreamSourceInfo.Seq	field	planned	missing	missing	not modelled
jetstream	jetstream.StreamSourceInfo.SubjectTransforms	field	planned	present	missing	mod: stream.py:250,257; leg: not modelled
jetstream	jetstream.StreamState	type	planned	present	present	mod: stream.py:489; leg: js/api.py:288
jetstream	jetstream.StreamState.Bytes	field	planned	present	present	mod: stream.py:492-522; leg: js/api.py:289-297
jetstream	jetstream.StreamState.Consumers	field	planned	present	present	mod: stream.py:492-522; leg: js/api.py:289-297
jetstream	jetstream.StreamState.Deleted	field	planned	present	present	mod: stream.py:492-522; leg: js/api.py:289-297
jetstream	jetstream.StreamState.FirstSeq	field	planned	present	present	mod: stream.py:492-522; leg: js/api.py:289-297
jetstream	jetstream.StreamState.FirstTime	field	planned	present	missing	mod: first_ts/last_ts/num_subjects stream.py:507,510,524; leg: dropped
jetstream	jetstream.StreamState.LastSeq	field	planned	present	present	mod: stream.py:492-522; leg: js/api.py:289-297
jetstream	jetstream.StreamState.LastTime	field	planned	present	missing	mod: first_ts/last_ts/num_subjects stream.py:507,510,524; leg: dropped
jetstream	jetstream.StreamState.Msgs	field	planned	present	present	mod: stream.py:492-522; leg: js/api.py:289-297
jetstream	jetstream.StreamState.NumDeleted	field	planned	present	present	mod: stream.py:492-522; leg: js/api.py:289-297
jetstream	jetstream.StreamState.NumSubjects	field	planned	present	missing	mod: first_ts/last_ts/num_subjects stream.py:507,510,524; leg: dropped
jetstream	jetstream.StreamState.Subjects	field	planned	present	present	mod: stream.py:492-522; leg: js/api.py:289-297
jetstream	jetstream.SubjectHeader	constant	planned	partial	partial	direct-get headers used as literals only: mod stream.py:1204-1222; leg js/manager.py:488-496; no exported constants
jetstream	jetstream.SubjectTransformConfig	type	planned	present	present	mod: SubjectTransform stream.py:100; leg: js/api.py:375
jetstream	jetstream.SubjectTransformConfig.Destination	field	planned	present	present	mod: src/dest stream.py:103-106; leg: js/api.py:378-379
jetstream	jetstream.SubjectTransformConfig.Source	field	planned	present	present	mod: src/dest stream.py:103-106; leg: js/api.py:378-379
jetstream	jetstream.Tier	type	planned	present	present	mod: __init__.py:119; leg: js/api.py:900
jetstream	jetstream.Tier.Consumers	field	planned	present	present	mod: __init__.py:122-126; leg: js/api.py:901-905
jetstream	jetstream.Tier.Limits	field	planned	present	present	mod: __init__.py:122-126; leg: js/api.py:901-905
jetstream	jetstream.Tier.Memory	field	planned	present	present	mod: __init__.py:122-126; leg: js/api.py:901-905
jetstream	jetstream.Tier.ReservedMemory	field	planned	missing	missing	per-tier reserved_* not modelled (mod has them only on AccountInfo __init__.py:161-163)
jetstream	jetstream.Tier.ReservedStore	field	planned	missing	missing	per-tier reserved_* not modelled (mod has them only on AccountInfo __init__.py:161-163)
jetstream	jetstream.Tier.Store	field	planned	present	present	mod: __init__.py:122-126; leg: js/api.py:901-905
jetstream	jetstream.Tier.Streams	field	planned	present	present	mod: __init__.py:122-126; leg: js/api.py:901-905
jetstream	jetstream.TimeStampHeaer	constant	planned	partial	partial	direct-get headers used as literals only: mod stream.py:1204-1222; leg js/manager.py:488-496; no exported constants
jetstream	jetstream.WithClientTrace	constructor	planned	missing	missing	no API request/response trace hooks
jetstream	jetstream.WithDefaultTimeout	constructor	planned	missing	present	leg: jetstream(timeout=) js/client.py:110
jetstream	jetstream.WithDeletedDetails	constructor	planned	present	missing	mod: get_info(deleted_details=) stream.py:1113; leg: stream_info has no deleted_details
jetstream	jetstream.WithExpectLastMsgID	constructor	implemented	missing	partial	mod: raw headers only, no constants; leg: Header.EXPECTED_* constants via headers=
jetstream	jetstream.WithExpectLastSequence	constructor	implemented	missing	partial	mod: raw headers only, no constants; leg: Header.EXPECTED_* constants via headers=
jetstream	jetstream.WithExpectLastSequenceForSubject	constructor	implemented	missing	missing	needs Nats-Expected-Last-Subject-Sequence-Subject, absent in both
jetstream	jetstream.WithExpectLastSequencePerSubject	constructor	implemented	missing	partial	mod: raw headers only, no constants; leg: Header.EXPECTED_* constants via headers=
jetstream	jetstream.WithExpectStream	constructor	implemented	missing	present	leg: publish(stream=) js/client.py:182
jetstream	jetstream.WithGetMsgSubject	constructor	planned	missing	present	mod: get_message(sequence) only stream.py:1283; leg: get_msg(seq, subject, next=True) next_by_subj js/manager.py:437
jetstream	jetstream.WithMessagesErrOnMissingHeartbeat	constructor	implemented	missing	missing	mod: missed heartbeats only log + silently end stream pull.py:458-493; no error surfaced
jetstream	jetstream.WithMsgID	constructor	implemented	missing	partial	mod: raw headers= only, no Msg-Id constant; leg: Header.MSG_ID via headers= (no option)
jetstream	jetstream.WithMsgTTL	constructor	implemented	missing	present	mod: raw headers only; leg: publish(msg_ttl=) js/client.py:184 (int seconds)
jetstream	jetstream.WithPublishAsyncAckHandler	constructor	implemented	missing	missing	no async ack/err callbacks
jetstream	jetstream.WithPublishAsyncErrHandler	constructor	implemented	missing	missing	no async ack/err callbacks
jetstream	jetstream.WithPublishAsyncMaxPending	constructor	implemented	missing	present	leg: publish_async_max_pending ctor arg js/client.py:111
jetstream	jetstream.WithPublishAsyncTimeout	constructor	implemented	missing	missing	leg futures never time out
jetstream	jetstream.WithPurgeKeep	constructor	planned	present	present	mod: purge(keep/sequence/filter) stream.py:1127; leg: purge_stream(keep/seq/subject) js/manager.py:146
jetstream	jetstream.WithPurgeSequence	constructor	planned	present	present	mod: purge(keep/sequence/filter) stream.py:1127; leg: purge_stream(keep/seq/subject) js/manager.py:146
jetstream	jetstream.WithPurgeSubject	constructor	planned	present	present	mod: purge(keep/sequence/filter) stream.py:1127; leg: purge_stream(keep/seq/subject) js/manager.py:146
jetstream	jetstream.WithRetryAttempts	constructor	implemented	present	missing	mod: publish(retry_attempts=, retry_wait=) __init__.py:287-288; leg: no retry on no-responders
jetstream	jetstream.WithRetryWait	constructor	implemented	present	missing	mod: publish(retry_attempts=, retry_wait=) __init__.py:287-288; leg: no retry on no-responders
jetstream	jetstream.WithScheduleAt	constructor	implemented	partial	partial	header constants only (mod headers.py; leg js/api.py:43-50); no option helpers
jetstream	jetstream.WithScheduleCron	constructor	implemented	partial	partial	header constants only (mod headers.py; leg js/api.py:43-50); no option helpers
jetstream	jetstream.WithScheduleEvery	constructor	implemented	partial	partial	header constants only (mod headers.py; leg js/api.py:43-50); no option helpers
jetstream	jetstream.WithScheduleRollup	constructor	implemented	partial	partial	header constants only (mod headers.py; leg js/api.py:43-50); no option helpers
jetstream	jetstream.WithScheduleSource	constructor	implemented	partial	partial	header constants only (mod headers.py; leg js/api.py:43-50); no option helpers
jetstream	jetstream.WithScheduleTTL	constructor	implemented	partial	partial	header constants only (mod headers.py; leg js/api.py:43-50); no option helpers
jetstream	jetstream.WithScheduleTTLNever	constructor	implemented	partial	partial	header constants only (mod headers.py; leg js/api.py:43-50); no option helpers
jetstream	jetstream.WithScheduleTarget	constructor	implemented	partial	partial	header constants only (mod headers.py; leg js/api.py:43-50); no option helpers
jetstream	jetstream.WithScheduleTimeZone	constructor	implemented	partial	partial	header constants only (mod headers.py; leg js/api.py:43-50); no option helpers
jetstream	jetstream.WithStallWait	constructor	implemented	missing	present	leg: publish_async(wait_stall=) js/client.py:226
jetstream	jetstream.WithStreamListSubject	constructor	planned	present	missing	mod: subject= on list_streams/stream_names __init__.py:361,392; leg: none
jetstream	jetstream.WithSubjectFilter	constructor	planned	present	present	mod: get_info(subjects_filter=) stream.py:1114; leg: stream_info(subjects_filter=) js/manager.py:85
jetstream	jetstream.WorkQueuePolicy	constant	planned	present	present	mod: stream.py:32; leg: js/api.py:308-310
kv+objectstore	jetstream.DeleteMarkersOlderThan	type	implemented	present	present	modern purge_deletes(older_than=timedelta, default 30m, <=0 removes all) nats-key-value/src/nats/key_value/__init__.py:590; legacy purge_deletes(olderthan=secs) nats/src/nats/js/kv.py:363
kv+objectstore	jetstream.ErrBadBucket	error	implemented	present	present	modern BadBucketError nats-key-value/src/nats/key_value/errors.py:42 (raised nats-key-value/src/nats/key_value/__init__.py:961); legacy BadBucketError nats/src/nats/js/errors.py:215 (raised nats/src/nats/js/client.py:1547)
kv+objectstore	jetstream.ErrBadObjectMeta	error	implemented	missing	present	no modern object store (nats-key-value + nats-jetstream have none); legacy BadObjectMetaError nats/src/nats/js/errors.py:303 (nats/src/nats/js/object_store.py:163,188)
kv+objectstore	jetstream.ErrBucketExists	error	implemented	present	missing	modern BucketExistsError nats-key-value/src/nats/key_value/errors.py:48 mapped from 10058 nats-key-value/src/nats/key_value/__init__.py:876; legacy create_key_value/create_object_store never map stream-exists (nats/src/nats/js/client.py:1608,1692) -> raw APIError
kv+objectstore	jetstream.ErrBucketMalformed	error	implemented	missing	missing	not defined anywhere
kv+objectstore	jetstream.ErrBucketNotFound	error	implemented	present	present	modern BucketNotFoundError nats-key-value/src/nats/key_value/errors.py:36 (nats-key-value/src/nats/key_value/__init__.py:957,1025,909); legacy BucketNotFoundError nats/src/nats/js/errors.py:207 (nats/src/nats/js/client.py:1545,1644; delete_* not mapped)
kv+objectstore	jetstream.ErrBucketRequired	error	implemented	missing	missing	empty bucket folded into InvalidBucketNameError (modern nats-key-value/src/nats/key_value/__init__.py:50; legacy VALID_BUCKET_RE nats/src/nats/js/client.py:1538)
kv+objectstore	jetstream.ErrCantGetBucket	error	implemented	missing	present	no modern object store (nats-key-value + nats-jetstream have none); legacy LinkIsABucketError nats/src/nats/js/errors.py:311 raised nats/src/nats/js/object_store.py:193
kv+objectstore	jetstream.ErrDigestMismatch	error	implemented	missing	present	no modern object store (nats-key-value + nats-jetstream have none); legacy DigestMismatchError nats/src/nats/js/errors.py:319 raised nats/src/nats/js/object_store.py:234
kv+objectstore	jetstream.ErrHistoryTooLarge	error	implemented	present	present	modern HistoryTooLargeError nats-key-value/src/nats/key_value/errors.py:54 (nats-key-value/src/nats/key_value/__init__.py:868); legacy KeyHistoryTooLargeError nats/src/nats/js/errors.py:274 (nats/src/nats/js/client.py:1577)
kv+objectstore	jetstream.ErrInvalidKey	error	implemented	present	present	modern InvalidKeyError nats-key-value/src/nats/key_value/errors.py:24; legacy InvalidKeyError nats/src/nats/js/errors.py:279 (legacy purge() skips validation nats/src/nats/js/kv.py:350)
kv+objectstore	jetstream.ErrInvalidStoreName	error	implemented	missing	partial	no modern object store (nats-key-value + nats-jetstream have none); legacy InvalidObjectNameError nats/src/nats/js/errors.py:295 is defined but never raised; invalid OBJ bucket raises InvalidBucketNameError nats/src/nats/js/client.py:1668
kv+objectstore	jetstream.ErrKeyDeleted	error	implemented	missing	present	modern: deleted keys surface as KeyNotFoundError nats-key-value/src/nats/key_value/__init__.py:414, no KeyDeleted type; legacy KeyDeletedError nats/src/nats/js/errors.py:227 (internal, get() maps to KeyNotFound nats/src/nats/js/kv.py:170 as Go does)
kv+objectstore	jetstream.ErrKeyExists	error	implemented	present	present	modern KeyExistsError nats-key-value/src/nats/key_value/errors.py:18 (maps 10071 only, not 10164) nats-key-value/src/nats/key_value/__init__.py:525; legacy named KeyWrongLastSequenceError nats/src/nats/js/errors.py:257 (maps 10071/10164 nats/src/nats/js/kv.py:308)
kv+objectstore	jetstream.ErrKeyNotFound	error	implemented	present	present	modern KeyNotFoundError nats-key-value/src/nats/key_value/errors.py:12; legacy KeyNotFoundError nats/src/nats/js/errors.py:240
kv+objectstore	jetstream.ErrKeyRevisionMismatch	error	implemented	missing	missing	not defined; revision/subject mismatch raises KeyNotFound (modern nats-key-value/src/nats/key_value/__init__.py:435; legacy nats/src/nats/js/kv.py:195)
kv+objectstore	jetstream.ErrKeyValueConfigRequired	error	implemented	missing	missing	not defined (modern config is a required positional arg nats-key-value/src/nats/key_value/__init__.py:850; legacy create_key_value(config=None) -> KeyError on params['bucket'] nats/src/nats/js/client.py:1566)
kv+objectstore	jetstream.ErrLinkNotAllowed	error	implemented	missing	missing	no modern object store (nats-key-value + nats-jetstream have none); legacy put() does not reject meta.options.link nats/src/nats/js/object_store.py:247-257
kv+objectstore	jetstream.ErrNoKeysFound	error	implemented	missing	present	modern keys() returns empty iterator, no error nats-key-value/src/nats/key_value/__init__.py:811; legacy NoKeysError nats/src/nats/js/errors.py:269 (nats/src/nats/js/kv.py:484)
kv+objectstore	jetstream.ErrNoObjectsFound	error	implemented	missing	partial	no modern object store (nats-key-value + nats-jetstream have none); legacy list() raises generic NotFoundError nats/src/nats/js/object_store.py:567
kv+objectstore	jetstream.ErrObjectAlreadyExists	error	implemented	missing	present	no modern object store (nats-key-value + nats-jetstream have none); legacy ObjectAlreadyExists nats/src/nats/js/errors.py:343 (nats/src/nats/js/object_store.py:388)
kv+objectstore	jetstream.ErrObjectConfigRequired	error	implemented	missing	missing	no modern object store (nats-key-value + nats-jetstream have none); not defined in legacy
kv+objectstore	jetstream.ErrObjectNotFound	error	implemented	missing	present	no modern object store (nats-key-value + nats-jetstream have none); legacy ObjectNotFoundError nats/src/nats/js/errors.py:327
kv+objectstore	jetstream.ErrObjectRequired	error	implemented	missing	missing	no modern object store (nats-key-value + nats-jetstream have none); legacy has no empty-name check
kv+objectstore	jetstream.ErrUpdateMetaDeleted	error	implemented	missing	present	no modern object store (nats-key-value + nats-jetstream have none); legacy ObjectDeletedError nats/src/nats/js/errors.py:335 raised by update_meta nats/src/nats/js/object_store.py:382
kv+objectstore	jetstream.GetMsgOpt	type	planned	n/a	n/a	stream get-msg option type; kwargs on Stream.get_message/get_last_message_for_subject (modern) / js.get_msg (legacy); covered by stream audit
kv+objectstore	jetstream.GetObjectDigestValue	function	implemented	missing	missing	no modern object store (nats-key-value + nats-jetstream have none); legacy computes 'SHA-256='+urlsafe_b64 inline in put nats/src/nats/js/object_store.py:322-325, no public helper
kv+objectstore	jetstream.GetObjectInfoOpt	type	planned	missing	n/a	no modern object store (nats-key-value + nats-jetstream have none); legacy kwargs show_deleted nats/src/nats/js/object_store.py:137
kv+objectstore	jetstream.GetObjectInfoShowDeleted	constructor	implemented	missing	present	no modern object store (nats-key-value + nats-jetstream have none); legacy get_info(show_deleted=) nats/src/nats/js/object_store.py:137,165
kv+objectstore	jetstream.GetObjectOpt	type	planned	missing	n/a	no modern object store (nats-key-value + nats-jetstream have none); legacy kwargs nats/src/nats/js/object_store.py:177
kv+objectstore	jetstream.GetObjectShowDeleted	constructor	implemented	missing	present	no modern object store (nats-key-value + nats-jetstream have none); legacy get(show_deleted=) nats/src/nats/js/object_store.py:177,185
kv+objectstore	jetstream.IgnoreDeletes	constructor	implemented	present	present	modern watch(ignore_deletes=) nats-key-value/src/nats/key_value/__init__.py:654,285; legacy watch(ignore_deletes=) nats/src/nats/js/kv.py:514,554
kv+objectstore	jetstream.IncludeHistory	constructor	implemented	present	present	modern nats-key-value/src/nats/key_value/__init__.py:653 (deliver all); legacy nats/src/nats/js/kv.py:513,578
kv+objectstore	jetstream.KVCreateOpt	type	planned	n/a	n/a	functional-option type; Python uses keyword args
kv+objectstore	jetstream.KVDeleteOpt	type	planned	n/a	n/a	functional-option type; Python uses keyword args
kv+objectstore	jetstream.KVPurgeOpt	type	planned	n/a	n/a	functional-option type; Python uses keyword args
kv+objectstore	jetstream.KeyLister	type	planned	present	missing	modern KeyLister async iterator nats-key-value/src/nats/key_value/__init__.py:343; legacy keys() returns a list only nats/src/nats/js/kv.py:447
kv+objectstore	jetstream.KeyLister.Keys	method	implemented	present	missing	modern async-for over KeyLister nats-key-value/src/nats/key_value/__init__.py:352 (only checks KV-Operation header, so server Nats-Marker-Reason markers are listed as live keys nats-key-value/src/nats/key_value/__init__.py:364-368); legacy none
kv+objectstore	jetstream.KeyLister.Stop	method	implemented	missing	missing	modern KeyLister has no stop/close; consumer never closed if abandoned nats-key-value/src/nats/key_value/__init__.py:343-378; legacy none
kv+objectstore	jetstream.KeyTTL	constructor	implemented	present	present	modern create(ttl=timedelta) -> Nats-TTL nats-key-value/src/nats/key_value/__init__.py:467,519; legacy create(msg_ttl=secs) nats/src/nats/js/kv.py:233
kv+objectstore	jetstream.KeyValue	type	planned	present	present	modern class KeyValue nats-key-value/src/nats/key_value/__init__.py:381; legacy KeyValue nats/src/nats/js/kv.py:55
kv+objectstore	jetstream.KeyValue.Bucket	method	implemented	present	missing	modern .bucket property nats-key-value/src/nats/key_value/__init__.py:391; legacy only private _name nats/src/nats/js/kv.py:146
kv+objectstore	jetstream.KeyValue.Create	method	implemented	present	present	modern create(key,value,ttl=) re-create over delete marker nats-key-value/src/nats/key_value/__init__.py:467; legacy create(msg_ttl=) nats/src/nats/js/kv.py:233
kv+objectstore	jetstream.KeyValue.Delete	method	implemented	present	present	modern delete(last_revision=) nats-key-value/src/nats/key_value/__init__.py:531; legacy delete(last=) nats/src/nats/js/kv.py:314 (wrong-last-seq not mapped to KeyWrongLastSequenceError)
kv+objectstore	jetstream.KeyValue.Get	method	implemented	present	present	modern nats-key-value/src/nats/key_value/__init__.py:396; legacy nats/src/nats/js/kv.py:160 (entry created/delta/operation are None)
kv+objectstore	jetstream.KeyValue.GetRevision	method	implemented	present	present	get(key, revision=) modern nats-key-value/src/nats/key_value/__init__.py:396,425; legacy nats/src/nats/js/kv.py:160,178
kv+objectstore	jetstream.KeyValue.History	method	implemented	partial	partial	modern history() returns async iterator, no WatchOpts (ignore_deletes/meta_only), empty -> empty iterator not KeyNotFound nats-key-value/src/nats/key_value/__init__.py:818; legacy returns list but raises NoKeysError (Go: ErrKeyNotFound), no opts nats/src/nats/js/kv.py:488
kv+objectstore	jetstream.KeyValue.Keys	method	implemented	partial	present	modern keys(pattern) returns KeyLister (no list form, no ErrNoKeysFound, no WatchOpts) nats-key-value/src/nats/key_value/__init__.py:786; legacy keys() -> list + NoKeysError nats/src/nats/js/kv.py:447
kv+objectstore	jetstream.KeyValue.ListKeys	method	implemented	present	missing	modern keys() lister nats-key-value/src/nats/key_value/__init__.py:786; legacy has only list-returning keys()
kv+objectstore	jetstream.KeyValue.ListKeysFiltered	method	implemented	partial	partial	modern keys() takes ONE subject pattern, not a list nats-key-value/src/nats/key_value/__init__.py:786; legacy keys(filters=[...]) does client-side SUBSTRING match (any(f in key)), not subject wildcards, over a full scan nats/src/nats/js/kv.py:475
kv+objectstore	jetstream.KeyValue.Purge	method	implemented	present	partial	modern purge(last_revision=, ttl=) nats-key-value/src/nats/key_value/__init__.py:557; legacy purge(msg_ttl=) has no last-revision option and no key validation nats/src/nats/js/kv.py:350
kv+objectstore	jetstream.KeyValue.PurgeDeletes	method	implemented	present	present	modern nats-key-value/src/nats/key_value/__init__.py:590; legacy nats/src/nats/js/kv.py:363
kv+objectstore	jetstream.KeyValue.Put	method	implemented	present	present	modern nats-key-value/src/nats/key_value/__init__.py:448 (no JS-domain API prefix for mutations); legacy nats/src/nats/js/kv.py:216 (domain prefix nats/src/nats/js/kv.py:156)
kv+objectstore	jetstream.KeyValue.PutString	method	implemented	missing	missing	no str overload; put() takes bytes (caller must .encode())
kv+objectstore	jetstream.KeyValue.Status	method	implemented	present	present	modern status() nats-key-value/src/nats/key_value/__init__.py:624; legacy status() nats/src/nats/js/kv.py:387 (BucketStatus fields limited)
kv+objectstore	jetstream.KeyValue.Update	method	implemented	present	present	modern update(key,value,revision) nats-key-value/src/nats/key_value/__init__.py:496; legacy update(key,value,last=) nats/src/nats/js/kv.py:273
kv+objectstore	jetstream.KeyValue.Watch	method	implemented	present	present	modern watch(keys, include_history, ignore_deletes, meta_only, updates_only, resume_from_revision) nats-key-value/src/nats/key_value/__init__.py:649; legacy watch(keys, include_history, ignore_deletes, meta_only, inactive_threshold) nats/src/nats/js/kv.py:509 -- no updates_only/resume
kv+objectstore	jetstream.KeyValue.WatchAll	method	implemented	present	present	modern nats-key-value/src/nats/key_value/__init__.py:763; legacy watchall(**kw) nats/src/nats/js/kv.py:441
kv+objectstore	jetstream.KeyValue.WatchFiltered	method	implemented	present	missing	modern watch_filtered(list) multi filter_subjects nats-key-value/src/nats/key_value/__init__.py:681; legacy single subject only
kv+objectstore	jetstream.KeyValueBucketStatus	type	planned	present	present	modern KeyValueStatus dataclass nats-key-value/src/nats/key_value/__init__.py:181; legacy KeyValue.BucketStatus nats/src/nats/js/kv.py:99
kv+objectstore	jetstream.KeyValueBucketStatus.BackingStore	method	implemented	present	missing	modern backing_store='JetStream' nats-key-value/src/nats/key_value/__init__.py:199,642; legacy BucketStatus has no backing_store nats/src/nats/js/kv.py:99-136
kv+objectstore	jetstream.KeyValueBucketStatus.Bucket	method	implemented	present	present	modern nats-key-value/src/nats/key_value/__init__.py:184; legacy nats/src/nats/js/kv.py:105
kv+objectstore	jetstream.KeyValueBucketStatus.Bytes	method	implemented	present	missing	modern bytes nats-key-value/src/nats/key_value/__init__.py:196; legacy only via stream_info.state.bytes
kv+objectstore	jetstream.KeyValueBucketStatus.Config	method	implemented	missing	missing	no KeyValueConfig reconstruction from stream config in either
kv+objectstore	jetstream.KeyValueBucketStatus.History	method	implemented	present	present	modern nats-key-value/src/nats/key_value/__init__.py:190; legacy property nats/src/nats/js/kv.py:115
kv+objectstore	jetstream.KeyValueBucketStatus.IsCompressed	method	implemented	present	missing	modern compressed nats-key-value/src/nats/key_value/__init__.py:202,634; legacy none
kv+objectstore	jetstream.KeyValueBucketStatus.LimitMarkerTTL	method	implemented	present	present	modern limit_marker_ttl nats-key-value/src/nats/key_value/__init__.py:205; legacy marker_ttl nats/src/nats/js/kv.py:131
kv+objectstore	jetstream.KeyValueBucketStatus.Metadata	method	implemented	present	missing	modern metadata nats-key-value/src/nats/key_value/__init__.py:208; legacy none
kv+objectstore	jetstream.KeyValueBucketStatus.StreamInfo	method	implemented	present	present	modern stream_info nats-key-value/src/nats/key_value/__init__.py:211; legacy stream_info nats/src/nats/js/kv.py:104
kv+objectstore	jetstream.KeyValueBucketStatus.TTL	method	implemented	present	present	modern nats-key-value/src/nats/key_value/__init__.py:193; legacy nats/src/nats/js/kv.py:122
kv+objectstore	jetstream.KeyValueBucketStatus.Values	method	implemented	present	present	modern nats-key-value/src/nats/key_value/__init__.py:187; legacy nats/src/nats/js/kv.py:108
kv+objectstore	jetstream.KeyValueConfig	type	planned	present	present	modern dataclass nats-key-value/src/nats/key_value/__init__.py:131; legacy api.KeyValueConfig nats/src/nats/js/api.py:983 (missing fields)
kv+objectstore	jetstream.KeyValueConfig.Bucket	field	planned	present	present	modern nats-key-value/src/nats/key_value/__init__.py:134; legacy nats/src/nats/js/api.py:988
kv+objectstore	jetstream.KeyValueConfig.Compression	field	planned	present	missing	modern compression->s2 nats-key-value/src/nats/key_value/__init__.py:158,1039; legacy KeyValueConfig has no compression nats/src/nats/js/api.py:983-999
kv+objectstore	jetstream.KeyValueConfig.Description	field	planned	present	present	modern nats-key-value/src/nats/key_value/__init__.py:137; legacy nats/src/nats/js/api.py:989
kv+objectstore	jetstream.KeyValueConfig.History	field	planned	present	present	modern nats-key-value/src/nats/key_value/__init__.py:143; legacy nats/src/nats/js/api.py:991
kv+objectstore	jetstream.KeyValueConfig.LimitMarkerTTL	field	planned	present	present	modern -> subject_delete_marker_ttl + allow_msg_ttl nats-key-value/src/nats/key_value/__init__.py:173,1054,1065; legacy nats/src/nats/js/api.py:999 (nats/src/nats/js/client.py:1580-1585, checks API level)
kv+objectstore	jetstream.KeyValueConfig.MaxBytes	field	planned	present	present	modern nats-key-value/src/nats/key_value/__init__.py:149; legacy nats/src/nats/js/api.py:993
kv+objectstore	jetstream.KeyValueConfig.MaxValueSize	field	planned	present	present	modern nats-key-value/src/nats/key_value/__init__.py:140; legacy nats/src/nats/js/api.py:990
kv+objectstore	jetstream.KeyValueConfig.Metadata	field	planned	present	missing	modern nats-key-value/src/nats/key_value/__init__.py:176,1066; legacy none
kv+objectstore	jetstream.KeyValueConfig.Mirror	field	planned	partial	missing	modern field passed raw nats-key-value/src/nats/key_value/__init__.py:167,1063 -- but subjects are still set (nats-key-value/src/nats/key_value/__init__.py:1045), origin name not KV_-prefixed, no mirror_direct, reads/writes not redirected to origin on bind (Go kv.go mirror handling); legacy none
kv+objectstore	jetstream.KeyValueConfig.Placement	field	planned	present	partial	modern nats-key-value/src/nats/key_value/__init__.py:161,1061; legacy field exists nats/src/nats/js/api.py:996 but create_key_value never passes it to StreamConfig nats/src/nats/js/client.py:1587-1607
kv+objectstore	jetstream.KeyValueConfig.RePublish	field	planned	present	present	modern nats-key-value/src/nats/key_value/__init__.py:164; legacy nats/src/nats/js/api.py:997 (nats/src/nats/js/client.py:1605)
kv+objectstore	jetstream.KeyValueConfig.Replicas	field	planned	present	present	modern nats-key-value/src/nats/key_value/__init__.py:155; legacy nats/src/nats/js/api.py:995
kv+objectstore	jetstream.KeyValueConfig.Sources	field	planned	partial	missing	modern list passed raw nats-key-value/src/nats/key_value/__init__.py:170,1064 -- no KV_ name prefixing / $KV subject_transforms for source buckets (Go kv.go sources handling); legacy none
kv+objectstore	jetstream.KeyValueConfig.Storage	field	planned	present	present	modern nats-key-value/src/nats/key_value/__init__.py:152; legacy nats/src/nats/js/api.py:994
kv+objectstore	jetstream.KeyValueConfig.TTL	field	planned	present	present	modern timedelta nats-key-value/src/nats/key_value/__init__.py:146; legacy float secs nats/src/nats/js/api.py:992
kv+objectstore	jetstream.KeyValueDelete	constant	implemented	present	partial	modern KeyValueOp.DELETE nats-key-value/src/nats/key_value/__init__.py:100; legacy only header-token string KV_DEL nats/src/nats/js/kv.py:32
kv+objectstore	jetstream.KeyValueEntry	type	planned	present	present	modern dataclass nats-key-value/src/nats/key_value/__init__.py:105; legacy KeyValue.Entry nats/src/nats/js/kv.py:85
kv+objectstore	jetstream.KeyValueEntry.Bucket	method	implemented	present	present	modern nats-key-value/src/nats/key_value/__init__.py:108; legacy nats/src/nats/js/kv.py:90
kv+objectstore	jetstream.KeyValueEntry.Created	method	implemented	present	partial	modern datetime nats-key-value/src/nats/key_value/__init__.py:120; legacy None from get() (nats/src/nats/js/kv.py:204), datetime only from watch
kv+objectstore	jetstream.KeyValueEntry.Delta	method	implemented	present	partial	modern nats-key-value/src/nats/key_value/__init__.py:123 (0 on get); legacy None from get() nats/src/nats/js/kv.py:203
kv+objectstore	jetstream.KeyValueEntry.Key	method	implemented	present	present	modern nats-key-value/src/nats/key_value/__init__.py:111; legacy nats/src/nats/js/kv.py:91
kv+objectstore	jetstream.KeyValueEntry.Operation	method	implemented	present	partial	modern KeyValueOp nats-key-value/src/nats/key_value/__init__.py:126; legacy None for PUT, raw 'DEL'/'PURGE' strings nats/src/nats/js/kv.py:205,533
kv+objectstore	jetstream.KeyValueEntry.Revision	method	implemented	present	present	modern nats-key-value/src/nats/key_value/__init__.py:117; legacy nats/src/nats/js/kv.py:93
kv+objectstore	jetstream.KeyValueEntry.Value	method	implemented	present	present	modern nats-key-value/src/nats/key_value/__init__.py:114; legacy nats/src/nats/js/kv.py:92
kv+objectstore	jetstream.KeyValueLister	type	planned	present	missing	modern key_value_buckets() async generator nats-key-value/src/nats/key_value/__init__.py:980; legacy none
kv+objectstore	jetstream.KeyValueLister.Error	method	implemented	n/a	missing	modern: errors raise from the async iterator; legacy no lister
kv+objectstore	jetstream.KeyValueLister.Status	method	implemented	present	missing	modern yields KeyValueStatus nats-key-value/src/nats/key_value/__init__.py:993; legacy none
kv+objectstore	jetstream.KeyValueManager	type	planned	present	partial	modern module-level functions nats-key-value/src/nats/key_value/__init__.py:850-1025; legacy JetStreamContext has only key_value/create_key_value/delete_key_value nats/src/nats/js/client.py:1537-1628
kv+objectstore	jetstream.KeyValueManager.CreateKeyValue	method	implemented	present	present	modern create_key_value nats-key-value/src/nats/key_value/__init__.py:850; legacy create_key_value nats/src/nats/js/client.py:1557 (drops compression/mirror/sources/metadata/placement; no BucketExists)
kv+objectstore	jetstream.KeyValueManager.CreateOrUpdateKeyValue	method	implemented	present	missing	modern nats-key-value/src/nats/key_value/__init__.py:915; legacy none
kv+objectstore	jetstream.KeyValueManager.DeleteKeyValue	method	implemented	present	present	modern nats-key-value/src/nats/key_value/__init__.py:1007; legacy nats/src/nats/js/client.py:1619
kv+objectstore	jetstream.KeyValueManager.KeyValue	method	implemented	present	present	modern key_value nats-key-value/src/nats/key_value/__init__.py:935; legacy nats/src/nats/js/client.py:1537
kv+objectstore	jetstream.KeyValueManager.KeyValueStoreNames	method	implemented	present	missing	modern key_value_bucket_names nats-key-value/src/nats/key_value/__init__.py:966; legacy none
kv+objectstore	jetstream.KeyValueManager.KeyValueStores	method	implemented	present	missing	modern key_value_buckets nats-key-value/src/nats/key_value/__init__.py:980; legacy none
kv+objectstore	jetstream.KeyValueManager.UpdateKeyValue	method	implemented	present	missing	modern update_key_value nats-key-value/src/nats/key_value/__init__.py:883; legacy none
kv+objectstore	jetstream.KeyValueMaxHistory	constant	implemented	present	present	modern KV_MAX_HISTORY nats-key-value/src/nats/key_value/__init__.py:44 (not in __all__); legacy KV_MAX_HISTORY nats/src/nats/js/client.py:72
kv+objectstore	jetstream.KeyValueNamesLister	type	planned	present	missing	modern key_value_bucket_names() nats-key-value/src/nats/key_value/__init__.py:966; legacy none
kv+objectstore	jetstream.KeyValueNamesLister.Error	method	implemented	n/a	missing	modern: errors raise from the async iterator; legacy no lister
kv+objectstore	jetstream.KeyValueNamesLister.Name	method	implemented	present	missing	modern nats-key-value/src/nats/key_value/__init__.py:975; legacy none
kv+objectstore	jetstream.KeyValueOp	type	implemented	present	partial	modern Enum nats-key-value/src/nats/key_value/__init__.py:96; legacy plain strings/None
kv+objectstore	jetstream.KeyValueOp.String	method	implemented	partial	missing	modern Enum value is header token ('PUT','DEL','PURGE'), not Go's 'KeyValuePutOp' names; no __str__ override nats-key-value/src/nats/key_value/__init__.py:96
kv+objectstore	jetstream.KeyValuePurge	constant	implemented	present	partial	modern KeyValueOp.PURGE nats-key-value/src/nats/key_value/__init__.py:101; legacy string KV_PURGE nats/src/nats/js/kv.py:33
kv+objectstore	jetstream.KeyValuePut	constant	implemented	present	missing	modern KeyValueOp.PUT nats-key-value/src/nats/key_value/__init__.py:99; legacy PUT entries have operation=None nats/src/nats/js/kv.py:533-567,205
kv+objectstore	jetstream.KeyValueStatus	type	planned	present	present	same types as KeyValueBucketStatus
kv+objectstore	jetstream.KeyValueStatus.BackingStore	method	implemented	present	missing	modern backing_store='JetStream' nats-key-value/src/nats/key_value/__init__.py:199,642; legacy BucketStatus has no backing_store nats/src/nats/js/kv.py:99-136
kv+objectstore	jetstream.KeyValueStatus.Bucket	method	implemented	present	present	modern nats-key-value/src/nats/key_value/__init__.py:184; legacy nats/src/nats/js/kv.py:105
kv+objectstore	jetstream.KeyValueStatus.Bytes	method	implemented	present	missing	modern bytes nats-key-value/src/nats/key_value/__init__.py:196; legacy only via stream_info.state.bytes
kv+objectstore	jetstream.KeyValueStatus.Config	method	implemented	missing	missing	no KeyValueConfig reconstruction from stream config in either
kv+objectstore	jetstream.KeyValueStatus.History	method	implemented	present	present	modern nats-key-value/src/nats/key_value/__init__.py:190; legacy property nats/src/nats/js/kv.py:115
kv+objectstore	jetstream.KeyValueStatus.IsCompressed	method	implemented	present	missing	modern compressed nats-key-value/src/nats/key_value/__init__.py:202,634; legacy none
kv+objectstore	jetstream.KeyValueStatus.LimitMarkerTTL	method	implemented	present	present	modern limit_marker_ttl nats-key-value/src/nats/key_value/__init__.py:205; legacy marker_ttl nats/src/nats/js/kv.py:131
kv+objectstore	jetstream.KeyValueStatus.Metadata	method	implemented	present	missing	modern metadata nats-key-value/src/nats/key_value/__init__.py:208; legacy none
kv+objectstore	jetstream.KeyValueStatus.TTL	method	implemented	present	present	modern nats-key-value/src/nats/key_value/__init__.py:193; legacy nats/src/nats/js/kv.py:122
kv+objectstore	jetstream.KeyValueStatus.Values	method	implemented	present	present	modern nats-key-value/src/nats/key_value/__init__.py:187; legacy nats/src/nats/js/kv.py:108
kv+objectstore	jetstream.KeyWatcher	type	planned	present	present	modern KeyWatcher nats-key-value/src/nats/key_value/__init__.py:215; legacy KeyValue.KeyWatcher nats/src/nats/js/kv.py:394
kv+objectstore	jetstream.KeyWatcher.Stop	method	implemented	present	present	modern stop() nats-key-value/src/nats/key_value/__init__.py:259; legacy stop() nats/src/nats/js/kv.py:407
kv+objectstore	jetstream.KeyWatcher.Updates	method	implemented	present	present	modern async iteration + at_eod()/values()/updates() instead of nil marker nats-key-value/src/nats/key_value/__init__.py:243-269; legacy updates(timeout) + async iter, None init marker nats/src/nats/js/kv.py:422
kv+objectstore	jetstream.ListObjectsOpt	type	planned	missing	n/a	no modern object store (nats-key-value + nats-jetstream have none); legacy kwargs nats/src/nats/js/object_store.py:548
kv+objectstore	jetstream.ListObjectsShowDeleted	constructor	implemented	missing	partial	no modern object store (nats-key-value + nats-jetstream have none); legacy list(ignore_deletes=False) nats/src/nats/js/object_store.py:548 -- inverted default: deleted objects are SHOWN unless ignore_deletes=True (Go hides by default)
kv+objectstore	jetstream.MetaOnly	constructor	implemented	present	present	modern headers_only + value=b'' nats-key-value/src/nats/key_value/__init__.py:745,293; legacy headers_only nats/src/nats/js/kv.py:515,591
kv+objectstore	jetstream.ObjectBucketStatus	type	planned	missing	present	no modern object store (nats-key-value + nats-jetstream have none); legacy ObjectStore.ObjectStoreStatus nats/src/nats/js/object_store.py:72
kv+objectstore	jetstream.ObjectBucketStatus.BackingStore	method	implemented	missing	missing	no modern object store (nats-key-value + nats-jetstream have none); legacy no backing_store
kv+objectstore	jetstream.ObjectBucketStatus.Bucket	method	implemented	missing	present	no modern object store (nats-key-value + nats-jetstream have none); legacy bucket nats/src/nats/js/object_store.py:78
kv+objectstore	jetstream.ObjectBucketStatus.Description	method	implemented	missing	present	no modern object store (nats-key-value + nats-jetstream have none); legacy nats/src/nats/js/object_store.py:81
kv+objectstore	jetstream.ObjectBucketStatus.IsCompressed	method	implemented	missing	missing	no modern object store (nats-key-value + nats-jetstream have none); legacy no compression support
kv+objectstore	jetstream.ObjectBucketStatus.Metadata	method	implemented	missing	missing	no modern object store (nats-key-value + nats-jetstream have none); legacy no metadata
kv+objectstore	jetstream.ObjectBucketStatus.Replicas	method	implemented	missing	present	no modern object store (nats-key-value + nats-jetstream have none); legacy nats/src/nats/js/object_store.py:104
kv+objectstore	jetstream.ObjectBucketStatus.Sealed	method	implemented	missing	present	no modern object store (nats-key-value + nats-jetstream have none); legacy nats/src/nats/js/object_store.py:111
kv+objectstore	jetstream.ObjectBucketStatus.Size	method	implemented	missing	present	no modern object store (nats-key-value + nats-jetstream have none); legacy nats/src/nats/js/object_store.py:118
kv+objectstore	jetstream.ObjectBucketStatus.Storage	method	implemented	missing	present	no modern object store (nats-key-value + nats-jetstream have none); legacy storage_type nats/src/nats/js/object_store.py:97
kv+objectstore	jetstream.ObjectBucketStatus.StreamInfo	method	implemented	missing	present	no modern object store (nats-key-value + nats-jetstream have none); legacy stream_info field nats/src/nats/js/object_store.py:77
kv+objectstore	jetstream.ObjectBucketStatus.TTL	method	implemented	missing	present	no modern object store (nats-key-value + nats-jetstream have none); legacy nats/src/nats/js/object_store.py:88
kv+objectstore	jetstream.ObjectInfo	type	planned	missing	present	no modern object store (nats-key-value + nats-jetstream have none); legacy api.ObjectInfo nats/src/nats/js/api.py:1089
kv+objectstore	jetstream.ObjectInfo.Bucket	field	planned	missing	present	no modern object store (nats-key-value + nats-jetstream have none); legacy nats/src/nats/js/api.py:1095
kv+objectstore	jetstream.ObjectInfo.Chunks	field	planned	missing	present	no modern object store (nats-key-value + nats-jetstream have none); legacy nats/src/nats/js/api.py:1099
kv+objectstore	jetstream.ObjectInfo.Deleted	field	planned	missing	present	no modern object store (nats-key-value + nats-jetstream have none); legacy nats/src/nats/js/api.py:1101
kv+objectstore	jetstream.ObjectInfo.Digest	field	planned	missing	present	no modern object store (nats-key-value + nats-jetstream have none); legacy nats/src/nats/js/api.py:1100
kv+objectstore	jetstream.ObjectInfo.ModTime	field	planned	missing	partial	no modern object store (nats-key-value + nats-jetstream have none); legacy mtime ISO string nats/src/nats/js/api.py:1098, set client-side in put; get_info never fills from msg time (TODO nats/src/nats/js/object_store.py:168)
kv+objectstore	jetstream.ObjectInfo.NUID	field	planned	missing	present	no modern object store (nats-key-value + nats-jetstream have none); legacy nats/src/nats/js/api.py:1096
kv+objectstore	jetstream.ObjectInfo.ObjectMeta	field	planned	missing	present	no modern object store (nats-key-value + nats-jetstream have none); legacy flattened name/description/headers/options + .meta property nats/src/nats/js/api.py:1102-1116
kv+objectstore	jetstream.ObjectInfo.Size	field	planned	missing	present	no modern object store (nats-key-value + nats-jetstream have none); legacy nats/src/nats/js/api.py:1097
kv+objectstore	jetstream.ObjectLink	type	planned	missing	present	no modern object store (nats-key-value + nats-jetstream have none); legacy api.ObjectLink nats/src/nats/js/api.py:1043
kv+objectstore	jetstream.ObjectLink.Bucket	field	planned	missing	present	no modern object store (nats-key-value + nats-jetstream have none); legacy nats/src/nats/js/api.py:1049
kv+objectstore	jetstream.ObjectLink.Name	field	planned	missing	present	no modern object store (nats-key-value + nats-jetstream have none); legacy nats/src/nats/js/api.py:1052
kv+objectstore	jetstream.ObjectMeta	type	planned	missing	present	no modern object store (nats-key-value + nats-jetstream have none); legacy api.ObjectMeta nats/src/nats/js/api.py:1071
kv+objectstore	jetstream.ObjectMeta.Description	field	planned	missing	present	no modern object store (nats-key-value + nats-jetstream have none); legacy nats/src/nats/js/api.py:1077
kv+objectstore	jetstream.ObjectMeta.Headers	field	planned	missing	present	no modern object store (nats-key-value + nats-jetstream have none); legacy plain dict nats/src/nats/js/api.py:1078
kv+objectstore	jetstream.ObjectMeta.Metadata	field	planned	missing	missing	no modern object store (nats-key-value + nats-jetstream have none); legacy ObjectMeta/ObjectInfo have no metadata field nats/src/nats/js/api.py:1071-1105
kv+objectstore	jetstream.ObjectMeta.Name	field	planned	missing	present	no modern object store (nats-key-value + nats-jetstream have none); legacy nats/src/nats/js/api.py:1076
kv+objectstore	jetstream.ObjectMeta.Opts	field	planned	missing	present	no modern object store (nats-key-value + nats-jetstream have none); legacy options nats/src/nats/js/api.py:1080
kv+objectstore	jetstream.ObjectMetaOptions	type	planned	missing	present	no modern object store (nats-key-value + nats-jetstream have none); legacy nats/src/nats/js/api.py:1060
kv+objectstore	jetstream.ObjectMetaOptions.ChunkSize	field	planned	missing	present	no modern object store (nats-key-value + nats-jetstream have none); legacy max_chunk_size nats/src/nats/js/api.py:1062 honored in put nats/src/nats/js/object_store.py:299 (default 128KiB nats/src/nats/js/object_store.py:50)
kv+objectstore	jetstream.ObjectMetaOptions.Link	field	planned	missing	present	no modern object store (nats-key-value + nats-jetstream have none); legacy nats/src/nats/js/api.py:1061 (read-only: followed in get, cannot be created)
kv+objectstore	jetstream.ObjectResult	type	planned	missing	partial	no modern object store (nats-key-value + nats-jetstream have none); legacy ObjectResult dataclass(info, data) nats/src/nats/js/object_store.py:63 -- fully buffered bytes, not a streaming reader
kv+objectstore	jetstream.ObjectResult.Error	method	implemented	missing	n/a	no modern object store (nats-key-value + nats-jetstream have none); legacy: errors raised directly
kv+objectstore	jetstream.ObjectResult.Info	method	implemented	missing	present	no modern object store (nats-key-value + nats-jetstream have none); legacy .info nats/src/nats/js/object_store.py:68
kv+objectstore	jetstream.ObjectStore	type	planned	missing	present	no modern object store (nats-key-value + nats-jetstream have none); legacy ObjectStore nats/src/nats/js/object_store.py:55
kv+objectstore	jetstream.ObjectStore.AddBucketLink	method	implemented	missing	missing	no modern object store (nats-key-value + nats-jetstream have none); legacy: no link creation API (grep add_link: none)
kv+objectstore	jetstream.ObjectStore.AddLink	method	implemented	missing	missing	no modern object store (nats-key-value + nats-jetstream have none); legacy: no link creation API
kv+objectstore	jetstream.ObjectStore.Delete	method	implemented	missing	present	no modern object store (nats-key-value + nats-jetstream have none); legacy delete nats/src/nats/js/object_store.py:511
kv+objectstore	jetstream.ObjectStore.Get	method	implemented	missing	present	no modern object store (nats-key-value + nats-jetstream have none); legacy get(name, writeinto=, show_deleted=) nats/src/nats/js/object_store.py:173 (follows single-object links, digest check)
kv+objectstore	jetstream.ObjectStore.GetBytes	method	implemented	missing	partial	no modern object store (nats-key-value + nats-jetstream have none); legacy only via get().data nats/src/nats/js/object_store.py:69
kv+objectstore	jetstream.ObjectStore.GetFile	method	implemented	missing	partial	no modern object store (nats-key-value + nats-jetstream have none); legacy get(writeinto=<file object>) nats/src/nats/js/object_store.py:176,209 -- no path-based API
kv+objectstore	jetstream.ObjectStore.GetInfo	method	implemented	missing	present	no modern object store (nats-key-value + nats-jetstream have none); legacy get_info nats/src/nats/js/object_store.py:134
kv+objectstore	jetstream.ObjectStore.GetString	method	implemented	missing	partial	no modern object store (nats-key-value + nats-jetstream have none); legacy only via get().data.decode()
kv+objectstore	jetstream.ObjectStore.List	method	implemented	missing	present	no modern object store (nats-key-value + nats-jetstream have none); legacy list(ignore_deletes=) nats/src/nats/js/object_store.py:548 (raises NotFoundError when empty)
kv+objectstore	jetstream.ObjectStore.Put	method	implemented	missing	present	no modern object store (nats-key-value + nats-jetstream have none); legacy put(name, data|reader, meta) nats/src/nats/js/object_store.py:238 (no name validation, no link rejection)
kv+objectstore	jetstream.ObjectStore.PutBytes	method	implemented	missing	present	no modern object store (nats-key-value + nats-jetstream have none); legacy put(name, bytes) nats/src/nats/js/object_store.py:277
kv+objectstore	jetstream.ObjectStore.PutFile	method	implemented	missing	partial	no modern object store (nats-key-value + nats-jetstream have none); legacy put() accepts an open file object, not a path nats/src/nats/js/object_store.py:279-283
kv+objectstore	jetstream.ObjectStore.PutString	method	implemented	missing	present	no modern object store (nats-key-value + nats-jetstream have none); legacy put(name, str) nats/src/nats/js/object_store.py:275
kv+objectstore	jetstream.ObjectStore.Seal	method	implemented	missing	present	no modern object store (nats-key-value + nats-jetstream have none); legacy seal nats/src/nats/js/object_store.py:361
kv+objectstore	jetstream.ObjectStore.Status	method	implemented	missing	present	no modern object store (nats-key-value + nats-jetstream have none); legacy status nats/src/nats/js/object_store.py:353
kv+objectstore	jetstream.ObjectStore.UpdateMeta	method	implemented	missing	partial	no modern object store (nats-key-value + nats-jetstream have none); legacy update_meta nats/src/nats/js/object_store.py:370 -- rename is broken: existence check re-reads the OLD name (nats/src/nats/js/object_store.py:386) so any rename raises ObjectAlreadyExists, and meta is published under the old subject then that subject is purged (nats/src/nats/js/object_store.py:395-412); no metadata
kv+objectstore	jetstream.ObjectStore.Watch	method	implemented	missing	present	no modern object store (nats-key-value + nats-jetstream have none); legacy watch(ignore_deletes, include_history, meta_only, updates_only) nats/src/nats/js/object_store.py:453 (meta_only accepted but ignored)
kv+objectstore	jetstream.ObjectStoreConfig	type	planned	missing	present	no modern object store (nats-key-value + nats-jetstream have none); legacy api.ObjectStoreConfig nats/src/nats/js/api.py:1023
kv+objectstore	jetstream.ObjectStoreConfig.Bucket	field	planned	missing	present	no modern object store (nats-key-value + nats-jetstream have none); legacy nats/src/nats/js/api.py:1028
kv+objectstore	jetstream.ObjectStoreConfig.Compression	field	planned	missing	missing	no modern object store (nats-key-value + nats-jetstream have none); legacy none
kv+objectstore	jetstream.ObjectStoreConfig.Description	field	planned	missing	present	no modern object store (nats-key-value + nats-jetstream have none); legacy nats/src/nats/js/api.py:1029
kv+objectstore	jetstream.ObjectStoreConfig.MaxBytes	field	planned	missing	present	no modern object store (nats-key-value + nats-jetstream have none); legacy nats/src/nats/js/api.py:1031
kv+objectstore	jetstream.ObjectStoreConfig.Metadata	field	planned	missing	missing	no modern object store (nats-key-value + nats-jetstream have none); legacy none
kv+objectstore	jetstream.ObjectStoreConfig.Placement	field	planned	missing	present	no modern object store (nats-key-value + nats-jetstream have none); legacy nats/src/nats/js/api.py:1034 (passed nats/src/nats/js/client.py:1687)
kv+objectstore	jetstream.ObjectStoreConfig.Replicas	field	planned	missing	present	no modern object store (nats-key-value + nats-jetstream have none); legacy nats/src/nats/js/api.py:1033
kv+objectstore	jetstream.ObjectStoreConfig.Storage	field	planned	missing	present	no modern object store (nats-key-value + nats-jetstream have none); legacy nats/src/nats/js/api.py:1032
kv+objectstore	jetstream.ObjectStoreConfig.TTL	field	planned	missing	present	no modern object store (nats-key-value + nats-jetstream have none); legacy nats/src/nats/js/api.py:1030
kv+objectstore	jetstream.ObjectStoreManager	type	planned	missing	partial	no modern object store (nats-key-value + nats-jetstream have none); legacy only object_store/create_object_store/delete_object_store nats/src/nats/js/client.py:1636-1709
kv+objectstore	jetstream.ObjectStoreManager.CreateObjectStore	method	implemented	missing	present	no modern object store (nats-key-value + nats-jetstream have none); legacy create_object_store nats/src/nats/js/client.py:1652 (no BucketExists mapping)
kv+objectstore	jetstream.ObjectStoreManager.CreateOrUpdateObjectStore	method	implemented	missing	missing	no modern object store (nats-key-value + nats-jetstream have none); legacy none
kv+objectstore	jetstream.ObjectStoreManager.DeleteObjectStore	method	implemented	missing	present	no modern object store (nats-key-value + nats-jetstream have none); legacy nats/src/nats/js/client.py:1701
kv+objectstore	jetstream.ObjectStoreManager.ObjectStore	method	implemented	missing	present	no modern object store (nats-key-value + nats-jetstream have none); legacy nats/src/nats/js/client.py:1636
kv+objectstore	jetstream.ObjectStoreManager.ObjectStoreNames	method	implemented	missing	missing	no modern object store (nats-key-value + nats-jetstream have none); legacy none
kv+objectstore	jetstream.ObjectStoreManager.ObjectStores	method	implemented	missing	missing	no modern object store (nats-key-value + nats-jetstream have none); legacy none
kv+objectstore	jetstream.ObjectStoreManager.UpdateObjectStore	method	implemented	missing	missing	no modern object store (nats-key-value + nats-jetstream have none); legacy none
kv+objectstore	jetstream.ObjectStoreNamesLister	type	planned	missing	missing	no modern object store (nats-key-value + nats-jetstream have none); legacy has no object-store listing
kv+objectstore	jetstream.ObjectStoreNamesLister.Error	method	implemented	missing	missing	no modern object store (nats-key-value + nats-jetstream have none); legacy has no object-store listing
kv+objectstore	jetstream.ObjectStoreNamesLister.Name	method	implemented	missing	missing	no modern object store (nats-key-value + nats-jetstream have none); legacy has no object-store listing
kv+objectstore	jetstream.ObjectStoreStatus	type	planned	missing	present	no modern object store (nats-key-value + nats-jetstream have none); legacy ObjectStore.ObjectStoreStatus nats/src/nats/js/object_store.py:72
kv+objectstore	jetstream.ObjectStoreStatus.BackingStore	method	implemented	missing	missing	no modern object store (nats-key-value + nats-jetstream have none); legacy no backing_store
kv+objectstore	jetstream.ObjectStoreStatus.Bucket	method	implemented	missing	present	no modern object store (nats-key-value + nats-jetstream have none); legacy bucket nats/src/nats/js/object_store.py:78
kv+objectstore	jetstream.ObjectStoreStatus.Description	method	implemented	missing	present	no modern object store (nats-key-value + nats-jetstream have none); legacy nats/src/nats/js/object_store.py:81
kv+objectstore	jetstream.ObjectStoreStatus.IsCompressed	method	implemented	missing	missing	no modern object store (nats-key-value + nats-jetstream have none); legacy no compression support
kv+objectstore	jetstream.ObjectStoreStatus.Metadata	method	implemented	missing	missing	no modern object store (nats-key-value + nats-jetstream have none); legacy no metadata
kv+objectstore	jetstream.ObjectStoreStatus.Replicas	method	implemented	missing	present	no modern object store (nats-key-value + nats-jetstream have none); legacy nats/src/nats/js/object_store.py:104
kv+objectstore	jetstream.ObjectStoreStatus.Sealed	method	implemented	missing	present	no modern object store (nats-key-value + nats-jetstream have none); legacy nats/src/nats/js/object_store.py:111
kv+objectstore	jetstream.ObjectStoreStatus.Size	method	implemented	missing	present	no modern object store (nats-key-value + nats-jetstream have none); legacy nats/src/nats/js/object_store.py:118
kv+objectstore	jetstream.ObjectStoreStatus.Storage	method	implemented	missing	present	no modern object store (nats-key-value + nats-jetstream have none); legacy storage_type nats/src/nats/js/object_store.py:97
kv+objectstore	jetstream.ObjectStoreStatus.TTL	method	implemented	missing	present	no modern object store (nats-key-value + nats-jetstream have none); legacy nats/src/nats/js/object_store.py:88
kv+objectstore	jetstream.ObjectStoresLister	type	planned	missing	missing	no modern object store (nats-key-value + nats-jetstream have none); legacy has no object-store listing
kv+objectstore	jetstream.ObjectStoresLister.Error	method	implemented	missing	missing	no modern object store (nats-key-value + nats-jetstream have none); legacy has no object-store listing
kv+objectstore	jetstream.ObjectStoresLister.Status	method	implemented	missing	missing	no modern object store (nats-key-value + nats-jetstream have none); legacy has no object-store listing
kv+objectstore	jetstream.ObjectWatcher	type	planned	missing	present	no modern object store (nats-key-value + nats-jetstream have none); legacy ObjectStore.ObjectWatcher nats/src/nats/js/object_store.py:414
kv+objectstore	jetstream.ObjectWatcher.Stop	method	implemented	missing	present	no modern object store (nats-key-value + nats-jetstream have none); legacy stop() nats/src/nats/js/object_store.py:427 (does not enqueue STOP_ITER, so a pending async-for keeps waiting)
kv+objectstore	jetstream.ObjectWatcher.Updates	method	implemented	missing	present	no modern object store (nats-key-value + nats-jetstream have none); legacy updates(timeout) + async iter nats/src/nats/js/object_store.py:433
kv+objectstore	jetstream.PurgeTTL	constructor	implemented	present	present	modern purge(ttl=) nats-key-value/src/nats/key_value/__init__.py:557,577; legacy purge(msg_ttl=) nats/src/nats/js/kv.py:350
kv+objectstore	jetstream.UpdatesOnly	constructor	implemented	present	missing	modern deliver_policy=new nats-key-value/src/nats/key_value/__init__.py:656,734; legacy KV watch() has no updates_only (nats/src/nats/js/kv.py:509-517; only ObjectStore.watch has it)
kv+objectstore	jetstream.WatchOpt	type	planned	n/a	n/a	functional-option type; Python uses keyword args
kv+objectstore	jetstream.AllKeys	constant	implemented	partial	partial	no named constant; '>' literal defaults: modern watch/keys nats-key-value/src/nats/key_value/__init__.py:651,786; legacy watchall nats/src/nats/js/kv.py:445 [from js-main.tsv]
kv+objectstore	jetstream.DecodeObjectDigest	function	implemented	missing	missing	no modern object store (nats-key-value + nats-jetstream have none); legacy decodes inline in get nats/src/nats/js/object_store.py:231-232 (no public fn; no ErrInvalidDigestFormat check) [from js-main.tsv]
kv+objectstore	jetstream.ErrInvalidBucketName	error	implemented	present	present	modern InvalidBucketNameError nats-key-value/src/nats/key_value/errors.py:30; legacy InvalidBucketNameError nats/src/nats/js/errors.py:287 [from js-main.tsv]
kv+objectstore	jetstream.ErrInvalidDigestFormat	error	implemented	missing	missing	no modern object store (nats-key-value + nats-jetstream have none); legacy no digest-format check (base64 decode error) nats/src/nats/js/object_store.py:231 [from js-main.tsv]
kv+objectstore	jetstream.ErrNoLinkToDeleted	error	implemented	missing	missing	no modern object store (nats-key-value + nats-jetstream have none); legacy has no link creation [from js-main.tsv]
kv+objectstore	jetstream.LastRevision	constructor	implemented	present	partial	modern delete/purge(last_revision=) nats-key-value/src/nats/key_value/__init__.py:531,557; legacy delete(last=) only, purge has none nats/src/nats/js/kv.py:314,350 [from js-main.tsv]
kv+objectstore	jetstream.ResumeFromRevision	constructor	implemented	present	missing	modern watch(resume_from_revision=) -> by_start_sequence nats-key-value/src/nats/key_value/__init__.py:657,732; legacy none [from js-main.tsv]
services	micro.APIPrefix	constant	implemented	missing	present	nats/src/nats/micro/service.py:30 DEFAULT_PREFIX='$SRV' | modern: no modern (nats-core) micro package exists
services	micro.AddService	function	implemented	missing	present	nats/src/nats/micro/__init__.py:24 add_service(nc, config|**kwargs); also starts verb subs (Service.start nats/src/nats/micro/service.py:626) | modern: no modern (nats-core) micro package exists
services	micro.Config	type	implemented	missing	partial	nats/src/nats/micro/service.py:381 ServiceConfig: name/version/description/metadata/queue_group/stats_handler only; lacks endpoint, queue_group_disabled, done_handler, error_handler | modern: no modern (nats-core) micro package exists
services	micro.Config.Description	field	implemented	missing	present	nats/src/nats/micro/service.py:392 | modern: no modern (nats-core) micro package exists
services	micro.Config.DoneHandler	field	implemented	missing	missing	no done handler; Service.stop {S}:755 just sets Event | modern: no modern (nats-core) micro package exists
services	micro.Config.Endpoint	field	implemented	missing	missing	no default endpoint in ServiceConfig; endpoints only via add_endpoint | modern: no modern (nats-core) micro package exists
services	micro.Config.ErrorHandler	field	implemented	missing	missing	no async error handler; no hook into nc error/closed callbacks | modern: no modern (nats-core) micro package exists
services	micro.Config.Metadata	field	implemented	missing	present	nats/src/nats/micro/service.py:395 | modern: no modern (nats-core) micro package exists
services	micro.Config.Name	field	implemented	missing	present	nats/src/nats/micro/service.py:384 (validated by NAME_REGEX nats/src/nats/micro/service.py:40) | modern: no modern (nats-core) micro package exists
services	micro.Config.QueueGroup	field	implemented	missing	present	nats/src/nats/micro/service.py:398 | modern: no modern (nats-core) micro package exists
services	micro.Config.QueueGroupDisabled	field	implemented	missing	missing	no way to disable queue group; Endpoint always subscribes with queue=queue_group or 'q' ({S}:214,229-233) | modern: no modern (nats-core) micro package exists
services	micro.Config.StatsHandler	field	implemented	missing	partial	nats/src/nats/micro/service.py:401 stats_handler; called with EndpointStats (not Endpoint) at nats/src/nats/micro/service.py:725-727 | modern: no modern (nats-core) micro package exists
services	micro.Config.Version	field	implemented	missing	present	nats/src/nats/micro/service.py:388 (semver-validated nats/src/nats/micro/service.py:416) | modern: no modern (nats-core) micro package exists
services	micro.ContextHandler	function	unsupported	n/a	n/a	Go context.Context idiom
services	micro.ControlSubject	function	implemented	missing	partial	nats/src/nats/micro/service.py:807 control_subject(verb,name,id,prefix); no ErrServiceNameRequired check (id w/o name yields '$SRV.VERB.None.id'), no ErrVerbNotSupported; not exported in nats.micro.__all__ | modern: no modern (nats-core) micro package exists
services	micro.DefaultQueueGroup	constant	implemented	missing	present	nats/src/nats/micro/service.py:27 DEFAULT_QUEUE_GROUP='q' | modern: no modern (nats-core) micro package exists
services	micro.DoneHandler	type	unsupported	n/a	n/a	Go named func type (and Config.done_handler is missing anyway)
services	micro.Endpoint	type	implemented	missing	partial	nats/src/nats/micro/service.py:207 Endpoint is an internal manager class; config/name held in private attrs (_name,_subject,...), not exposed via any public accessor | modern: no modern (nats-core) micro package exists
services	micro.Endpoint.EndpointConfig	field	implemented	missing	partial	nats/src/nats/micro/service.py:212-216 copied into private attrs, not exposed | modern: no modern (nats-core) micro package exists
services	micro.Endpoint.Name	field	implemented	missing	partial	nats/src/nats/micro/service.py:212 private _name | modern: no modern (nats-core) micro package exists
services	micro.EndpointConfig	type	implemented	missing	partial	nats/src/nats/micro/service.py:51 EndpointConfig(name,handler,queue_group,subject,metadata); lacks queue_group_disabled | modern: no modern (nats-core) micro package exists
services	micro.EndpointConfig.Handler	field	implemented	missing	present	nats/src/nats/micro/service.py:58 | modern: no modern (nats-core) micro package exists
services	micro.EndpointConfig.Metadata	field	implemented	missing	present	nats/src/nats/micro/service.py:67 | modern: no modern (nats-core) micro package exists
services	micro.EndpointConfig.QueueGroup	field	implemented	missing	present	nats/src/nats/micro/service.py:61 | modern: no modern (nats-core) micro package exists
services	micro.EndpointConfig.QueueGroupDisabled	field	implemented	missing	missing	no field; see Config.QueueGroupDisabled | modern: no modern (nats-core) micro package exists
services	micro.EndpointConfig.Subject	field	implemented	missing	present	nats/src/nats/micro/service.py:64 (defaults to name nats/src/nats/micro/service.py:213) | modern: no modern (nats-core) micro package exists
services	micro.EndpointInfo	type	implemented	missing	present	nats/src/nats/micro/service.py:166 | modern: no modern (nats-core) micro package exists
services	micro.EndpointInfo.Metadata	field	implemented	missing	present	nats/src/nats/micro/service.py:184 (may serialize as null when endpoint metadata unset, nats/src/nats/micro/service.py:743) | modern: no modern (nats-core) micro package exists
services	micro.EndpointInfo.Name	field	implemented	missing	present	nats/src/nats/micro/service.py:169 | modern: no modern (nats-core) micro package exists
services	micro.EndpointInfo.QueueGroup	field	implemented	missing	present	nats/src/nats/micro/service.py:179 | modern: no modern (nats-core) micro package exists
services	micro.EndpointInfo.Subject	field	implemented	missing	present	nats/src/nats/micro/service.py:174 | modern: no modern (nats-core) micro package exists
services	micro.EndpointOpt	type	unsupported	n/a	n/a	Go functional-option type; Python uses kwargs/EndpointConfig
services	micro.EndpointStats	type	implemented	missing	present	nats/src/nats/micro/service.py:87 | modern: no modern (nats-core) micro package exists
services	micro.EndpointStats.AverageProcessingTime	field	implemented	missing	present	nats/src/nats/micro/service.py:122 int ns; computed nats/src/nats/micro/service.py:269 | modern: no modern (nats-core) micro package exists
services	micro.EndpointStats.Data	field	implemented	missing	present	nats/src/nats/micro/service.py:132 (filled from stats_handler) | modern: no modern (nats-core) micro package exists
services	micro.EndpointStats.LastError	field	implemented	missing	present	nats/src/nats/micro/service.py:127 repr(error) nats/src/nats/micro/service.py:258 | modern: no modern (nats-core) micro package exists
services	micro.EndpointStats.Name	field	implemented	missing	present	nats/src/nats/micro/service.py:92 | modern: no modern (nats-core) micro package exists
services	micro.EndpointStats.NumErrors	field	implemented	missing	partial	nats/src/nats/micro/service.py:112; only incremented when the handler raises (nats/src/nats/micro/service.py:256-257) -- an explicit request.respond_error() is NOT counted (Go counts Request.Error responses) | modern: no modern (nats-core) micro package exists
services	micro.EndpointStats.NumRequests	field	implemented	missing	present	nats/src/nats/micro/service.py:107 | modern: no modern (nats-core) micro package exists
services	micro.EndpointStats.ProcessingTime	field	implemented	missing	present	nats/src/nats/micro/service.py:117 int ns | modern: no modern (nats-core) micro package exists
services	micro.EndpointStats.QueueGroup	field	implemented	missing	present	nats/src/nats/micro/service.py:102 | modern: no modern (nats-core) micro package exists
services	micro.EndpointStats.Subject	field	implemented	missing	present	nats/src/nats/micro/service.py:97 | modern: no modern (nats-core) micro package exists
services	micro.ErrArgRequired	error	implemented	missing	missing	respond_error (nats/src/nats/micro/request.py:100) does not validate empty code/description | modern: no modern (nats-core) micro package exists
services	micro.ErrConfigValidation	error	implemented	missing	partial	validation raises plain ValueError (nats/src/nats/micro/service.py:71-83,407-423), no dedicated error type | modern: no modern (nats-core) micro package exists
services	micro.ErrHandler	type	unsupported	n/a	n/a	Go named func type (Config.error_handler missing anyway)
services	micro.ErrMarshalResponse	error	implemented	missing	missing	no respond_json, so no marshal error | modern: no modern (nats-core) micro package exists
services	micro.ErrRespond	error	implemented	missing	missing	respond raises ValueError('no reply subject set') nats/src/nats/micro/request.py:91-92 or bubbles publish errors | modern: no modern (nats-core) micro package exists
services	micro.ErrServiceNameRequired	error	implemented	missing	missing	control_subject nats/src/nats/micro/service.py:807 does not check | modern: no modern (nats-core) micro package exists
services	micro.ErrVerbNotSupported	error	implemented	missing	missing	no check (ServiceVerb enum only) | modern: no modern (nats-core) micro package exists
services	micro.ErrorCodeHeader	constant	implemented	missing	present	nats/src/nats/micro/request.py:60 ERROR_CODE_HEADER | modern: no modern (nats-core) micro package exists
services	micro.ErrorHeader	constant	implemented	missing	present	nats/src/nats/micro/request.py:59 ERROR_HEADER | modern: no modern (nats-core) micro package exists
services	micro.Group	type	implemented	missing	present	nats/src/nats/micro/service.py:319 Group | modern: no modern (nats-core) micro package exists
services	micro.Group.AddEndpoint	method	implemented	missing	present	nats/src/nats/micro/service.py:339 (prefixes subject with group name nats/src/nats/micro/service.py:347) | modern: no modern (nats-core) micro package exists
services	micro.Group.AddGroup	method	implemented	missing	present	nats/src/nats/micro/service.py:359 (nested prefix, inherits queue_group) | modern: no modern (nats-core) micro package exists
services	micro.GroupOpt	type	unsupported	n/a	n/a	Go functional-option type; Python uses GroupConfig/kwargs
services	micro.Handler	type	implemented	missing	present	nats/src/nats/micro/request.py:129 Handler = Callable[[Request], Awaitable[None]] | modern: no modern (nats-core) micro package exists
services	micro.Handler.Handle	method	implemented	n/a	n/a	Python handler is a plain async callable
services	micro.HandlerFunc	type	implemented	n/a	n/a	Go adapter type; Python callables suffice
services	micro.HandlerFunc.Handle	method	implemented	n/a	n/a	Go adapter type
services	micro.Headers	type	unsupported	n/a	n/a	Go type alias; Request.headers is Optional[Dict[str,str]] (nats/src/nats/micro/request.py:76)
services	micro.Headers.Get	method	unsupported	n/a	n/a	dict.get
services	micro.Headers.Values	method	unsupported	n/a	n/a	single-valued dict in legacy; multi-value headers not representable
services	micro.Info	type	implemented	missing	present	nats/src/nats/micro/service.py:529 ServiceInfo | modern: no modern (nats-core) micro package exists
services	micro.Info.Description	field	implemented	missing	present	nats/src/nats/micro/service.py:547 | modern: no modern (nats-core) micro package exists
services	micro.Info.Endpoints	field	implemented	missing	present	nats/src/nats/micro/service.py:552 | modern: no modern (nats-core) micro package exists
services	micro.Info.ServiceIdentity	field	implemented	missing	present	nats/src/nats/micro/service.py:532-542,557 id/name/version/metadata (ServiceIdentity Protocol nats/src/nats/micro/service.py:426) | modern: no modern (nats-core) micro package exists
services	micro.Info.Type	field	implemented	missing	present	nats/src/nats/micro/service.py:562 | modern: no modern (nats-core) micro package exists
services	micro.InfoResponseType	constant	implemented	missing	present	nats/src/nats/micro/service.py:33 | modern: no modern (nats-core) micro package exists
services	micro.InfoVerb	constant	implemented	missing	present	nats/src/nats/micro/service.py:47 ServiceVerb.INFO | modern: no modern (nats-core) micro package exists
services	micro.NATSError	type	implemented	missing	missing	no NATSError (async subscription error type); legacy ServiceError (nats/src/nats/micro/request.py:134, code/description) is a different concept: handler-raised error mapped to an error response | modern: no modern (nats-core) micro package exists
services	micro.NATSError.Description	field	implemented	missing	missing	see NATSError | modern: no modern (nats-core) micro package exists
services	micro.NATSError.Error	method	implemented	missing	missing	see NATSError | modern: no modern (nats-core) micro package exists
services	micro.NATSError.Is	method	implemented	missing	missing	see NATSError | modern: no modern (nats-core) micro package exists
services	micro.NATSError.Subject	field	implemented	missing	missing	see NATSError | modern: no modern (nats-core) micro package exists
services	micro.NATSError.Unwrap	method	implemented	missing	missing	see NATSError | modern: no modern (nats-core) micro package exists
services	micro.Ping	type	implemented	missing	present	nats/src/nats/micro/service.py:438 ServicePing | modern: no modern (nats-core) micro package exists
services	micro.Ping.ServiceIdentity	field	implemented	missing	present	nats/src/nats/micro/service.py:441-444 | modern: no modern (nats-core) micro package exists
services	micro.Ping.Type	field	implemented	missing	present	nats/src/nats/micro/service.py:445 | modern: no modern (nats-core) micro package exists
services	micro.PingResponseType	constant	implemented	missing	present	nats/src/nats/micro/service.py:34 | modern: no modern (nats-core) micro package exists
services	micro.PingVerb	constant	implemented	missing	present	nats/src/nats/micro/service.py:45 ServiceVerb.PING | modern: no modern (nats-core) micro package exists
services	micro.Request	type	implemented	missing	present	nats/src/nats/micro/request.py:63 Request | modern: no modern (nats-core) micro package exists
services	micro.Request.Data	method	implemented	missing	present	nats/src/nats/micro/request.py:81 | modern: no modern (nats-core) micro package exists
services	micro.Request.Error	method	implemented	missing	partial	nats/src/nats/micro/request.py:100 respond_error(code,description,data,headers): no empty-arg validation (ErrArgRequired), not counted in num_errors/last_error, error headers override user headers (Go applies opts after) | modern: no modern (nats-core) micro package exists
services	micro.Request.Headers	method	implemented	missing	present	nats/src/nats/micro/request.py:76 | modern: no modern (nats-core) micro package exists
services	micro.Request.Reply	method	implemented	missing	missing	no reply accessor (only private _msg.reply, nats/src/nats/micro/request.py:91) | modern: no modern (nats-core) micro package exists
services	micro.Request.Respond	method	implemented	missing	present	nats/src/nats/micro/request.py:85 respond(data, headers) | modern: no modern (nats-core) micro package exists
services	micro.Request.RespondJSON	method	implemented	missing	missing	no respond_json; callers must json.dumps manually | modern: no modern (nats-core) micro package exists
services	micro.Request.Subject	method	implemented	missing	present	nats/src/nats/micro/request.py:71 | modern: no modern (nats-core) micro package exists
services	micro.RespondOpt	type	unsupported	n/a	n/a	Go functional-option type; Python uses headers= kwarg
services	micro.Service	type	implemented	missing	present	nats/src/nats/micro/service.py:602 Service (also async context manager) | modern: no modern (nats-core) micro package exists
services	micro.Service.AddEndpoint	method	implemented	missing	present	nats/src/nats/micro/service.py:672 add_endpoint(config|name,handler,queue_group,subject,metadata) | modern: no modern (nats-core) micro package exists
services	micro.Service.AddGroup	method	implemented	missing	present	nats/src/nats/micro/service.py:690 add_group(name, queue_group) | modern: no modern (nats-core) micro package exists
services	micro.Service.Info	method	implemented	missing	present	nats/src/nats/micro/service.py:731 | modern: no modern (nats-core) micro package exists
services	micro.Service.Reset	method	implemented	missing	partial	nats/src/nats/micro/service.py:749 async reset() only resets 'started'; never calls Endpoint._reset (nats/src/nats/micro/service.py:240), so num_requests/num_errors/processing_time/last_error are NOT cleared; Endpoint._reset itself sets average to timedelta() (type bug) and omits last_error | modern: no modern (nats-core) micro package exists
services	micro.Service.Stats	method	implemented	missing	present	nats/src/nats/micro/service.py:700 | modern: no modern (nats-core) micro package exists
services	micro.Service.Stop	method	implemented	missing	partial	nats/src/nats/micro/service.py:755 unsubscribes endpoints/drains verb subs; no DoneHandler, no auto-stop on connection close | modern: no modern (nats-core) micro package exists
services	micro.Service.Stopped	method	implemented	missing	present	nats/src/nats/micro/service.py:770 property returns asyncio.Event (use .is_set()) rather than bool | modern: no modern (nats-core) micro package exists
services	micro.ServiceIdentity	type	implemented	missing	present	nats/src/nats/micro/service.py:426 Protocol(id,name,version,metadata) | modern: no modern (nats-core) micro package exists
services	micro.ServiceIdentity.ID	field	implemented	missing	present	nats/src/nats/micro/service.py:431 (nuid, nats/src/nats/micro/service.py:604) | modern: no modern (nats-core) micro package exists
services	micro.ServiceIdentity.Metadata	field	implemented	missing	present	nats/src/nats/micro/service.py:434 | modern: no modern (nats-core) micro package exists
services	micro.ServiceIdentity.Name	field	implemented	missing	present	nats/src/nats/micro/service.py:432 | modern: no modern (nats-core) micro package exists
services	micro.ServiceIdentity.Version	field	implemented	missing	present	nats/src/nats/micro/service.py:433 | modern: no modern (nats-core) micro package exists
services	micro.Stats	type	implemented	missing	present	nats/src/nats/micro/service.py:467 ServiceStats | modern: no modern (nats-core) micro package exists
services	micro.Stats.Endpoints	field	implemented	missing	present	nats/src/nats/micro/service.py:490 | modern: no modern (nats-core) micro package exists
services	micro.Stats.ServiceIdentity	field	implemented	missing	present	nats/src/nats/micro/service.py:470-480,495 | modern: no modern (nats-core) micro package exists
services	micro.Stats.Started	field	implemented	missing	present	nats/src/nats/micro/service.py:485 (ms precision on wire nats/src/nats/micro/service.py:522) | modern: no modern (nats-core) micro package exists
services	micro.Stats.Type	field	implemented	missing	present	nats/src/nats/micro/service.py:498 | modern: no modern (nats-core) micro package exists
services	micro.StatsHandler	type	unsupported	missing	present	nats/src/nats/micro/service.py:374 StatsHandler = Callable[[EndpointStats], Any] (arg is EndpointStats, Go passes *Endpoint); NQ treats as Go-only type | modern: no modern (nats-core) micro package exists
services	micro.StatsResponseType	constant	implemented	missing	present	nats/src/nats/micro/service.py:35 | modern: no modern (nats-core) micro package exists
services	micro.StatsVerb	constant	implemented	missing	present	nats/src/nats/micro/service.py:46 ServiceVerb.STATS | modern: no modern (nats-core) micro package exists
services	micro.Verb	type	implemented	missing	present	nats/src/nats/micro/service.py:44 ServiceVerb(str, Enum) | modern: no modern (nats-core) micro package exists
services	micro.Verb.String	method	implemented	missing	present	ServiceVerb.value / str enum (nats/src/nats/micro/service.py:44) | modern: no modern (nats-core) micro package exists
services	micro.WithEndpointMetadata	constructor	implemented	missing	present	add_endpoint(metadata=...) nats/src/nats/micro/service.py:669 | modern: no modern (nats-core) micro package exists
services	micro.WithEndpointMetadataKey	constructor	implemented	missing	partial	no single-key helper; pass a full metadata dict | modern: no modern (nats-core) micro package exists
services	micro.WithEndpointPendingLimits	constructor	implemented	missing	missing	add_endpoint does not expose pending limits; Endpoint._start subscribe nats/src/nats/micro/service.py:229 uses client defaults (Client.subscribe supports pending_msgs_limit/pending_bytes_limit at nats/src/nats/aio/client.py:1042-1043) | modern: no modern (nats-core) micro package exists
services	micro.WithEndpointQueueGroup	constructor	implemented	missing	present	add_endpoint(queue_group=...) nats/src/nats/micro/service.py:667 | modern: no modern (nats-core) micro package exists
services	micro.WithEndpointQueueGroupDisabled	constructor	implemented	missing	missing	no queue-less endpoint option | modern: no modern (nats-core) micro package exists
services	micro.WithEndpointSubject	constructor	implemented	missing	present	add_endpoint(subject=...) nats/src/nats/micro/service.py:668 | modern: no modern (nats-core) micro package exists
services	micro.WithGroupQueueGroup	constructor	implemented	missing	present	add_group(queue_group=...) nats/src/nats/micro/service.py:279/685 | modern: no modern (nats-core) micro package exists
services	micro.WithGroupQueueGroupDisabled	constructor	implemented	missing	missing	no queue-less group option | modern: no modern (nats-core) micro package exists
services	micro.WithHeaders	constructor	implemented	missing	present	respond(headers=)/respond_error(headers=) nats/src/nats/micro/request.py:85,100 | modern: no modern (nats-core) micro package exists
orbit	jetstreamext.BatchAck	type	planned	partial	partial	no dedicated type; folded into PublishAck nats-jetstream/src/nats/jetstream/__init__.py:206 (batch_id/batch_size added, maps 'batch'/'count' nats-jetstream/src/nats/jetstream/__init__.py:227-228) / legacy PubAck nats/src/nats/js/api.py:180 (batch_id/batch_size, mapping nats/src/nats/js/api.py:198-202); returned by js.publish on the commit message
orbit	jetstreamext.BatchAck.BatchID	field	planned	present	present	PublishAck.batch_id nats-jetstream/src/nats/jetstream/__init__.py:215 / PubAck.batch_id nats/src/nats/js/api.py:189
orbit	jetstreamext.BatchAck.BatchSize	field	planned	present	present	PublishAck.batch_size nats-jetstream/src/nats/jetstream/__init__.py:217 / PubAck.batch_size nats/src/nats/js/api.py:190
orbit	jetstreamext.BatchAck.Domain	field	planned	present	present	nats-jetstream/src/nats/jetstream/__init__.py:211 / nats/src/nats/js/api.py:187
orbit	jetstreamext.BatchAck.Sequence	field	planned	present	present	nats-jetstream/src/nats/jetstream/__init__.py:210 / nats/src/nats/js/api.py:186
orbit	jetstreamext.BatchAck.Stream	field	planned	present	present	nats-jetstream/src/nats/jetstream/__init__.py:209 / nats/src/nats/js/api.py:185
orbit	jetstreamext.BatchAck.Value	field	planned	present	present	PublishAck.value nats-jetstream/src/nats/jetstream/__init__.py:213 / PubAck.val nats/src/nats/js/api.py:194
orbit	jetstreamext.BatchCommitEOB	constant	implemented	present	missing	modern NATS_BATCH_COMMIT_EOB nats-jetstream/src/nats/jetstream/headers.py:21 (+NATS_BATCH_COMMIT_FINAL='1' nats-jetstream/src/nats/jetstream/headers.py:18); legacy Header enum has no 'eob' value
orbit	jetstreamext.BatchCommitHeader	constant	implemented	present	present	nats-jetstream/src/nats/jetstream/headers.py:14 NATS_BATCH_COMMIT / nats/src/nats/js/api.py:26 Header.BATCH_COMMIT
orbit	jetstreamext.BatchFlowControl	type	planned	missing	missing	no batch publisher flow control (ack_first/ack_every/ack_timeout)
orbit	jetstreamext.BatchFlowControl.AckEvery	field	planned	missing	missing	see BatchFlowControl
orbit	jetstreamext.BatchFlowControl.AckFirst	field	planned	missing	missing	see BatchFlowControl
orbit	jetstreamext.BatchFlowControl.AckTimeout	field	planned	missing	missing	see BatchFlowControl
orbit	jetstreamext.BatchIDHeader	constant	implemented	present	present	nats-jetstream/src/nats/jetstream/headers.py:8 NATS_BATCH_ID / nats/src/nats/js/api.py:27 Header.BATCH_ID
orbit	jetstreamext.BatchMsgOpt	type	planned	n/a	n/a	Go functional-option type
orbit	jetstreamext.BatchPublisher	type	planned	missing	missing	modern: no BatchPublisher/publish_msg_batch helper; atomic batches only by hand-setting Nats-Batch-* headers on core publish/request + js.publish for the commit (examples/docs/learn_jetstream_advanced_publishing_atomic.py, nats-jetstream/tests/test_stream.py:878-910); legacy: no batch publisher; only Header.BATCH_* constants (nats/src/nats/js/api.py:26-28) for manual use
orbit	jetstreamext.BatchPublisher.Add	method	implemented	missing	missing	see BatchPublisher (sequence numbering, commit/EOB, discard state machine absent)
orbit	jetstreamext.BatchPublisher.AddMsg	method	implemented	missing	missing	see BatchPublisher (sequence numbering, commit/EOB, discard state machine absent)
orbit	jetstreamext.BatchPublisher.Close	method	implemented	missing	missing	see BatchPublisher (sequence numbering, commit/EOB, discard state machine absent)
orbit	jetstreamext.BatchPublisher.Commit	method	implemented	missing	missing	see BatchPublisher (sequence numbering, commit/EOB, discard state machine absent)
orbit	jetstreamext.BatchPublisher.CommitMsg	method	implemented	missing	missing	see BatchPublisher (sequence numbering, commit/EOB, discard state machine absent)
orbit	jetstreamext.BatchPublisher.Discard	method	implemented	missing	missing	see BatchPublisher (sequence numbering, commit/EOB, discard state machine absent)
orbit	jetstreamext.BatchPublisher.IsClosed	method	implemented	missing	missing	see BatchPublisher (sequence numbering, commit/EOB, discard state machine absent)
orbit	jetstreamext.BatchPublisher.Size	method	implemented	missing	missing	see BatchPublisher (sequence numbering, commit/EOB, discard state machine absent)
orbit	jetstreamext.BatchPublisherOpt	type	planned	n/a	n/a	Go functional-option type (underlying options also missing)
orbit	jetstreamext.BatchSeqHeader	constant	implemented	present	present	nats-jetstream/src/nats/jetstream/headers.py:11 NATS_BATCH_SEQUENCE / nats/src/nats/js/api.py:28 Header.BATCH_SEQUENCE
orbit	jetstreamext.ErrAtomicPublishTooManyInflight	error	implemented	missing	missing	server API error 10210: modern no constant; ErrorCode class (nats-jetstream/src/nats/jetstream/errors.py:7) lacks 10174-10211 batch codes; surfaced only as generic JetStreamError.error_code; legacy no constant/subclass; surfaced only as generic APIError.err_code (nats/src/nats/js/errors.py:49)
orbit	jetstreamext.ErrBatchClosed	error	implemented	missing	missing	client-side batch-publisher error; no batch publisher
orbit	jetstreamext.ErrBatchPublishDuplicateMsgID	error	implemented	missing	missing	server API error 10201: modern no constant; ErrorCode class (nats-jetstream/src/nats/jetstream/errors.py:7) lacks 10174-10211 batch codes; surfaced only as generic JetStreamError.error_code; legacy no constant/subclass; surfaced only as generic APIError.err_code (nats/src/nats/js/errors.py:49)
orbit	jetstreamext.ErrBatchPublishExceedsLimit	error	implemented	missing	missing	server API error 10199: modern no constant; ErrorCode class (nats-jetstream/src/nats/jetstream/errors.py:7) lacks 10174-10211 batch codes; surfaced only as generic JetStreamError.error_code; legacy no constant/subclass; surfaced only as generic APIError.err_code (nats/src/nats/js/errors.py:49)
orbit	jetstreamext.ErrBatchPublishIncomplete	error	implemented	missing	missing	server API error 10176: modern no constant; ErrorCode class (nats-jetstream/src/nats/jetstream/errors.py:7) lacks 10174-10211 batch codes; surfaced only as generic JetStreamError.error_code; legacy no constant/subclass; surfaced only as generic APIError.err_code (nats/src/nats/js/errors.py:49)
orbit	jetstreamext.ErrBatchPublishInvalidCommit	error	implemented	missing	missing	server API error 10200: modern no constant; ErrorCode class (nats-jetstream/src/nats/jetstream/errors.py:7) lacks 10174-10211 batch codes; surfaced only as generic JetStreamError.error_code; legacy no constant/subclass; surfaced only as generic APIError.err_code (nats/src/nats/js/errors.py:49)
orbit	jetstreamext.ErrBatchPublishInvalidGapMode	error	implemented	missing	missing	server API error 10202: modern no constant; ErrorCode class (nats-jetstream/src/nats/jetstream/errors.py:7) lacks 10174-10211 batch codes; surfaced only as generic JetStreamError.error_code; legacy no constant/subclass; surfaced only as generic APIError.err_code (nats/src/nats/js/errors.py:49). NB orbit code 10202 disagrees with nats-server main errors.json (10202=JSClusterServerMemberChangeInflightErr, 10203=JSMessageSchedulesSourceInvalidErr, 10204=JSConsumerInvalidResetErr; server fast-batch codes are 10205-10208); nats.py already uses 10203/10204 for schedules/reset (nats-jetstream errors.py:17,39; legacy manager.py:383)
orbit	jetstreamext.ErrBatchPublishInvalidID	error	implemented	missing	missing	server API error 10179: modern no constant; ErrorCode class (nats-jetstream/src/nats/jetstream/errors.py:7) lacks 10174-10211 batch codes; surfaced only as generic JetStreamError.error_code; legacy no constant/subclass; surfaced only as generic APIError.err_code (nats/src/nats/js/errors.py:49)
orbit	jetstreamext.ErrBatchPublishMissingSeq	error	implemented	missing	missing	server API error 10175: modern no constant; ErrorCode class (nats-jetstream/src/nats/jetstream/errors.py:7) lacks 10174-10211 batch codes; surfaced only as generic JetStreamError.error_code; legacy no constant/subclass; surfaced only as generic APIError.err_code (nats/src/nats/js/errors.py:49)
orbit	jetstreamext.ErrBatchPublishNotEnabled	error	implemented	missing	missing	server API error 10174: modern no constant; ErrorCode class (nats-jetstream/src/nats/jetstream/errors.py:7) lacks 10174-10211 batch codes; surfaced only as generic JetStreamError.error_code; legacy no constant/subclass; surfaced only as generic APIError.err_code (nats/src/nats/js/errors.py:49)
orbit	jetstreamext.ErrBatchPublishTooManyInflight	error	implemented	missing	missing	server API error 10211: modern no constant; ErrorCode class (nats-jetstream/src/nats/jetstream/errors.py:7) lacks 10174-10211 batch codes; surfaced only as generic JetStreamError.error_code; legacy no constant/subclass; surfaced only as generic APIError.err_code (nats/src/nats/js/errors.py:49)
orbit	jetstreamext.ErrBatchPublishUnsupportedHeader	error	implemented	missing	missing	server API error 10177: modern no constant; ErrorCode class (nats-jetstream/src/nats/jetstream/errors.py:7) lacks 10174-10211 batch codes; surfaced only as generic JetStreamError.error_code; legacy no constant/subclass; surfaced only as generic APIError.err_code (nats/src/nats/js/errors.py:49)
orbit	jetstreamext.ErrBatchUnsupported	error	planned	missing	missing	no batch get
orbit	jetstreamext.ErrEmptyBatch	error	implemented	missing	missing	client-side batch-publisher error; no batch publisher
orbit	jetstreamext.ErrFastBatchGapDetected	error	implemented	missing	missing	client-side batch-publisher error; no batch publisher
orbit	jetstreamext.ErrFastBatchInvalidID	error	implemented	missing	missing	server API error 10205: modern no constant; ErrorCode class (nats-jetstream/src/nats/jetstream/errors.py:7) lacks 10174-10211 batch codes; surfaced only as generic JetStreamError.error_code; legacy no constant/subclass; surfaced only as generic APIError.err_code (nats/src/nats/js/errors.py:49). NB orbit code 10205 differs from nats-server main (10205=JSBatchPublishDisabledErr,10206=JSBatchPublishInvalidPatternErr,10207=InvalidBatchID,10208=UnknownBatchID)
orbit	jetstreamext.ErrFastBatchInvalidPattern	error	implemented	missing	missing	server API error 10204: modern no constant; ErrorCode class (nats-jetstream/src/nats/jetstream/errors.py:7) lacks 10174-10211 batch codes; surfaced only as generic JetStreamError.error_code; legacy no constant/subclass; surfaced only as generic APIError.err_code (nats/src/nats/js/errors.py:49). NB orbit code 10204 disagrees with nats-server main errors.json (10202=JSClusterServerMemberChangeInflightErr, 10203=JSMessageSchedulesSourceInvalidErr, 10204=JSConsumerInvalidResetErr; server fast-batch codes are 10205-10208); nats.py already uses 10203/10204 for schedules/reset (nats-jetstream errors.py:17,39; legacy manager.py:383)
orbit	jetstreamext.ErrFastBatchNotEnabled	error	implemented	missing	missing	server API error 10203: modern no constant; ErrorCode class (nats-jetstream/src/nats/jetstream/errors.py:7) lacks 10174-10211 batch codes; surfaced only as generic JetStreamError.error_code; legacy no constant/subclass; surfaced only as generic APIError.err_code (nats/src/nats/js/errors.py:49). NB orbit code 10203 disagrees with nats-server main errors.json (10202=JSClusterServerMemberChangeInflightErr, 10203=JSMessageSchedulesSourceInvalidErr, 10204=JSConsumerInvalidResetErr; server fast-batch codes are 10205-10208); nats.py already uses 10203/10204 for schedules/reset (nats-jetstream errors.py:17,39; legacy manager.py:383)
orbit	jetstreamext.ErrFastBatchUnknownID	error	implemented	missing	missing	server API error 10206: modern no constant; ErrorCode class (nats-jetstream/src/nats/jetstream/errors.py:7) lacks 10174-10211 batch codes; surfaced only as generic JetStreamError.error_code; legacy no constant/subclass; surfaced only as generic APIError.err_code (nats/src/nats/js/errors.py:49). NB orbit code 10206 differs from nats-server main (10205=JSBatchPublishDisabledErr,10206=JSBatchPublishInvalidPatternErr,10207=InvalidBatchID,10208=UnknownBatchID)
orbit	jetstreamext.ErrInvalidBatchAck	error	implemented	missing	missing	client-side batch-publisher error; no batch publisher
orbit	jetstreamext.ErrInvalidOption	error	implemented	missing	missing	batch-get option validation error; no batch get
orbit	jetstreamext.ErrInvalidResponse	error	planned	missing	missing	no batch get
orbit	jetstreamext.ErrNoMessages	error	planned	missing	missing	no batch get (single get maps 404 to MessageNotFoundError / NotFoundError)
orbit	jetstreamext.ErrSubjectRequired	error	planned	missing	missing	no GetLastMsgsFor
orbit	jetstreamext.FastPubAck	type	planned	missing	missing	no fast-ingest publisher (flow-controlled reply-subject protocol <inbox>.<flow>.<gap>.<seq>.<op>, flow acks, gap detection, pings) anywhere
orbit	jetstreamext.FastPubAck.AckSequence	field	planned	missing	missing	see FastPubAck
orbit	jetstreamext.FastPubAck.BatchSequence	field	planned	missing	missing	see FastPubAck
orbit	jetstreamext.FastPublishErrHandler	type	planned	n/a	n/a	Go named func type (fast publisher missing anyway)
orbit	jetstreamext.FastPublishFlowControl	type	planned	missing	missing	no fast-ingest publisher (flow-controlled reply-subject protocol <inbox>.<flow>.<gap>.<seq>.<op>, flow acks, gap detection, pings) anywhere
orbit	jetstreamext.FastPublishFlowControl.AckTimeout	field	planned	missing	missing	see FastPublishFlowControl
orbit	jetstreamext.FastPublishFlowControl.Flow	field	planned	missing	missing	see FastPublishFlowControl
orbit	jetstreamext.FastPublishFlowControl.MaxOutstandingAcks	field	planned	missing	missing	see FastPublishFlowControl
orbit	jetstreamext.FastPublisher	type	planned	missing	missing	no fast-ingest publisher (flow-controlled reply-subject protocol <inbox>.<flow>.<gap>.<seq>.<op>, flow acks, gap detection, pings) anywhere; modern only has StreamConfig.allow_batched nats-jetstream/src/nats/jetstream/stream.py:596 (legacy nats/src/nats/js/api.py:466)
orbit	jetstreamext.FastPublisher.Add	method	implemented	missing	missing	see FastPublisher
orbit	jetstreamext.FastPublisher.AddMsg	method	implemented	missing	missing	see FastPublisher
orbit	jetstreamext.FastPublisher.Close	method	implemented	missing	missing	see FastPublisher
orbit	jetstreamext.FastPublisher.Commit	method	implemented	missing	missing	see FastPublisher
orbit	jetstreamext.FastPublisher.CommitMsg	method	implemented	missing	missing	see FastPublisher
orbit	jetstreamext.FastPublisher.IsClosed	method	implemented	missing	missing	see FastPublisher
orbit	jetstreamext.FastPublisherOpt	type	planned	n/a	n/a	Go functional-option type
orbit	jetstreamext.GetBatch	function	planned	missing	missing	modern: no client API; only generated TypedDict StreamMsgGetRequest nats-jetstream/src/nats/jetstream/api/types.py:1700-1728 has batch/max_bytes/multi_last/up_to_seq/up_to_time/start_time, used only by stream_msg_get (STREAM.MSG.GET, single JSON reply) and Stream._get_message direct path nats-jetstream/src/nats/jetstream/stream.py:1176-1186 sends only seq/last_by_subject; legacy: get_msg nats/src/nats/js/manager.py:413 supports seq/last_by_subj/next_by_subj/direct only; no batch/multi_last/up_to_* or multi-response (Nats-Num-Pending/EOB 204) handling
orbit	jetstreamext.GetBatchMaxBytes	constructor	planned	missing	missing	modern schema field max_bytes nats-jetstream/src/nats/jetstream/api/types.py:1709 only; see GetBatch
orbit	jetstreamext.GetBatchOpt	type	planned	n/a	n/a	Go functional-option type
orbit	jetstreamext.GetBatchSeq	constructor	planned	missing	missing	see GetBatch (single-message seq get exists)
orbit	jetstreamext.GetBatchStartTime	constructor	planned	missing	missing	modern schema field start_time nats-jetstream/src/nats/jetstream/api/types.py:1721 only
orbit	jetstreamext.GetBatchSubject	constructor	planned	missing	missing	see GetBatch
orbit	jetstreamext.GetLastForOpt	type	planned	n/a	n/a	Go functional-option type
orbit	jetstreamext.GetLastMsgsBatchSize	constructor	planned	missing	missing	see GetLastMsgsFor
orbit	jetstreamext.GetLastMsgsFor	function	planned	missing	missing	modern: schema field multi_last nats-jetstream/src/nats/jetstream/api/types.py:1718 only, no API; legacy: none (nats/src/nats/js/manager.py:413 single last_by_subj)
orbit	jetstreamext.GetLastMsgsUpToSeq	constructor	planned	missing	missing	modern schema field up_to_seq nats-jetstream/src/nats/jetstream/api/types.py:1724 only
orbit	jetstreamext.GetLastMsgsUpToTime	constructor	planned	missing	missing	modern schema field up_to_time nats-jetstream/src/nats/jetstream/api/types.py:1727 only
orbit	jetstreamext.JSErrCodeAtomicPublishTooManyInflight	constant	implemented	missing	missing	see ErrAtomicPublishTooManyInflight: modern no constant; ErrorCode class (nats-jetstream/src/nats/jetstream/errors.py:7) lacks 10174-10211 batch codes; surfaced only as generic JetStreamError.error_code; legacy no constant/subclass; surfaced only as generic APIError.err_code (nats/src/nats/js/errors.py:49)
orbit	jetstreamext.JSErrCodeBatchPublishDuplicateMsgID	constant	implemented	missing	missing	see ErrBatchPublishDuplicateMsgID: modern no constant; ErrorCode class (nats-jetstream/src/nats/jetstream/errors.py:7) lacks 10174-10211 batch codes; surfaced only as generic JetStreamError.error_code; legacy no constant/subclass; surfaced only as generic APIError.err_code (nats/src/nats/js/errors.py:49)
orbit	jetstreamext.JSErrCodeBatchPublishExceedsLimit	constant	implemented	missing	missing	see ErrBatchPublishExceedsLimit: modern no constant; ErrorCode class (nats-jetstream/src/nats/jetstream/errors.py:7) lacks 10174-10211 batch codes; surfaced only as generic JetStreamError.error_code; legacy no constant/subclass; surfaced only as generic APIError.err_code (nats/src/nats/js/errors.py:49)
orbit	jetstreamext.JSErrCodeBatchPublishIncomplete	constant	implemented	missing	missing	see ErrBatchPublishIncomplete: modern no constant; ErrorCode class (nats-jetstream/src/nats/jetstream/errors.py:7) lacks 10174-10211 batch codes; surfaced only as generic JetStreamError.error_code; legacy no constant/subclass; surfaced only as generic APIError.err_code (nats/src/nats/js/errors.py:49)
orbit	jetstreamext.JSErrCodeBatchPublishInvalidCommit	constant	implemented	missing	missing	see ErrBatchPublishInvalidCommit: modern no constant; ErrorCode class (nats-jetstream/src/nats/jetstream/errors.py:7) lacks 10174-10211 batch codes; surfaced only as generic JetStreamError.error_code; legacy no constant/subclass; surfaced only as generic APIError.err_code (nats/src/nats/js/errors.py:49)
orbit	jetstreamext.JSErrCodeBatchPublishInvalidGapMode	constant	implemented	missing	missing	see ErrBatchPublishInvalidGapMode: modern no constant; ErrorCode class (nats-jetstream/src/nats/jetstream/errors.py:7) lacks 10174-10211 batch codes; surfaced only as generic JetStreamError.error_code; legacy no constant/subclass; surfaced only as generic APIError.err_code (nats/src/nats/js/errors.py:49)
orbit	jetstreamext.JSErrCodeBatchPublishInvalidID	constant	implemented	missing	missing	see ErrBatchPublishInvalidID: modern no constant; ErrorCode class (nats-jetstream/src/nats/jetstream/errors.py:7) lacks 10174-10211 batch codes; surfaced only as generic JetStreamError.error_code; legacy no constant/subclass; surfaced only as generic APIError.err_code (nats/src/nats/js/errors.py:49)
orbit	jetstreamext.JSErrCodeBatchPublishMissingSeq	constant	implemented	missing	missing	see ErrBatchPublishMissingSeq: modern no constant; ErrorCode class (nats-jetstream/src/nats/jetstream/errors.py:7) lacks 10174-10211 batch codes; surfaced only as generic JetStreamError.error_code; legacy no constant/subclass; surfaced only as generic APIError.err_code (nats/src/nats/js/errors.py:49)
orbit	jetstreamext.JSErrCodeBatchPublishNotEnabled	constant	implemented	missing	missing	see ErrBatchPublishNotEnabled: modern no constant; ErrorCode class (nats-jetstream/src/nats/jetstream/errors.py:7) lacks 10174-10211 batch codes; surfaced only as generic JetStreamError.error_code; legacy no constant/subclass; surfaced only as generic APIError.err_code (nats/src/nats/js/errors.py:49)
orbit	jetstreamext.JSErrCodeBatchPublishTooManyInflight	constant	implemented	missing	missing	see ErrBatchPublishTooManyInflight: modern no constant; ErrorCode class (nats-jetstream/src/nats/jetstream/errors.py:7) lacks 10174-10211 batch codes; surfaced only as generic JetStreamError.error_code; legacy no constant/subclass; surfaced only as generic APIError.err_code (nats/src/nats/js/errors.py:49)
orbit	jetstreamext.JSErrCodeBatchPublishUnsupportedHeader	constant	implemented	missing	missing	see ErrBatchPublishUnsupportedHeader: modern no constant; ErrorCode class (nats-jetstream/src/nats/jetstream/errors.py:7) lacks 10174-10211 batch codes; surfaced only as generic JetStreamError.error_code; legacy no constant/subclass; surfaced only as generic APIError.err_code (nats/src/nats/js/errors.py:49)
orbit	jetstreamext.JSErrCodeFastBatchInvalidID	constant	implemented	missing	missing	see ErrFastBatchInvalidID: modern no constant; ErrorCode class (nats-jetstream/src/nats/jetstream/errors.py:7) lacks 10174-10211 batch codes; surfaced only as generic JetStreamError.error_code; legacy no constant/subclass; surfaced only as generic APIError.err_code (nats/src/nats/js/errors.py:49)
orbit	jetstreamext.JSErrCodeFastBatchInvalidPattern	constant	implemented	missing	missing	see ErrFastBatchInvalidPattern: modern no constant; ErrorCode class (nats-jetstream/src/nats/jetstream/errors.py:7) lacks 10174-10211 batch codes; surfaced only as generic JetStreamError.error_code; legacy no constant/subclass; surfaced only as generic APIError.err_code (nats/src/nats/js/errors.py:49)
orbit	jetstreamext.JSErrCodeFastBatchNotEnabled	constant	implemented	missing	missing	see ErrFastBatchNotEnabled: modern no constant; ErrorCode class (nats-jetstream/src/nats/jetstream/errors.py:7) lacks 10174-10211 batch codes; surfaced only as generic JetStreamError.error_code; legacy no constant/subclass; surfaced only as generic APIError.err_code (nats/src/nats/js/errors.py:49)
orbit	jetstreamext.JSErrCodeFastBatchUnknownID	constant	implemented	missing	missing	see ErrFastBatchUnknownID: modern no constant; ErrorCode class (nats-jetstream/src/nats/jetstream/errors.py:7) lacks 10174-10211 batch codes; surfaced only as generic JetStreamError.error_code; legacy no constant/subclass; surfaced only as generic APIError.err_code (nats/src/nats/js/errors.py:49)
orbit	jetstreamext.NewBatchPublisher	function	implemented	missing	missing	see BatchPublisher
orbit	jetstreamext.NewFastPublisher	function	implemented	missing	missing	see FastPublisher
orbit	jetstreamext.PublishMsgBatch	function	implemented	missing	missing	no one-shot batch publish helper; no BatchPublisher/publish_msg_batch helper; atomic batches only by hand-setting Nats-Batch-* headers on core publish/request + js.publish for the commit (examples/docs/learn_jetstream_advanced_publishing_atomic.py, nats-jetstream/tests/test_stream.py:878-910)
orbit	jetstreamext.PublishMsgBatchOpt	type	planned	n/a	n/a	Go functional-option type
orbit	jetstreamext.WithBatchExpectLastSequence	constructor	implemented	missing	missing	no batch msg option; header usable manually (legacy Header.EXPECTED_LAST_SEQUENCE nats/src/nats/js/api.py:32; modern has no constant)
orbit	jetstreamext.WithBatchExpectLastSequenceForSubject	constructor	implemented	missing	missing	no option; neither client defines Nats-Expected-Last-Subject-Sequence-Subject constant
orbit	jetstreamext.WithBatchExpectLastSequencePerSubject	constructor	implemented	missing	missing	no option; legacy Header.EXPECTED_LAST_SUBJECT_SEQUENCE nats/src/nats/js/api.py:33 for manual use
orbit	jetstreamext.WithBatchExpectStream	constructor	implemented	missing	missing	no batch option; js.publish(stream=) sets Nats-Expected-Stream only for single publish (legacy nats/src/nats/js/client.py:199-201)
orbit	jetstreamext.WithBatchMsgTTL	constructor	implemented	missing	missing	no batch option; legacy js.publish(msg_ttl=) nats/src/nats/js/client.py:202-205 / Header.MSG_TTL nats/src/nats/js/api.py:41 for single publish; modern publish has no TTL param
orbit	jetstreamext.WithFastPublisherContinueOnGap	constructor	implemented	missing	missing	see FastPublisher
orbit	jetstreamext.WithFastPublisherErrorHandler	constructor	implemented	missing	missing	see FastPublisher
kv+objectstore	jetstream.MarkerReasonHeader	constant	implemented	present	present	modern MARKER_REASON nats-key-value/src/nats/key_value/__init__.py:41; legacy KV_MARKER_REASON nats/src/nats/js/kv.py:36
kv+objectstore	jetstream.ErrLimitMarkerTTLNotSupported	error	implemented	missing	present	legacy KeyValueLimitMarkerTTLNotSupportedError nats/src/nats/js/errors.py:351 (server-version check client.py:1581); modern has no version gate
kv+objectstore	jetstream.ErrTTLOnDeleteNotSupported	error	implemented	n/a	n/a	delete() takes no TTL argument in either client (modern key_value/__init__.py:531, legacy kv.py:314), so the misuse cannot be expressed
kv+objectstore	jetstream.ErrNameRequired	error	implemented	missing	missing	no object store in modern; legacy object store raises generic errors for an empty object name
kv+objectstore	jetstream.ErrNoLinkToLink	error	implemented	missing	missing	neither client can create object links (no add_link)
